
=== lint ===
No syntax errors detected in ./node_modules/flatted/php/flatted.php
No syntax errors detected in ./tests/bootstrap.php
No syntax errors detected in ./tests/Integration/CashflowSeedDataIntegrationTest.php
No syntax errors detected in ./tests/Integration/CalendarViewTest.php
No syntax errors detected in ./tests/Integration/WaterschappenBbv01ConfigSchemasSeedIntegrationTest.php
No syntax errors detected in ./tests/Integration/Ifrs15RevenueIntegrationTest.php
No syntax errors detected in ./tests/Integration/ComplianceAggregationTest.php
No syntax errors detected in ./tests/Integration/PurchaseOrder3WayManifestIntegrationTest.php
No syntax errors detected in ./tests/Integration/ExceptionResolutionIntegrationTest.php
No syntax errors detected in ./tests/Integration/MultiPoConsolidationIntegrationTest.php
No syntax errors detected in ./tests/Integration/PurchaseOrder3WaySchemasIntegrationTest.php
No syntax errors detected in ./tests/Integration/SalesOrderSeedDataIntegrationTest.php
No syntax errors detected in ./tests/Integration/ThreeWayMatchingIntegrationTest.php
No syntax errors detected in ./tests/Integration/ModelOrReferencesPilotSeedIntegrationTest.php
No syntax errors detected in ./tests/Integration/Pipelinq/PipelinqMockServer.php
No syntax errors detected in ./tests/Integration/WaterschappenBbv09FiscalAuditIntegrationTest.php
No syntax errors detected in ./tests/Integration/SupplierInvoicePeppolIngestionIntegrationTest.php
No syntax errors detected in ./tests/Integration/BookingFormTest.php
No syntax errors detected in ./tests/bootstrap-stubs.php
No syntax errors detected in ./tests/unit/Controller/SettingsControllerTest.php
No syntax errors detected in ./tests/stubs/OpenRegister/BackgroundJob/ActorForwardedJob.php
No syntax errors detected in ./tests/stubs/OpenRegister/Contract/ObjectServiceInterface.php
No syntax errors detected in ./tests/stubs/OpenRegister/Contract/ObjectEntityInterface.php
No syntax errors detected in ./tests/stubs/OpenRegister/Event/ObjectCreatingEvent.php
No syntax errors detected in ./tests/stubs/OpenRegister/Event/ObjectUpdatingEvent.php
No syntax errors detected in ./tests/stubs/OpenRegister/Event/RegisterLeafProvidersEvent.php
No syntax errors detected in ./tests/stubs/OpenRegister/Event/ObjectTransitionedEvent.php
No syntax errors detected in ./tests/stubs/OpenRegister/Event/DeepLinkRegistrationEvent.php
No syntax errors detected in ./tests/stubs/OpenRegister/Event/ObjectCreatedEvent.php
No syntax errors detected in ./tests/stubs/OpenRegister/Event/ObjectUpdatedEvent.php
No syntax errors detected in ./tests/stubs/OpenRegister/Lifecycle/LifecycleGuardInterface.php
No syntax errors detected in ./tests/stubs/OpenRegister/Lifecycle/GuardResult.php
No syntax errors detected in ./tests/stubs/OpenRegister/Lifecycle/LifecycleActionInterface.php
No syntax errors detected in ./tests/stubs/OpenRegister/Service/Integration/IntegrationProvider.php
No syntax errors detected in ./tests/stubs/OpenRegister/Service/Integration/LeafDescriptor.php
No syntax errors detected in ./tests/stubs/OpenRegister/Service/Aggregation/AggregationQuery.php
No syntax errors detected in ./tests/stubs/OpenRegister/Service/Deferral/ListenerDeferralService.php
No syntax errors detected in ./tests/stubs/OpenRegister/Service/Deferral/DeferredListenerContext.php
No syntax errors detected in ./tests/stubs/OpenRegister/Service/OrganisationService.php
No syntax errors detected in ./tests/stubs/OpenRegister/Service/Notification/RecipientResolverInterface.php
No syntax errors detected in ./tests/stubs/OpenRegister/AppHost/IMetricsProvider.php
No syntax errors detected in ./tests/stubs/OpenRegister/AppHost/Observability/MetricSample.php
No syntax errors detected in ./tests/stubs/OpenRegister/Db/ObjectEntity.php
No syntax errors detected in ./tests/stubs/Integriq/Event/ConnectionStatusReportedEvent.php
No syntax errors detected in ./tests/bootstrap-unit.php
No syntax errors detected in ./tests/bootstrap-standalone.php
No syntax errors detected in ./tests/Unit/BackgroundJob/MandateDormancyExpiryJobTest.php
No syntax errors detected in ./tests/Unit/BackgroundJob/ConnectionReportJobTest.php
No syntax errors detected in ./tests/Unit/BackgroundJob/CrisisModeRefreshJobTest.php
No syntax errors detected in ./tests/Unit/BackgroundJob/LotExpiryAlertJobTest.php
No syntax errors detected in ./tests/Unit/BackgroundJob/BankfeedReconciliationJobTest.php
No syntax errors detected in ./tests/Unit/BackgroundJob/SoftCloseJobTest.php
No syntax errors detected in ./tests/Unit/BackgroundJob/TenderNedAwardPromotionJobTest.php
No syntax errors detected in ./tests/Unit/BackgroundJob/DeadlineReminderJobTest.php
No syntax errors detected in ./tests/Unit/BackgroundJob/FxRateImportJobTest.php
No syntax errors detected in ./tests/Unit/BackgroundJob/PipelinqTimelineRetryJobTest.php
No syntax errors detected in ./tests/Unit/BackgroundJob/CalibrationBatchJobTest.php
No syntax errors detected in ./tests/Unit/BackgroundJob/HorizonRollingJobTest.php
No syntax errors detected in ./tests/Unit/BackgroundJob/BookingReminderJobTest.php
No syntax errors detected in ./tests/Unit/BackgroundJob/DocumentArchiveCronTest.php
No syntax errors detected in ./tests/Unit/BackgroundJob/ViesOutageRetryJobTest.php
No syntax errors detected in ./tests/Unit/BackgroundJob/EmuQuarterlyDraftJobTest.php
No syntax errors detected in ./tests/Unit/BackgroundJob/VendorPerformanceAggregationJobTest.php
No syntax errors detected in ./tests/Unit/BackgroundJob/CancelUnconfirmedAppointmentsTest.php
No syntax errors detected in ./tests/Unit/BackgroundJob/AdministrationBackupSchedulerJobTest.php
No syntax errors detected in ./tests/Unit/Controller/CBSSubmissionControllerTest.php
No syntax errors detected in ./tests/Unit/Controller/InventoryMobileScannerControllerTest.php
No syntax errors detected in ./tests/Unit/Controller/ProductCatalogControllerTest.php
No syntax errors detected in ./tests/Unit/Controller/AdministrationControllerTest.php
No syntax errors detected in ./tests/Unit/Controller/AccountantPortalControllerTest.php
No syntax errors detected in ./tests/Unit/Controller/WbsoAdministratieControllerTest.php
No syntax errors detected in ./tests/Unit/Controller/WidgetApiControllerTest.php
No syntax errors detected in ./tests/Unit/Controller/OssControllerTest.php
No syntax errors detected in ./tests/Unit/Controller/PurchaseOrderControllerTest.php
No syntax errors detected in ./tests/Unit/Controller/DBAControllerTest.php
No syntax errors detected in ./tests/Unit/Controller/BillingIntakeControllerTest.php
No syntax errors detected in ./tests/Unit/Controller/RecognitionControllerTest.php
No syntax errors detected in ./tests/Unit/Controller/BankRuleControllerTest.php
No syntax errors detected in ./tests/Unit/Controller/InvoiceApiControllerTest.php
No syntax errors detected in ./tests/Unit/Controller/KorControllerTest.php
No syntax errors detected in ./tests/Unit/Controller/VATDeclarationControllerTest.php
No syntax errors detected in ./tests/Unit/Controller/PortalContributionDeclineControllerTest.php
No syntax errors detected in ./tests/Unit/Controller/DeadlineCalendarSettingsControllerTest.php
No syntax errors detected in ./tests/Unit/Controller/SettingsControllerWriteTest.php
No syntax errors detected in ./tests/Unit/Controller/CashflowExportControllerTest.php
No syntax errors detected in ./tests/Unit/Controller/InventoryScanControllerTest.php
No syntax errors detected in ./tests/Unit/Controller/LeaseDisclosureContractTest.php
No syntax errors detected in ./tests/Unit/Controller/IcpControllerTest.php
No syntax errors detected in ./tests/Unit/Controller/ARInvoiceEInvoiceControllerTest.php
No syntax errors detected in ./tests/Unit/Controller/BadoControleprotocolControllerTest.php
No syntax errors detected in ./tests/Unit/Controller/BBVDashboardControllerTest.php
No syntax errors detected in ./tests/Unit/Controller/BookingDepthControllerTest.php
No syntax errors detected in ./tests/Unit/Controller/SubjectCostControllerTest.php
No syntax errors detected in ./tests/Unit/Controller/TaxPaymentControllerTest.php
No syntax errors detected in ./tests/Unit/Controller/StockLedgerControllerTest.php
No syntax errors detected in ./tests/Unit/Controller/BudgetGridControllerTest.php
No syntax errors detected in ./tests/Unit/Controller/ReportingControllerTest.php
No syntax errors detected in ./tests/Unit/Controller/BcfClaimControllerTest.php
No syntax errors detected in ./tests/Unit/Controller/PeriodCloseControllerTest.php
No syntax errors detected in ./tests/Unit/Controller/GoodsReceiptNoteControllerTest.php
No syntax errors detected in ./tests/Unit/Controller/PrefsControllerTest.php
No syntax errors detected in ./tests/Unit/Controller/ApiFallbackControllerTest.php
No syntax errors detected in ./tests/Unit/Controller/PaymentRequestActionControllerTest.php
No syntax errors detected in ./tests/Unit/Controller/InventoryValuationReportControllerTest.php
No syntax errors detected in ./tests/Unit/Controller/TrialBalanceControllerTest.php
No syntax errors detected in ./tests/Unit/Controller/ExtractionRequestControllerTest.php
No syntax errors detected in ./tests/Unit/Controller/VATReturnControllerTest.php
No syntax errors detected in ./tests/Unit/Controller/ProgrammabegrotingControllerTest.php
No syntax errors detected in ./tests/Unit/Controller/DunningControllerTest.php
No syntax errors detected in ./tests/Unit/Controller/PaymentRunControllerTest.php
No syntax errors detected in ./tests/Unit/Controller/ServiceReceiptControllerTest.php
No syntax errors detected in ./tests/Unit/Controller/WbsoTransactionApiControllerTest.php
No syntax errors detected in ./tests/Unit/Controller/PurchaseOrderApprovalControllerTest.php
No syntax errors detected in ./tests/Unit/Controller/BudgetScenarioControllerTest.php
No syntax errors detected in ./tests/Unit/Controller/PayrollWebhookControllerTest.php
No syntax errors detected in ./tests/Unit/Controller/WbsoAccountApiControllerTest.php
No syntax errors detected in ./tests/Unit/Controller/AansluitingControllerTest.php
No syntax errors detected in ./tests/Unit/Controller/NotificationControllerTest.php
No syntax errors detected in ./tests/Unit/Controller/FinancialDashboardControllerTest.php
No syntax errors detected in ./tests/Unit/Controller/PortalPaymentInitiationControllerTest.php
No syntax errors detected in ./tests/Unit/Controller/InventoryAdjustmentControllerTest.php
No syntax errors detected in ./tests/Unit/Controller/RequisitionControllerTest.php
No syntax errors detected in ./tests/Unit/Controller/WbsoDocumentApiControllerTest.php
No syntax errors detected in ./tests/Unit/Controller/WidgetSettingsControllerTest.php
No syntax errors detected in ./tests/Unit/Controller/VATLineControllerTest.php
No syntax errors detected in ./tests/Unit/Controller/BudgetBBVMappingControllerTest.php
No syntax errors detected in ./tests/Unit/Controller/ThreeWayMatchExceptionControllerTest.php
No syntax errors detected in ./tests/Unit/Controller/BarcodeLookupControllerTest.php
No syntax errors detected in ./tests/Unit/Controller/TimelineDeadLetterControllerTest.php
No syntax errors detected in ./tests/Unit/Controller/RevenueControllerTest.php
No syntax errors detected in ./tests/Unit/Controller/CalendarControllerTest.php
No syntax errors detected in ./tests/Unit/Controller/BookingDetailControllerTest.php
No syntax errors detected in ./tests/Unit/Controller/ThreeWayMatchAuditControllerTest.php
No syntax errors detected in ./tests/Unit/Controller/LeaseReassessmentControllerTest.php
No syntax errors detected in ./tests/Unit/Controller/SepaAuditControllerTest.php
No syntax errors detected in ./tests/Unit/Controller/ReconciliationResolutionControllerTest.php
No syntax errors detected in ./tests/Unit/Controller/PipelinqSettingsControllerTest.php
No syntax errors detected in ./tests/Unit/Controller/BankStatementImportControllerTest.php
No syntax errors detected in ./tests/Unit/Controller/SupplierInvoiceImportControllerTest.php
No syntax errors detected in ./tests/Unit/Controller/BbvProgrammeBudgetControllerTest.php
No syntax errors detected in ./tests/Unit/Controller/SoftCloseControllerTest.php
No syntax errors detected in ./tests/Unit/Controller/ContributionControllerTest.php
No syntax errors detected in ./tests/Unit/Controller/SetupControllerTest.php
No syntax errors detected in ./tests/Unit/Controller/MultiPoConsolidationControllerTest.php
No syntax errors detected in ./tests/Unit/Controller/PayrollControllerTest.php
No syntax errors detected in ./tests/Unit/Controller/DepositWebhookControllerTest.php
No syntax errors detected in ./tests/Unit/Controller/ThreeWayMatchControllerTest.php
No syntax errors detected in ./tests/Unit/Controller/InnovatieboxControllerTest.php
No syntax errors detected in ./tests/Unit/Controller/SpendAnalyticsControllerTest.php
No syntax errors detected in ./tests/Unit/Controller/ComplianceExportControllerTest.php
No syntax errors detected in ./tests/Unit/Controller/ConfirmationApiControllerTest.php
No syntax errors detected in ./tests/Unit/Controller/TaxReportControllerTest.php
No syntax errors detected in ./tests/Unit/Controller/GRIRReconciliationControllerTest.php
No syntax errors detected in ./tests/Unit/Controller/PaymentRequestWebhookControllerTest.php
No syntax errors detected in ./tests/Unit/Controller/BookingNotificationControllerTest.php
No syntax errors detected in ./tests/Unit/Controller/AdministrationExportControllerTest.php
No syntax errors detected in ./tests/Unit/Repair/InitializeSettingsTest.php
No syntax errors detected in ./tests/Unit/Repair/RenameDutchValuesTest.php
No syntax errors detected in ./tests/Unit/Repair/FoldIntoOrderTest.php
No syntax errors detected in ./tests/Unit/Repair/BackfillFiscalPeriodsTest.php
No syntax errors detected in ./tests/Unit/Repair/BackfillPaymentRequestCustomerTest.php
No syntax errors detected in ./tests/Unit/Repair/RenameMandateCommitmentKindsTest.php
No syntax errors detected in ./tests/Unit/Repair/BackfillArInvoiceProvenanceTest.php
No syntax errors detected in ./tests/Unit/Repair/RenameCollidingSchemaSlugsTest.php
No syntax errors detected in ./tests/Unit/Repair/BackfillGlLineAdministrationTest.php
No syntax errors detected in ./tests/Unit/Repair/RematerialiseConvertedCalculationsTest.php
No syntax errors detected in ./tests/Unit/Repair/DelegateSigningMigrationRepairTest.php
No syntax errors detected in ./tests/Unit/Repair/RetireSubsidieSchemaTest.php
No syntax errors detected in ./tests/Unit/Repair/RetireCostProjectStepTest.php
No syntax errors detected in ./tests/Unit/Repair/PeriodCloseBackfillTest.php
No syntax errors detected in ./tests/Unit/Repair/RenameCommitmentSchemasTest.php
No syntax errors detected in ./tests/Unit/Integration/CustomerBridgeIntegrationTest.php
No syntax errors detected in ./tests/Unit/Integration/TenderNedStatusSyncTest.php
No syntax errors detected in ./tests/Unit/Integration/PipelinqMockServerTest.php
No syntax errors detected in ./tests/Unit/Integration/PaymentRequestLeafProviderTest.php
No syntax errors detected in ./tests/Unit/Integration/CustomerBridgeLifecycleEventsTest.php
No syntax errors detected in ./tests/Unit/Integration/WaterschappenBbv03ValidationRulesIntegrationTest.php
No syntax errors detected in ./tests/Unit/Integration/WaterschappenBbvAggregationIntegrationTest.php
No syntax errors detected in ./tests/Unit/Integration/ContractLeafProviderTest.php
No syntax errors detected in ./tests/Unit/PaymentRun/PaymentRunCsvGeneratorTest.php
No syntax errors detected in ./tests/Unit/PaymentRun/PaymentRunExportServiceTest.php
No syntax errors detected in ./tests/Unit/PaymentRun/PaymentRunReconciliationServiceTest.php
No syntax errors detected in ./tests/Unit/PaymentRun/SepaPain001GeneratorTest.php
No syntax errors detected in ./tests/Unit/Reporting/ReportGenerationServiceTest.php
No syntax errors detected in ./tests/Unit/Reporting/AbstractDocumentReportGeneratorTest.php
No syntax errors detected in ./tests/Unit/Reporting/XafAuditfileGeneratorTest.php
No syntax errors detected in ./tests/Unit/Consolidation/ConsolidationGuardTest.php
No syntax errors detected in ./tests/Unit/ShillinqTest.php
No syntax errors detected in ./tests/Unit/AppInfo/IntegriqCloudEventRegistrationTest.php
No syntax errors detected in ./tests/Unit/AppInfo/SigningDelegationRegistrationTest.php
No syntax errors detected in ./tests/Unit/AppInfo/ContainerResolvableConstructorsTest.php
No syntax errors detected in ./tests/Unit/AppInfo/BackgroundJobRegistrationContractTest.php
No syntax errors detected in ./tests/Unit/AppInfo/CanonicalRouteMethodContractTest.php
No syntax errors detected in ./tests/Unit/AppInfo/CompositionRootArgumentsTest.php
No syntax errors detected in ./tests/Unit/AppInfo/OrderFulfilmentGateRegistrationTest.php
No syntax errors detected in ./tests/Unit/AppInfo/ApiFallbackRouteOrderTest.php
No syntax errors detected in ./tests/Unit/Lifecycle/PensionIas19GuardTest.php
No syntax errors detected in ./tests/Unit/Lifecycle/APGuardTest.php
No syntax errors detected in ./tests/Unit/Lifecycle/BookingCancellationGuardTest.php
No syntax errors detected in ./tests/Unit/Lifecycle/EuExpenditureGuardTest.php
No syntax errors detected in ./tests/Unit/Lifecycle/GuardObjectServiceStub.php
No syntax errors detected in ./tests/Unit/Lifecycle/BcfClaimGuardTest.php
No syntax errors detected in ./tests/Unit/Lifecycle/FrameworkAgreementDrawdownGuardTest.php
No syntax errors detected in ./tests/Unit/Lifecycle/PaymentRunDuplicateGuardTest.php
No syntax errors detected in ./tests/Unit/Lifecycle/StockReservationGuardInventoryStockTest.php
No syntax errors detected in ./tests/Unit/Lifecycle/DesinvesteringsbijtellingGuardTest.php
No syntax errors detected in ./tests/Unit/Lifecycle/VarianceGateTest.php
No syntax errors detected in ./tests/Unit/Lifecycle/BudgetOverrunGuardTest.php
No syntax errors detected in ./tests/Unit/Lifecycle/RequisitionConversionGuardTest.php
No syntax errors detected in ./tests/Unit/Lifecycle/WriteOffReasonGuardTest.php
No syntax errors detected in ./tests/Unit/Lifecycle/JournalEntryGuardTest.php
No syntax errors detected in ./tests/Unit/Lifecycle/MandateEnforcerTest.php
No syntax errors detected in ./tests/Unit/Lifecycle/LotSellabilityGuardTest.php
No syntax errors detected in ./tests/Unit/Lifecycle/EliminationBalanceGuardTest.php
No syntax errors detected in ./tests/Unit/Lifecycle/InventoryPostingGuardTest.php
No syntax errors detected in ./tests/Unit/Lifecycle/AuditorStatementGuardTest.php
No syntax errors detected in ./tests/Unit/Lifecycle/LotTrackingReceiptGuardTest.php
No syntax errors detected in ./tests/Unit/Lifecycle/MandateGuardTest.php
No syntax errors detected in ./tests/Unit/Lifecycle/RepostingEligibilityGuardTest.php
No syntax errors detected in ./tests/Unit/Lifecycle/PeriodStatusGuardTest.php
No syntax errors detected in ./tests/Unit/Lifecycle/TenderNedProcurementGuardTest.php
No syntax errors detected in ./tests/Unit/Lifecycle/PeriodCloseGuardSuspenseTest.php
No syntax errors detected in ./tests/Unit/Lifecycle/EliminationGuardTest.php
No syntax errors detected in ./tests/Unit/Lifecycle/BudgetBlockerTest.php
No syntax errors detected in ./tests/Unit/Lifecycle/SupplierQualificationGuardTest.php
No syntax errors detected in ./tests/Unit/Lifecycle/VatPreconditionGuardTest.php
No syntax errors detected in ./tests/Unit/Lifecycle/PreNotificationGuardTest.php
No syntax errors detected in ./tests/Unit/Lifecycle/CcmFindingGuardTest.php
No syntax errors detected in ./tests/Unit/Lifecycle/InventoryValuationMethodGuardTest.php
No syntax errors detected in ./tests/Unit/Lifecycle/ENSIAValidationGuardTest.php
No syntax errors detected in ./tests/Unit/Lifecycle/DualGaapGuardTest.php
No syntax errors detected in ./tests/Unit/Lifecycle/ObjectionPeriodGuardTest.php
No syntax errors detected in ./tests/Unit/Lifecycle/PostingGuardsThroughAdapterTest.php
No syntax errors detected in ./tests/Unit/Lifecycle/WBSOExportValidationGuardTest.php
No syntax errors detected in ./tests/Unit/Lifecycle/IntercompanyToleranceGuardTest.php
No syntax errors detected in ./tests/Unit/Lifecycle/RegisterRequiresGuardAdapterTest.php
No syntax errors detected in ./tests/Unit/Lifecycle/IcpFinalizeGuardTest.php
No syntax errors detected in ./tests/Unit/Lifecycle/AansluitingResolutionGuardTest.php
No syntax errors detected in ./tests/Unit/Lifecycle/PeriodCloseGuardTest.php
No syntax errors detected in ./tests/Unit/Lifecycle/ProgrammabegrotingGuardTest.php
No syntax errors detected in ./tests/Unit/Lifecycle/OpenBalanceGuardTest.php
No syntax errors detected in ./tests/Unit/Lifecycle/ComplianceValidatorTest.php
No syntax errors detected in ./tests/Unit/Lifecycle/AnnualReportGuardTest.php
No syntax errors detected in ./tests/Unit/Lifecycle/VpbBerekeningGuardTest.php
No syntax errors detected in ./tests/Unit/Lifecycle/RechtmatigheidWorkflowTest.php
No syntax errors detected in ./tests/Unit/Lifecycle/WbsoMededelingGuardTest.php
No syntax errors detected in ./tests/Unit/Lifecycle/BegrotingswijzigingGuardTest.php
No syntax errors detected in ./tests/Unit/Lifecycle/CommitmentGuardTest.php
No syntax errors detected in ./tests/Unit/Lifecycle/ContractLifecycleGuardTest.php
No syntax errors detected in ./tests/Unit/Lifecycle/QuoteOrderInvoiceGuardTest.php
No syntax errors detected in ./tests/Unit/Lifecycle/CbcrPillar2GuardTest.php
No syntax errors detected in ./tests/Unit/Lifecycle/SubmissionWindowGuardTest.php
No syntax errors detected in ./tests/Unit/Lifecycle/OrderFulfilmentGuardTest.php
No syntax errors detected in ./tests/Unit/Lifecycle/DBAComplianceGuardTest.php
No syntax errors detected in ./tests/Unit/Lifecycle/ThreeWayMatchGuardTest.php
No syntax errors detected in ./tests/Unit/Lifecycle/FourEyesPaymentRunGuardTest.php
No syntax errors detected in ./tests/Unit/Lifecycle/VpbAangifteGuardTest.php
No syntax errors detected in ./tests/Unit/Lifecycle/FidoTreasuryGuardTest.php
No syntax errors detected in ./tests/Unit/Lifecycle/RetainerGuardTest.php
No syntax errors detected in ./tests/Unit/Lifecycle/PostingPathDeclarationsTest.php
No syntax errors detected in ./tests/Unit/Lifecycle/QuoteOrderInvoiceGuardStockTest.php
No syntax errors detected in ./tests/Unit/Lifecycle/IntercompanyTransactionGuardTest.php
No syntax errors detected in ./tests/Unit/Lifecycle/PeriodCloseGuardTrialBalanceTest.php
No syntax errors detected in ./tests/Unit/Lifecycle/EuFondsenGuardsTest.php
No syntax errors detected in ./tests/Unit/Lifecycle/PayrollGuardTest.php
No syntax errors detected in ./tests/Unit/Lifecycle/CsrdEsrsGuardTest.php
No syntax errors detected in ./tests/Unit/Lifecycle/RechtmatigheidGuardTest.php
No syntax errors detected in ./tests/Unit/Lifecycle/GLReversalGuardTest.php
No syntax errors detected in ./tests/Unit/Lifecycle/AnnualBudgetDefaultGuardTest.php
No syntax errors detected in ./tests/Unit/Lifecycle/SettlementGuardTest.php
No syntax errors detected in ./tests/Unit/Lifecycle/InvoiceFromBookingGuardTest.php
No syntax errors detected in ./tests/Unit/Lifecycle/VoluntaryDeclineGuardTest.php
No syntax errors detected in ./tests/Unit/Lifecycle/DunningGuardTest.php
No syntax errors detected in ./tests/Unit/Lifecycle/StatementParserTest.php
No syntax errors detected in ./tests/Unit/Lifecycle/CommitmentWorkflowTest.php
No syntax errors detected in ./tests/Unit/Lifecycle/SequenceTypeGuardTest.php
No syntax errors detected in ./tests/Unit/Lifecycle/InvoiceGuardTest.php
No syntax errors detected in ./tests/Unit/Lifecycle/ConsolidationGuardTest.php
No syntax errors detected in ./tests/Unit/Lifecycle/BalanceGuardTest.php
No syntax errors detected in ./tests/Unit/Lifecycle/ExpenseClaimGuardTest.php
No syntax errors detected in ./tests/Unit/Lifecycle/SubsidieVerantwoordingGuardTest.php
No syntax errors detected in ./tests/Unit/Lifecycle/LeaseContractGuardTest.php
No syntax errors detected in ./tests/Unit/Lifecycle/FiscalYearGuardTest.php
No syntax errors detected in ./tests/Unit/Lifecycle/Action/MaterialiseGlTransactionActionTest.php
No syntax errors detected in ./tests/Unit/Lifecycle/Action/EvaluateAllocationRulesActionTest.php
No syntax errors detected in ./tests/Unit/Lifecycle/Action/InMemoryObjectStore.php
No syntax errors detected in ./tests/Unit/Lifecycle/Action/AppendReopenHistoryActionTest.php
No syntax errors detected in ./tests/Unit/Lifecycle/ProvisionGuardTest.php
No syntax errors detected in ./tests/Unit/Lifecycle/StatementParserXxeTest.php
No syntax errors detected in ./tests/Unit/Sort/FefoSortTest.php
No syntax errors detected in ./tests/Unit/Util/TokenValidatorTest.php
No syntax errors detected in ./tests/Unit/Service/PurchaseOrderGovernanceGuardTest.php
No syntax errors detected in ./tests/Unit/Service/LandedCostAllocationServiceTest.php
No syntax errors detected in ./tests/Unit/Service/ProgrammabegrotingExporterTest.php
No syntax errors detected in ./tests/Unit/Service/LeaseTransitionWizardTest.php
No syntax errors detected in ./tests/Unit/Service/BookkeepingOperationsFragmentTest.php
No syntax errors detected in ./tests/Unit/Service/PayrollWkrHandoffServiceTest.php
No syntax errors detected in ./tests/Unit/Service/CarryForwardLossServiceTest.php
No syntax errors detected in ./tests/Unit/Service/StatementManifestServiceTest.php
No syntax errors detected in ./tests/Unit/Service/ProgrammabegrotingFragmentTest.php
No syntax errors detected in ./tests/Unit/Service/BookingNotificationTriggersFragmentTest.php
No syntax errors detected in ./tests/Unit/Service/AdministrationImportFragmentTest.php
No syntax errors detected in ./tests/Unit/Service/EmuReportingFragmentTest.php
No syntax errors detected in ./tests/Unit/Service/MigratedNotificationDialectFragmentTest.php
No syntax errors detected in ./tests/Unit/Service/BookingEmailTemplatesFragmentTest.php
No syntax errors detected in ./tests/Unit/Service/Signing/SigningDelegationServiceTest.php
No syntax errors detected in ./tests/Unit/Service/Signing/NoLocalSigningEngineGuardTest.php
No syntax errors detected in ./tests/Unit/Service/Signing/SignoffDecisionServiceTest.php
No syntax errors detected in ./tests/Unit/Service/VendorPerformanceAggregationIntegrationTest.php
No syntax errors detected in ./tests/Unit/Service/SkuGeneratorTest.php
No syntax errors detected in ./tests/Unit/Service/CogsPosterServiceTest.php
No syntax errors detected in ./tests/Unit/Service/TreasuryIhbFragmentTest.php
No syntax errors detected in ./tests/Unit/Service/BookingsConfirmFlowFragmentTest.php
No syntax errors detected in ./tests/Unit/Service/IntegralCostPriceLockServiceTest.php
No syntax errors detected in ./tests/Unit/Service/WbsoSnoAdministratieFragmentTest.php
No syntax errors detected in ./tests/Unit/Service/SepaAuditServiceTest.php
No syntax errors detected in ./tests/Unit/Service/BcfClaimFragmentTest.php
No syntax errors detected in ./tests/Unit/Service/BudgetVsActualsCalculatorTest.php
No syntax errors detected in ./tests/Unit/Service/WmoAuditLogServiceTest.php
No syntax errors detected in ./tests/Unit/Service/EinvoicingUblPeppolFragmentTest.php
No syntax errors detected in ./tests/Unit/Service/CcmRuleEngineTest.php
No syntax errors detected in ./tests/Unit/Service/UsageRatingCalculatorTest.php
No syntax errors detected in ./tests/Unit/Service/UrenNormDeterminationServiceTest.php
No syntax errors detected in ./tests/Unit/Service/ENSIABevindingGeneratorTest.php
No syntax errors detected in ./tests/Unit/Service/BIKStaffelCalculatorTest.php
No syntax errors detected in ./tests/Unit/Service/SchoolContributionsFragmentTest.php
No syntax errors detected in ./tests/Unit/Service/SuspenseAgeingServiceTest.php
No syntax errors detected in ./tests/Unit/Service/RevenueCutoffServiceTest.php
No syntax errors detected in ./tests/Unit/Service/WbsoDocumentServiceTest.php
No syntax errors detected in ./tests/Unit/Service/WidgetServiceTest.php
No syntax errors detected in ./tests/Unit/Service/PayrollFragmentTest.php
No syntax errors detected in ./tests/Unit/Service/SalesDispatchStockIssueServiceTest.php
No syntax errors detected in ./tests/Unit/Service/ExceptionResolutionServiceTest.php
No syntax errors detected in ./tests/Unit/Service/Sms/SmsOptOutPolicyTest.php
No syntax errors detected in ./tests/Unit/Service/Sms/SmsReminderDispatcherTest.php
No syntax errors detected in ./tests/Unit/Service/Sms/SmsTemplateRendererTest.php
No syntax errors detected in ./tests/Unit/Service/Sms/SmsPhoneNumberNormalizerTest.php
No syntax errors detected in ./tests/Unit/Service/Sms/LogSmsProviderAdapterTest.php
No syntax errors detected in ./tests/Unit/Service/AansluitingCalculatorTest.php
No syntax errors detected in ./tests/Unit/Service/ContributionRaiseServiceTest.php
No syntax errors detected in ./tests/Unit/Service/LeaseDecideskWebhookServiceTest.php
No syntax errors detected in ./tests/Unit/Service/BookingsCreateAppointmentFragmentTest.php
No syntax errors detected in ./tests/Unit/Service/InventoryMobileScannerServiceTest.php
No syntax errors detected in ./tests/Unit/Service/ComplianceServiceTest.php
No syntax errors detected in ./tests/Unit/Service/PurchaseOrderIntegrationTest.php
No syntax errors detected in ./tests/Unit/Service/LeaseReassessmentServiceTest.php
No syntax errors detected in ./tests/Unit/Service/IntercompanyMatchingServiceTest.php
No syntax errors detected in ./tests/Unit/Service/InvoicePdfGeneratorTest.php
No syntax errors detected in ./tests/Unit/Service/HrmqCostRateAdapterTest.php
No syntax errors detected in ./tests/Unit/Service/DisposalJournalEmitterTest.php
No syntax errors detected in ./tests/Unit/Service/CashflowPdfRendererTest.php
No syntax errors detected in ./tests/Unit/Service/BadoControleprotocolCalculatorTest.php
No syntax errors detected in ./tests/Unit/Service/GRIRClearingServiceTest.php
No syntax errors detected in ./tests/Unit/Service/IbAangifteZzpFragmentTest.php
No syntax errors detected in ./tests/Unit/Service/NrvWriteDownServiceTest.php
No syntax errors detected in ./tests/Unit/Service/AuditTrailIntegrationTest.php
No syntax errors detected in ./tests/Unit/Service/SubsidieVerantwoordingFragmentTest.php
No syntax errors detected in ./tests/Unit/Service/CbcrPillar2FragmentTest.php
No syntax errors detected in ./tests/Unit/Service/KapitaallastenCalculatorTest.php
No syntax errors detected in ./tests/Unit/Service/LeasePaymentScheduleServiceTest.php
No syntax errors detected in ./tests/Unit/Service/WbsoAccountServiceTest.php
No syntax errors detected in ./tests/Unit/Service/ApprovalActivityEmitterTest.php
No syntax errors detected in ./tests/Unit/Service/OssInvoiceRouterTest.php
No syntax errors detected in ./tests/Unit/Service/MultiCurrencyFragmentTest.php
No syntax errors detected in ./tests/Unit/Service/TrialBalanceFragmentTest.php
No syntax errors detected in ./tests/Unit/Service/SoftCloseExecutorTest.php
No syntax errors detected in ./tests/Unit/Service/SupplierInvoiceServiceTest.php
No syntax errors detected in ./tests/Unit/Service/FiscalYearContextServiceTest.php
No syntax errors detected in ./tests/Unit/Service/PayrollChartOfAccountsMappingTest.php
No syntax errors detected in ./tests/Unit/Service/NoShowFeeCaptureServiceTest.php
No syntax errors detected in ./tests/Unit/Service/DepreciationCalculatorTest.php
No syntax errors detected in ./tests/Unit/Service/OssRateResolverTest.php
No syntax errors detected in ./tests/Unit/Service/TaxNotificationServiceTest.php
No syntax errors detected in ./tests/Unit/Service/AppointmentConfirmationServiceTest.php
No syntax errors detected in ./tests/Unit/Service/KorThresholdCalculatorTest.php
No syntax errors detected in ./tests/Unit/Service/StandardsPolicyServiceTest.php
No syntax errors detected in ./tests/Unit/Service/BankRuleSuggestionServiceTest.php
No syntax errors detected in ./tests/Unit/Service/ENSIAVerklaringGeneratorTest.php
No syntax errors detected in ./tests/Unit/Service/UrenAlertServiceTest.php
No syntax errors detected in ./tests/Unit/Service/InventoryMobileScannerFragmentTest.php
No syntax errors detected in ./tests/Unit/Service/CycleCountServiceTest.php
No syntax errors detected in ./tests/Unit/Service/LeaseRecognitionServiceTest.php
No syntax errors detected in ./tests/Unit/Service/OssReturnFormatterTest.php
No syntax errors detected in ./tests/Unit/Service/ConfirmationMailerTest.php
No syntax errors detected in ./tests/Unit/Service/Ifrs16LeaseFragmentTest.php
No syntax errors detected in ./tests/Unit/Service/WidgetAuthServiceTest.php
No syntax errors detected in ./tests/Unit/Service/CashflowForecastFragmentTest.php
No syntax errors detected in ./tests/Unit/Service/MultiAdministratieFragmentTest.php
No syntax errors detected in ./tests/Unit/Service/BadoControleprotocolEndToEndTest.php
No syntax errors detected in ./tests/Unit/Service/RevenueRecognitionCalculatorTest.php
No syntax errors detected in ./tests/Unit/Service/UrenTallyServiceTest.php
No syntax errors detected in ./tests/Unit/Service/BudgetImpactEmitterTest.php
No syntax errors detected in ./tests/Unit/Service/ObligationTaskBridgeTest.php
No syntax errors detected in ./tests/Unit/Service/MilestoneTemplateServiceTest.php
No syntax errors detected in ./tests/Unit/Service/GrotendeelsCriteriumServiceTest.php
No syntax errors detected in ./tests/Unit/Service/InnovatieboxIntegrationTest.php
No syntax errors detected in ./tests/Unit/Service/InventoryValuationReportServiceTest.php
No syntax errors detected in ./tests/Unit/Service/IcpCalculatorTest.php
No syntax errors detected in ./tests/Unit/Service/Commitment/CommitmentMaterialisationServiceTest.php
No syntax errors detected in ./tests/Unit/Service/TrialBalancePerformanceTest.php
No syntax errors detected in ./tests/Unit/Service/TaxReportCalculatorTest.php
No syntax errors detected in ./tests/Unit/Service/WmoComplianceCalculatorTest.php
No syntax errors detected in ./tests/Unit/Service/ProductCatalogServiceTest.php
No syntax errors detected in ./tests/Unit/Service/RecurringInvoiceGeneratorTest.php
No syntax errors detected in ./tests/Unit/Service/AdministrationArchivalServiceLookupTest.php
No syntax errors detected in ./tests/Unit/Service/MarketGovernmentSeparationFragmentTest.php
No syntax errors detected in ./tests/Unit/Service/DropApiVerificationServiceTest.php
No syntax errors detected in ./tests/Unit/Service/QualifyingAssetValidatorTest.php
No syntax errors detected in ./tests/Unit/Service/SettingsServiceFixedAssetLinkTest.php
No syntax errors detected in ./tests/Unit/Service/BookingsCancellationRulesFragmentTest.php
No syntax errors detected in ./tests/Unit/Service/SubsidieVerantwoordingServiceTest.php
No syntax errors detected in ./tests/Unit/Service/ObjectPaymentRequestValidatorTest.php
No syntax errors detected in ./tests/Unit/Service/Extraction/ExtractionPrefillServiceTest.php
No syntax errors detected in ./tests/Unit/Service/Extraction/GlAccountSuggestionClientTest.php
No syntax errors detected in ./tests/Unit/Service/Extraction/DocudeskExtractionClientTest.php
No syntax errors detected in ./tests/Unit/Service/Extraction/ChartOfAccountsCandidateServiceTest.php
No syntax errors detected in ./tests/Unit/Service/GoodsReceiptNoteServiceTest.php
No syntax errors detected in ./tests/Unit/Service/CreditControlDunningFragmentTest.php
No syntax errors detected in ./tests/Unit/Service/WbsoAdministratieServiceTest.php
No syntax errors detected in ./tests/Unit/Service/FinancialSeriesCalculatorTest.php
No syntax errors detected in ./tests/Unit/Service/InvoiceFromTimeExpenseFragmentTest.php
No syntax errors detected in ./tests/Unit/Service/PeriodCloseAssistantServiceTest.php
No syntax errors detected in ./tests/Unit/Service/RequisitionServiceTest.php
No syntax errors detected in ./tests/Unit/Service/ConnectionReportServiceTest.php
No syntax errors detected in ./tests/Unit/Service/InventoryScanServiceTest.php
No syntax errors detected in ./tests/Unit/Service/Dunning/EvidenceRetentionEnforcerTest.php
No syntax errors detected in ./tests/Unit/Service/Dunning/DunningLetterComposerTest.php
No syntax errors detected in ./tests/Unit/Service/Dunning/VoluntaryReminderTemplateTest.php
No syntax errors detected in ./tests/Unit/Service/Dunning/DunningTemplateRegistryTest.php
No syntax errors detected in ./tests/Unit/Service/Dunning/CreditScoreServiceTest.php
No syntax errors detected in ./tests/Unit/Service/Dunning/VoluntaryContributionPolicyTest.php
No syntax errors detected in ./tests/Unit/Service/CsrdEsrsFragmentTest.php
No syntax errors detected in ./tests/Unit/Service/BadoSisaBijlageIIATest.php
No syntax errors detected in ./tests/Unit/Service/TrialBalanceTenancyIsolationTest.php
No syntax errors detected in ./tests/Unit/Service/ServiceReceiptServiceTest.php
No syntax errors detected in ./tests/Unit/Service/BadoControleprotocolFragmentTest.php
No syntax errors detected in ./tests/Unit/Service/InventoryGlAdjustmentPosterTest.php
No syntax errors detected in ./tests/Unit/Service/Import/AuditfileParserTest.php
No syntax errors detected in ./tests/Unit/Service/Import/ImportProfileTest.php
No syntax errors detected in ./tests/Unit/Service/Import/ImportPipelineServiceTest.php
No syntax errors detected in ./tests/Unit/Service/CommercialActivityReviewServiceTest.php
No syntax errors detected in ./tests/Unit/Service/CashflowAggregationLogicTest.php
No syntax errors detected in ./tests/Unit/Service/VendorPerformanceAggregationTest.php
No syntax errors detected in ./tests/Unit/Service/Treasury/TreasuryRateServiceTest.php
No syntax errors detected in ./tests/Unit/Service/Treasury/FxRevaluationServiceTest.php
No syntax errors detected in ./tests/Unit/Service/Treasury/TreasuryRateSnapshotTest.php
No syntax errors detected in ./tests/Unit/Service/Treasury/RealisedFxSettlementServiceTest.php
No syntax errors detected in ./tests/Unit/Service/IntegralCostPriceCalculatorTest.php
No syntax errors detected in ./tests/Unit/Service/KorMonitorServiceTest.php
No syntax errors detected in ./tests/Unit/Service/CashflowExportServiceTest.php
No syntax errors detected in ./tests/Unit/Service/PayrollApArHandoffServiceTest.php
No syntax errors detected in ./tests/Unit/Service/PaymentReconciliationServiceTest.php
No syntax errors detected in ./tests/Unit/Service/SisaReportingServiceTest.php
No syntax errors detected in ./tests/Unit/Service/PayrollServiceTest.php
No syntax errors detected in ./tests/Unit/Service/DemoDataServiceTest.php
No syntax errors detected in ./tests/Unit/Service/SupplierQualificationServiceTest.php
No syntax errors detected in ./tests/Unit/Service/OssFragmentTest.php
No syntax errors detected in ./tests/Unit/Service/OverdueVerantwoordingNotificationTest.php
No syntax errors detected in ./tests/Unit/Service/ConsolidationFragmentTest.php
No syntax errors detected in ./tests/Unit/Service/SubsidieOrderConsolidationMigratorTest.php
No syntax errors detected in ./tests/Unit/Service/RegisterFragmentMergeTest.php
No syntax errors detected in ./tests/Unit/Service/TrialBalanceServiceTest.php
No syntax errors detected in ./tests/Unit/Service/BookingSmsReminderChannelFragmentTest.php
No syntax errors detected in ./tests/Unit/Service/PaymentSettlementServiceTest.php
No syntax errors detected in ./tests/Unit/Service/LegesAtIntakeFragmentTest.php
No syntax errors detected in ./tests/Unit/Service/FinancialDashboardServiceTest.php
No syntax errors detected in ./tests/Unit/Service/IcpFragmentTest.php
No syntax errors detected in ./tests/Unit/Service/PayrollCalculatorTest.php
No syntax errors detected in ./tests/Unit/Service/BudgetProjectionCalculatorTest.php
No syntax errors detected in ./tests/Unit/Service/SlotServiceTest.php
No syntax errors detected in ./tests/Unit/Service/VatSuppletieDetectionServiceTest.php
No syntax errors detected in ./tests/Unit/Service/ContractCostRollupServiceTest.php
No syntax errors detected in ./tests/Unit/Service/BbvProgrammeBudgetCalculatorTest.php
No syntax errors detected in ./tests/Unit/Service/GRIRClearingIntegrationTest.php
No syntax errors detected in ./tests/Unit/Service/BudgetScenarioEvaluatorTest.php
No syntax errors detected in ./tests/Unit/Service/BookingNotificationServiceTest.php
No syntax errors detected in ./tests/Unit/Service/UrenPrognoseServiceTest.php
No syntax errors detected in ./tests/Unit/Service/VATCalculationServiceTest.php
No syntax errors detected in ./tests/Unit/Service/ListenerSchemaResolverTest.php
No syntax errors detected in ./tests/Unit/Service/DepositPaymentFragmentTest.php
No syntax errors detected in ./tests/Unit/Service/WbsoTransactionServiceTest.php
No syntax errors detected in ./tests/Unit/Service/InnovatieboxFragmentTest.php
No syntax errors detected in ./tests/Unit/Service/PayrollSbrConversionServiceTest.php
No syntax errors detected in ./tests/Unit/Service/Migration/BudgetSchemaSplitMigratorTest.php
No syntax errors detected in ./tests/Unit/Service/Migration/GlLineAdministrationBackfillMigratorTest.php
No syntax errors detected in ./tests/Unit/Service/Migration/GlLineFiscalYearBackfillMigratorTest.php
No syntax errors detected in ./tests/Unit/Service/KnownCostReaderTest.php
No syntax errors detected in ./tests/Unit/Service/AdministrationAuditTrailServiceTest.php
No syntax errors detected in ./tests/Unit/Service/BadoControleprotocolTenantTest.php
No syntax errors detected in ./tests/Unit/Service/RetainerBillingFragmentTest.php
No syntax errors detected in ./tests/Unit/Service/VpbMkbFragmentTest.php
No syntax errors detected in ./tests/Unit/Service/AansluitingServiceTest.php
No syntax errors detected in ./tests/Unit/Service/MultiPoConsolidationServiceTest.php
No syntax errors detected in ./tests/Unit/Service/ComplianceDeadlineCalendarServiceTest.php
No syntax errors detected in ./tests/Unit/Service/AcmReportGeneratorTest.php
No syntax errors detected in ./tests/Unit/Service/VoorzieningenClaimsFragmentTest.php
No syntax errors detected in ./tests/Unit/Service/ContributionInvoiceBuilderTest.php
No syntax errors detected in ./tests/Unit/Service/ENSIAXmlExporterTest.php
No syntax errors detected in ./tests/Unit/Service/CancellationServiceTest.php
No syntax errors detected in ./tests/Unit/Service/EuFondsenFragmentTest.php
No syntax errors detected in ./tests/Unit/Service/PayrollUpaHandoffServiceTest.php
No syntax errors detected in ./tests/Unit/Service/ConsolidationMappingServiceTest.php
No syntax errors detected in ./tests/Unit/Service/AccountantDashboardServiceTest.php
No syntax errors detected in ./tests/Unit/Service/TaxCalculationHelperTest.php
No syntax errors detected in ./tests/Unit/Service/BadoFindingEscalationTest.php
No syntax errors detected in ./tests/Unit/Service/GoodsReceiptNoteIntegrationTest.php
No syntax errors detected in ./tests/Unit/Service/InventoryCycleCountFragmentTest.php
No syntax errors detected in ./tests/Unit/Service/ZzpUrencriteriumTrackerFragmentTest.php
No syntax errors detected in ./tests/Unit/Service/PeriodCloseServiceEntityRowTest.php
No syntax errors detected in ./tests/Unit/Service/InvoiceGenerationServiceIdorTest.php
No syntax errors detected in ./tests/Unit/Service/BcfClaimServiceTest.php
No syntax errors detected in ./tests/Unit/Service/Support/OpenRegisterFaithfulObjectService.php
No syntax errors detected in ./tests/Unit/Service/Support/ObjectEntityStub.php
No syntax errors detected in ./tests/Unit/Service/Support/InMemoryObjectServiceStubTest.php
No syntax errors detected in ./tests/Unit/Service/Support/FakeKnownCostScheduleExpander.php
No syntax errors detected in ./tests/Unit/Service/Support/DuckObjectServiceAdapterTest.php
No syntax errors detected in ./tests/Unit/Service/Support/DuckObjectServiceAdapter.php
No syntax errors detected in ./tests/Unit/Service/Support/RacingDefaultObjectServiceDecorator.php
No syntax errors detected in ./tests/Unit/Service/Support/InMemoryObjectServiceStub.php
No syntax errors detected in ./tests/Unit/Service/Support/ObjectServiceDoublesDeclareRawPairTest.php
No syntax errors detected in ./tests/Unit/Service/Support/FilteredObjectServiceStub.php
No syntax errors detected in ./tests/Unit/Service/Support/KnownCostFixtureObjectServiceStub.php
No syntax errors detected in ./tests/Unit/Service/Support/CallCountingObjectServiceDecorator.php
No syntax errors detected in ./tests/Unit/Service/FifoValuationServiceTest.php
No syntax errors detected in ./tests/Unit/Service/FidoTreasuryFragmentTest.php
No syntax errors detected in ./tests/Unit/Service/RequisitionConversionServiceTest.php
No syntax errors detected in ./tests/Unit/Service/KorFragmentTest.php
No syntax errors detected in ./tests/Unit/Service/BudgetProjectionReaderTest.php
No syntax errors detected in ./tests/Unit/Service/PipelinqCustomerBridge01FragmentTest.php
No syntax errors detected in ./tests/Unit/Service/PeriodCloseServiceTest.php
No syntax errors detected in ./tests/Unit/Service/LeaseAmortizationCalculatorTest.php
No syntax errors detected in ./tests/Unit/Service/InnovatieboxSbrExportServiceTest.php
No syntax errors detected in ./tests/Unit/Service/GrConsolidationFragmentTest.php
No syntax errors detected in ./tests/Unit/Service/ReconciliationResolutionServiceTest.php
No syntax errors detected in ./tests/Unit/Service/CcmRuleEngineFragmentTest.php
No syntax errors detected in ./tests/Unit/Service/ExpenseReimbursementOrPassthroughFragmentTest.php
No syntax errors detected in ./tests/Unit/Service/BudgetChartSeriesServiceTest.php
No syntax errors detected in ./tests/Unit/Service/WmoJaarrekeningBijlageServiceTest.php
No syntax errors detected in ./tests/Unit/Service/BankRulePreviewServiceTest.php
No syntax errors detected in ./tests/Unit/Service/SpendAnalyticsServiceTest.php
No syntax errors detected in ./tests/Unit/Service/Payment/MolliePaymentProviderTest.php
No syntax errors detected in ./tests/Unit/Service/Payment/PortalPaymentSessionServiceTest.php
No syntax errors detected in ./tests/Unit/Service/IcpFilingServiceTest.php
No syntax errors detected in ./tests/Unit/Service/DunningRunServiceTest.php
No syntax errors detected in ./tests/Unit/Service/BudgetGridReaderTest.php
No syntax errors detected in ./tests/Unit/Service/QuoteOrderInvoiceFragmentTest.php
No syntax errors detected in ./tests/Unit/Service/ShillinqNotificationsFragmentTest.php
No syntax errors detected in ./tests/Unit/Service/DepositReconciliationServiceTest.php
No syntax errors detected in ./tests/Unit/Service/VsoLockingValidatorTest.php
No syntax errors detected in ./tests/Unit/Service/FluxServiceTest.php
No syntax errors detected in ./tests/Unit/Service/LegesIntakeStepServiceTest.php
No syntax errors detected in ./tests/Unit/Service/AdministrationContextServiceTest.php
No syntax errors detected in ./tests/Unit/Service/ArPaymentLinksFragmentTest.php
No syntax errors detected in ./tests/Unit/Service/ENSIAQuestionSetLoaderTest.php
No syntax errors detected in ./tests/Unit/Service/Peppol/LogPeppolTransmissionAdapterTest.php
No syntax errors detected in ./tests/Unit/Service/DoorsnijdingsVerbodValidatorTest.php
No syntax errors detected in ./tests/Unit/Service/MovingAverageValuationServiceTest.php
No syntax errors detected in ./tests/Unit/Service/DualGaapFragmentTest.php
No syntax errors detected in ./tests/Unit/Service/PensionIas19FragmentTest.php
No syntax errors detected in ./tests/Unit/Service/OssReturnGeneratorTest.php
No syntax errors detected in ./tests/Unit/Service/SoftCloseFluxFragmentTest.php
No syntax errors detected in ./tests/Unit/Service/BudgetProjectionServiceTest.php
No syntax errors detected in ./tests/Unit/Service/CBSExportServiceTest.php
No syntax errors detected in ./tests/Unit/Service/AdministrationArchivalServiceTest.php
No syntax errors detected in ./tests/Unit/Service/ProvinciesBbvFragmentTest.php
No syntax errors detected in ./tests/Unit/Service/ContractLifecycleFragmentTest.php
No syntax errors detected in ./tests/Unit/Service/PayrollJaaropgaveServiceTest.php
No syntax errors detected in ./tests/Unit/Service/ContributionDebtorResolverTest.php
No syntax errors detected in ./tests/Unit/Service/MeteredInvoiceGenerationTest.php
No syntax errors detected in ./tests/Unit/Service/InvoiceDeduplicationServiceTest.php
No syntax errors detected in ./tests/Unit/Service/PayrollDetacheringFragmentTest.php
No syntax errors detected in ./tests/Unit/Service/SubjectCostAggregatorTest.php
No syntax errors detected in ./tests/Unit/Service/InnovatieboxAuditEventLoggerTest.php
No syntax errors detected in ./tests/Unit/Service/EInvoice/ArInvoiceUblMapperTest.php
No syntax errors detected in ./tests/Unit/Service/EInvoice/EInvoiceServiceTest.php
No syntax errors detected in ./tests/Unit/Service/EInvoice/EInvoiceValidationServiceTest.php
No syntax errors detected in ./tests/Unit/Service/PaymentRequestPortalScopeTest.php
No syntax errors detected in ./tests/Unit/Service/IntercompanyMatchingPerformanceTest.php
No syntax errors detected in ./tests/Unit/Service/PeriodCloseFragmentTest.php
No syntax errors detected in ./tests/Unit/Service/SepaDirectDebitFragmentTest.php
No syntax errors detected in ./tests/Unit/Service/ArInvoiceIcpPdfRendererTest.php
No syntax errors detected in ./tests/Unit/Service/AdministrationMigrationServiceTest.php
No syntax errors detected in ./tests/Unit/Service/BudgetGridCalculatorTest.php
No syntax errors detected in ./tests/Unit/Service/ConflictDetectionServiceTest.php
No syntax errors detected in ./tests/Unit/Service/BudgetVsActualsReaderTest.php
No syntax errors detected in ./tests/Unit/Service/BcfCompensationCalculatorTest.php
No syntax errors detected in ./tests/Unit/Service/WbsoRbacResolverTest.php
No syntax errors detected in ./tests/Unit/Service/BillingModelEngineTest.php
No syntax errors detected in ./tests/Unit/Service/IntercompanyJournalServiceTest.php
No syntax errors detected in ./tests/Unit/Service/ToleranceProfileServiceTest.php
No syntax errors detected in ./tests/Unit/Service/TaxReportServiceTest.php
No syntax errors detected in ./tests/Unit/Service/TrialBalanceCalculatorTest.php
No syntax errors detected in ./tests/Unit/Service/InMemoryObjectService.php
No syntax errors detected in ./tests/Unit/Service/PaymentRequestFinderTest.php
No syntax errors detected in ./tests/Unit/Service/SubjectCostServiceTest.php
No syntax errors detected in ./tests/Unit/Service/External/Mollie/LogMolliePaymentAdapterTest.php
No syntax errors detected in ./tests/Unit/Service/SluitendCalculatorTest.php
No syntax errors detected in ./tests/Unit/Service/RevenueContractRenameMigratorTest.php
No syntax errors detected in ./tests/Unit/Service/VatBtwFilingFragmentTest.php
No syntax errors detected in ./tests/Unit/Service/IntercompanyMatchingCalculatorTest.php
No syntax errors detected in ./tests/Unit/Service/VATReturnServiceEntityReturnTest.php
No syntax errors detected in ./tests/Unit/Service/BankfeedMatcherTest.php
No syntax errors detected in ./tests/Unit/Service/ActivityCostAllocationSplitterTest.php
No syntax errors detected in ./tests/Unit/Service/KnownCostScheduleExpanderTest.php
No syntax errors detected in ./tests/Unit/Service/CommitmentAccountingFragmentTest.php
No syntax errors detected in ./tests/Unit/Service/FeeScheduleServiceTest.php
No syntax errors detected in ./tests/Unit/Service/Pipelinq/PipelinqTimelineAuthHandlingTest.php
No syntax errors detected in ./tests/Unit/Service/Pipelinq/LoggingPipelinqAdminNotifierTest.php
No syntax errors detected in ./tests/Unit/Service/Pipelinq/PipelinqContactReadTest.php
No syntax errors detected in ./tests/Unit/Service/Pipelinq/PipelinqTimelinePublishTest.php
No syntax errors detected in ./tests/Unit/Service/Pipelinq/PersistentTimelineRetryQueueTest.php
No syntax errors detected in ./tests/Unit/Service/Pipelinq/PipelinqKlantbeeldTest.php
No syntax errors detected in ./tests/Unit/Service/Pipelinq/CustomerBridgeMetricsServiceTest.php
No syntax errors detected in ./tests/Unit/Service/Pipelinq/TimelineEventDtoTest.php
No syntax errors detected in ./tests/Unit/Service/Pipelinq/PipelinqContactAdapterTest.php
No syntax errors detected in ./tests/Unit/Service/Pipelinq/KlantbeeldResultTest.php
No syntax errors detected in ./tests/Unit/Service/Pipelinq/CircuitBreakerTest.php
No syntax errors detected in ./tests/Unit/Service/Pipelinq/PipelinqConfigTest.php
No syntax errors detected in ./tests/Unit/Service/EmuReportingServiceTest.php
No syntax errors detected in ./tests/Unit/Service/Ifrs15RevenueFragmentTest.php
No syntax errors detected in ./tests/Unit/Service/BbvMigration/RgsAccountMapperTest.php
No syntax errors detected in ./tests/Unit/Service/IcsServiceTest.php
No syntax errors detected in ./tests/Unit/Service/SettingsServiceSeedVisibilityTest.php
No syntax errors detected in ./tests/Unit/Service/BudgetScenarioReaderTest.php
No syntax errors detected in ./tests/Unit/Service/PayrollLivLkvHandoffServiceTest.php
No syntax errors detected in ./tests/Unit/Service/SettingsServiceTest.php
No syntax errors detected in ./tests/Unit/Service/AbbLifecycleServiceTest.php
No syntax errors detected in ./tests/Unit/Service/LeaseAuditPackGeneratorTest.php
No syntax errors detected in ./tests/Unit/Service/VATReturnServiceTest.php
No syntax errors detected in ./tests/Unit/Service/RateCardResolverTest.php
No syntax errors detected in ./tests/Unit/Service/CrossSubsidyDetectorTest.php
No syntax errors detected in ./tests/Unit/Service/ProfitAttributionServiceTest.php
No syntax errors detected in ./tests/Unit/Service/BudgetScenarioDefaultPromoterTest.php
No syntax errors detected in ./tests/Unit/Service/RecurringSeriesServiceTest.php
No syntax errors detected in ./tests/Unit/Service/PurchaseOrderServiceTest.php
No syntax errors detected in ./tests/Unit/Service/ThreeWayMatchingEngineTest.php
No syntax errors detected in ./tests/Unit/Service/AuditExportServiceTest.php
No syntax errors detected in ./tests/Unit/Service/TimezoneResolverTest.php
No syntax errors detected in ./tests/Unit/Service/PurchaseOrderApprovalServiceTest.php
No syntax errors detected in ./tests/Unit/Service/TaxPaymentReconciliationServiceTest.php
No syntax errors detected in ./tests/Unit/Service/IcpServiceTest.php
No syntax errors detected in ./tests/Unit/Service/OssPaymentReconciliationTest.php
No syntax errors detected in ./tests/Unit/Service/BegrotingswijzigingStackerTest.php
No syntax errors detected in ./tests/Unit/Service/NexusCalculationServiceTest.php
No syntax errors detected in ./tests/Unit/Service/BbvProgrammeBudgetServiceTest.php
No syntax errors detected in ./tests/Unit/Service/BbvSeedServiceTest.php
No syntax errors detected in ./tests/Unit/Service/KnownCostBudgetWriterTest.php
No syntax errors detected in ./tests/Unit/Service/PeriodCloseExceptionTest.php
No syntax errors detected in ./tests/Unit/Service/LeaseDisclosureServiceTest.php
No syntax errors detected in ./tests/Unit/Service/PaymentRevenueAccountResolverTest.php
No syntax errors detected in ./tests/Unit/Service/PurchaseOrderPeppolTransmissionTest.php
No syntax errors detected in ./tests/Unit/Service/RetainerResolverTest.php
No syntax errors detected in ./tests/Unit/Service/CycleCountServiceExtractIdTest.php
No syntax errors detected in ./tests/Unit/Service/TimeIntakeServiceTest.php
No syntax errors detected in ./tests/Unit/Service/DeferredTaxFragmentTest.php
No syntax errors detected in ./tests/Unit/Service/Booking/TimezoneResolverTest.php
No syntax errors detected in ./tests/Unit/Service/Booking/TransactionalGuardTest.php
No syntax errors detected in ./tests/Unit/Service/ProgrammaAggregatorTest.php
No syntax errors detected in ./tests/Unit/Service/ContributionDeclineServiceTest.php
No syntax errors detected in ./tests/Unit/Service/ViesServiceTest.php
No syntax errors detected in ./tests/Unit/Validation/JournalEntrySchemaTest.php
No syntax errors detected in ./tests/Unit/Validation/AnnualReportSchemaTest.php
No syntax errors detected in ./tests/Unit/Validation/PhotoValidatorTest.php
No syntax errors detected in ./tests/Unit/Validation/JournalManifestPagesTest.php
No syntax errors detected in ./tests/Unit/Validation/IbanValidatorTest.php
No syntax errors detected in ./tests/Unit/Validation/Titel9SeedsTest.php
No syntax errors detected in ./tests/Unit/Validation/BsnValidatorTest.php
No syntax errors detected in ./tests/Unit/Validation/BankReconciliationSchemaTest.php
No syntax errors detected in ./tests/Unit/Listener/GRIRClearingListenerTest.php
No syntax errors detected in ./tests/Unit/Listener/PeppolDeliveryStatusListenerTest.php
No syntax errors detected in ./tests/Unit/Listener/DeepLinkRegistrationListenerTest.php
No syntax errors detected in ./tests/Unit/Listener/TenderNedAwardDetectedListenerTest.php
No syntax errors detected in ./tests/Unit/Listener/LeaseActivationListenerTest.php
No syntax errors detected in ./tests/Unit/Listener/OrderFulfilmentTransitionListenerTest.php
No syntax errors detected in ./tests/Unit/Listener/PosStockDecrementListenerTest.php
No syntax errors detected in ./tests/Unit/Listener/BookingCreatedTimelinePublishListenerTest.php
No syntax errors detected in ./tests/Unit/Listener/CommitmentTransitionListenerTest.php
No syntax errors detected in ./tests/Unit/Listener/CommitmentMaterialisationListenerTest.php
No syntax errors detected in ./tests/Unit/Listener/BookingLifecycleTransitionListenerTest.php
No syntax errors detected in ./tests/Unit/Listener/IntegriqCloudEventListenerTest.php
No syntax errors detected in ./tests/Unit/Listener/FeeScheduleValidationListenerTest.php
No syntax errors detected in ./tests/Unit/Listener/OrderFulfilmentEvidenceListenerTest.php
No syntax errors detected in ./tests/Unit/Listener/IntercompanyLinkListenerTest.php
No syntax errors detected in ./tests/Unit/Listener/OssPaymentReconciliationListenerTest.php
No syntax errors detected in ./tests/Unit/Listener/AnnualReportSignoffRequestListenerTest.php
No syntax errors detected in ./tests/Unit/Listener/BookingEventListenerTest.php
No syntax errors detected in ./tests/Unit/Listener/FixedAssetDisposalListenerTest.php
No syntax errors detected in ./tests/Unit/Listener/ExtractionCompletedListenerTest.php
No syntax errors detected in ./tests/Unit/Listener/DeliveryDispatchListenerTest.php
No syntax errors detected in ./tests/Unit/Listener/SignoffDecisionConcludedListenerTest.php
No syntax errors detected in ./tests/Unit/Listener/InnovatieboxAuditTrailListenerTest.php
No syntax errors detected in ./tests/Unit/Listener/ACMReportSignTransitionListenerTest.php
No syntax errors detected in ./tests/Unit/Register/BillingPayloadDeclaredFieldsTest.php
No syntax errors detected in ./tests/Unit/Support/DateWindowTest.php
No syntax errors detected in ./tests/Unit/Support/FleetAppIdTest.php
No syntax errors detected in ./tests/Unit/Support/RegisterSlugPinTest.php
No syntax errors detected in ./tests/Unit/Command/OrdersAuditCommandTest.php
No syntax errors detected in ./tests/Unit/Command/ReferencesAuditCommandTest.php
No syntax errors detected in ./tests/Unit/Fixtures/WbsoAccountFixtures.php
No syntax errors detected in ./tests/Unit/Fixtures/WidgetFixtures.php
No syntax errors detected in ./tests/Unit/Fixtures/EffectiveRegisterFixture.php
No syntax errors detected in ./tests/Unit/Fixtures/WbsoTransactionFixtures.php
No syntax errors detected in ./tests/Unit/Fixtures/WbsoDocumentFixtures.php
No syntax errors detected in ./tests/Unit/Recognition/RevenueRecognitionServiceTest.php
No syntax errors detected in ./tests/Unit/Guard/OssPaymentGuardTest.php
No syntax errors detected in ./tests/Unit/Guard/VatSubmissionGuardTest.php
No syntax errors detected in ./tests/Unit/Guard/Iv3XmlValidationGuardTest.php
No syntax errors detected in ./tests/Unit/Guard/SubsidieRepaymentGuardTest.php
No syntax errors detected in ./tests/Unit/Guard/LocationHierarchyGuardTest.php
No syntax errors detected in ./tests/Unit/Guard/EmuCalculatorTest.php
No syntax errors detected in ./tests/Unit/Guard/StatementVerifyGuardVarianceTest.php
No syntax errors detected in ./tests/Unit/Guard/KorThresholdGuardTest.php
No syntax errors detected in ./tests/Unit/Guard/BcfSubmissionGuardTest.php
No syntax errors detected in ./tests/Unit/Guard/UrenDagregistratieGuardTest.php
No syntax errors detected in ./tests/Unit/Guard/BbvComplianceGuardTest.php
No syntax errors detected in ./tests/Unit/Guard/CashflowRecurringGuardTest.php
No syntax errors detected in ./tests/Unit/Guard/KiaSchalenLookupTest.php
No syntax errors detected in ./tests/Unit/Guard/OssThresholdGuardTest.php
No syntax errors detected in ./tests/Unit/Guard/IbFiscalAdjustmentGuardTest.php
No syntax errors detected in ./tests/Unit/Guard/InventoryScanGuardTest.php
No syntax errors detected in ./tests/Unit/Guard/OssLedgerGuardTest.php
No syntax errors detected in ./tests/Unit/Guard/IbBijtellingGuardTest.php
No syntax errors detected in ./tests/Unit/Guard/IntercompanyEliminationGuardTest.php
No syntax errors detected in ./tests/Unit/Guard/InvesteringsaftrekEligibilityGuardTest.php
No syntax errors detected in ./tests/Unit/Guard/CreditLimitGuardTest.php
No syntax errors detected in ./tests/Unit/Guard/Iv3SubmissionGuardTest.php
No syntax errors detected in ./tests/Unit/Guard/EmuSubmissionGuardTest.php
No syntax errors detected in ./tests/Unit/Guard/AccountBalanceGuardTest.php
No syntax errors detected in ./tests/Unit/Guard/BankReconciliationGuardTest.php
No syntax errors detected in ./tests/Unit/Guard/AppointmentGuardTest.php
No syntax errors detected in ./tests/Unit/Guard/BudgetScenarioModifierGuardTest.php
No syntax errors detected in ./tests/Unit/Guard/KorLockoutGuardTest.php
No syntax errors detected in ./tests/Unit/Guard/ProgrammaLinkGuardTest.php
No syntax errors detected in ./tests/Unit/Guard/ProjectCloseGuardTest.php
No syntax errors detected in ./tests/Unit/Guard/ProjectActivationGuardTest.php
No syntax errors detected in ./tests/Unit/Guard/RetentionGuardTest.php
No syntax errors detected in ./tests/Unit/Guard/ProjectTransitionGuardTest.php
No syntax errors detected in ./tests/Unit/Guard/UrencriteriumYearGuardTest.php
No syntax errors detected in ./tests/Unit/Guard/RateScheduleOverlapGuardTest.php
No syntax errors detected in ./tests/Unit/Guard/JournalVoidGuardTest.php
No syntax errors detected in ./tests/Unit/Guard/UrencriteriumGuardTest.php
No syntax errors detected in ./tests/Unit/Portal/PortalContributionProviderTest.php
No syntax errors detected in ./tests/Unit/Portal/PortalAssertionVerifierTest.php
No syntax errors detected in ./tests/Unit/Portal/PortalSubjectResolverTest.php
No syntax errors detected in ./tests/Unit/Standards/ComplianceCatalogueTest.php
No syntax errors detected in ./tests/Unit/Standards/RuleCatalogueTest.php
No syntax errors detected in ./tests/Unit/Standards/RuleEngineTest.php
No syntax errors detected in ./tests/Unit/Notification/RoleFallbackResolverTest.php
No syntax errors detected in ./tests/Unit/Notification/EInvoiceNotifierTest.php
No syntax errors detected in ./tests/Unit/Request/InvoiceGenerationRequestTest.php
No syntax errors detected in ./tests/Unit/Settings/BookingsConfirmFlowFragmentTest.php
No syntax errors detected in ./tests/Unit/Settings/OrderPrimitiveSchemaTest.php
No syntax errors detected in ./tests/Unit/Settings/CommitmentApprovalChainFragmentTest.php
No syntax errors detected in ./tests/Unit/Settings/AansluitingenFragmentTest.php
No syntax errors detected in ./tests/Unit/Settings/SubsidieOrderConsolidationSchemaTest.php
No syntax errors detected in ./tests/Unit/Settings/MultiCurrencyT4FragmentTest.php
No syntax errors detected in ./tests/Unit/Settings/BbvTaakveldTranslationTest.php
No syntax errors detected in ./tests/Unit/Settings/RechtmatigheidFragmentTest.php
No syntax errors detected in ./tests/Unit/Settings/CostCentersDimensionsFragmentTest.php
No syntax errors detected in ./tests/Unit/Settings/UrenDomainSubjectLinkTest.php
No syntax errors detected in ./tests/Unit/Settings/ProcurementGovernanceFragmentTest.php
No syntax errors detected in ./tests/Unit/Settings/PurchaseRequisitionFragmentTest.php
No syntax errors detected in ./tests/Unit/Settings/BtwSuppletieDetectionFragmentTest.php
No syntax errors detected in ./tests/Unit/Settings/RegisterLifecycleGuardsResolveTest.php
No syntax errors detected in ./tests/Unit/Settings/ConnectionsDeclarationTest.php
No syntax errors detected in ./templates/settings/admin.php
No syntax errors detected in ./templates/index.php
No syntax errors detected in ./scripts/coverage-guard.php
No syntax errors detected in ./appinfo/routes.php
No syntax errors detected in ./lib/BackgroundJob/AdministrationBackupSchedulerJob.php
No syntax errors detected in ./lib/BackgroundJob/EmuQuarterlyDraftJob.php
No syntax errors detected in ./lib/BackgroundJob/ViesOutageRetryJob.php
No syntax errors detected in ./lib/BackgroundJob/FxRateImportJob.php
No syntax errors detected in ./lib/BackgroundJob/PipelinqTimelineRetryJob.php
No syntax errors detected in ./lib/BackgroundJob/DBAFlagGenerationJob.php
No syntax errors detected in ./lib/BackgroundJob/ConnectionReportJob.php
No syntax errors detected in ./lib/BackgroundJob/BookingReminderJob.php
No syntax errors detected in ./lib/BackgroundJob/DBAPortfolioAggregationJob.php
No syntax errors detected in ./lib/BackgroundJob/ContractCostRollupJob.php
No syntax errors detected in ./lib/BackgroundJob/DeadlineReminderJob.php
No syntax errors detected in ./lib/BackgroundJob/VendorPerformanceAggregationJob.php
No syntax errors detected in ./lib/BackgroundJob/CalibrationBatchJob.php
No syntax errors detected in ./lib/BackgroundJob/TaxDeadlineReminderJob.php
No syntax errors detected in ./lib/BackgroundJob/TenderNedAwardPromotionJob.php
No syntax errors detected in ./lib/BackgroundJob/LotExpiryAlertJob.php
No syntax errors detected in ./lib/BackgroundJob/CancelUnconfirmedAppointments.php
No syntax errors detected in ./lib/BackgroundJob/CrisisModeRefreshJob.php
No syntax errors detected in ./lib/BackgroundJob/BankfeedReconciliationJob.php
No syntax errors detected in ./lib/BackgroundJob/DocumentArchiveCron.php
No syntax errors detected in ./lib/BackgroundJob/MandateDormancyExpiryJob.php
No syntax errors detected in ./lib/BackgroundJob/SoftCloseJob.php
No syntax errors detected in ./lib/BackgroundJob/HorizonRollingJob.php
No syntax errors detected in ./lib/Controller/VATDeclarationController.php
No syntax errors detected in ./lib/Controller/SupplierInvoiceImportController.php
No syntax errors detected in ./lib/Controller/BudgetGridController.php
No syntax errors detected in ./lib/Controller/NotificationController.php
No syntax errors detected in ./lib/Controller/LeaseReassessmentController.php
No syntax errors detected in ./lib/Controller/CBSSubmissionController.php
No syntax errors detected in ./lib/Controller/DepositWebhookController.php
No syntax errors detected in ./lib/Controller/AansluitingController.php
No syntax errors detected in ./lib/Controller/ExtractionRequestController.php
No syntax errors detected in ./lib/Controller/SettingsController.php
No syntax errors detected in ./lib/Controller/BarcodeLookupController.php
No syntax errors detected in ./lib/Controller/ContributionController.php
No syntax errors detected in ./lib/Controller/BookingDetailController.php
No syntax errors detected in ./lib/Controller/TimelineDeadLetterController.php
No syntax errors detected in ./lib/Controller/AccountantPortalController.php
No syntax errors detected in ./lib/Controller/PurchaseOrderApprovalController.php
No syntax errors detected in ./lib/Controller/WbsoTransactionApiController.php
No syntax errors detected in ./lib/Controller/VATReturnController.php
No syntax errors detected in ./lib/Controller/SepaAuditController.php
No syntax errors detected in ./lib/Controller/FxRateAdminController.php
No syntax errors detected in ./lib/Controller/BcfClaimController.php
No syntax errors detected in ./lib/Controller/CalendarController.php
No syntax errors detected in ./lib/Controller/PortalContributionDeclineController.php
No syntax errors detected in ./lib/Controller/PaymentRequestWebhookController.php
No syntax errors detected in ./lib/Controller/BankRuleController.php
No syntax errors detected in ./lib/Controller/IcpController.php
No syntax errors detected in ./lib/Controller/InventoryValuationReportController.php
No syntax errors detected in ./lib/Controller/CashflowExportController.php
No syntax errors detected in ./lib/Controller/BookingNotificationController.php
No syntax errors detected in ./lib/Controller/MultiPoConsolidationController.php
No syntax errors detected in ./lib/Controller/BudgetBBVMappingController.php
No syntax errors detected in ./lib/Controller/PayrollWebhookController.php
No syntax errors detected in ./lib/Controller/LeaseController.php
No syntax errors detected in ./lib/Controller/ReconciliationResolutionController.php
No syntax errors detected in ./lib/Controller/RecognitionController.php
No syntax errors detected in ./lib/Controller/ReportingController.php
No syntax errors detected in ./lib/Controller/SubjectCostController.php
No syntax errors detected in ./lib/Controller/PreferencesController.php
No syntax errors detected in ./lib/Controller/RevenueController.php
No syntax errors detected in ./lib/Controller/WidgetSettingsController.php
No syntax errors detected in ./lib/Controller/OssController.php
No syntax errors detected in ./lib/Controller/ComplianceExportController.php
No syntax errors detected in ./lib/Controller/PurchaseOrderController.php
No syntax errors detected in ./lib/Controller/BBVDashboardController.php
No syntax errors detected in ./lib/Controller/ThreeWayMatchAuditController.php
No syntax errors detected in ./lib/Controller/KorController.php
No syntax errors detected in ./lib/Controller/TaxReportController.php
No syntax errors detected in ./lib/Controller/FinancialDashboardController.php
No syntax errors detected in ./lib/Controller/ThreeWayMatchExceptionController.php
No syntax errors detected in ./lib/Controller/WidgetApiController.php
No syntax errors detected in ./lib/Controller/ConfirmationApiController.php
No syntax errors detected in ./lib/Controller/InventoryMobileScannerController.php
No syntax errors detected in ./lib/Controller/StockLedgerController.php
No syntax errors detected in ./lib/Controller/PayrollController.php
No syntax errors detected in ./lib/Controller/DBAController.php
No syntax errors detected in ./lib/Controller/InventoryScanController.php
No syntax errors detected in ./lib/Controller/WbsoAccountApiController.php
No syntax errors detected in ./lib/Controller/RequisitionController.php
No syntax errors detected in ./lib/Controller/GRIRReconciliationController.php
No syntax errors detected in ./lib/Controller/BadoControleprotocolController.php
No syntax errors detected in ./lib/Controller/PeriodCloseController.php
No syntax errors detected in ./lib/Controller/WbsoDocumentApiController.php
No syntax errors detected in ./lib/Controller/WbsoAdministratieController.php
No syntax errors detected in ./lib/Controller/TaxPaymentController.php
No syntax errors detected in ./lib/Controller/PaymentRequestActionController.php
No syntax errors detected in ./lib/Controller/GoodsReceiptNoteController.php
No syntax errors detected in ./lib/Controller/InventoryAdjustmentController.php
No syntax errors detected in ./lib/Controller/BudgetChartsController.php
No syntax errors detected in ./lib/Controller/AdministrationExportController.php
No syntax errors detected in ./lib/Controller/ApiFallbackController.php
No syntax errors detected in ./lib/Controller/BankStatementImportController.php
No syntax errors detected in ./lib/Controller/ThreeWayMatchController.php
No syntax errors detected in ./lib/Controller/ARInvoiceEInvoiceController.php
No syntax errors detected in ./lib/Controller/SoftCloseController.php
No syntax errors detected in ./lib/Controller/PaymentRunController.php
No syntax errors detected in ./lib/Controller/ProductCatalogController.php
No syntax errors detected in ./lib/Controller/BudgetScenarioController.php
No syntax errors detected in ./lib/Controller/SpendAnalyticsController.php
No syntax errors detected in ./lib/Controller/SetupController.php
No syntax errors detected in ./lib/Controller/DeadlineCalendarSettingsController.php
No syntax errors detected in ./lib/Controller/PortalPaymentInitiationController.php
No syntax errors detected in ./lib/Controller/InnovatieboxController.php
No syntax errors detected in ./lib/Controller/BbvProgrammeBudgetController.php
No syntax errors detected in ./lib/Controller/ServiceReceiptController.php
No syntax errors detected in ./lib/Controller/PipelinqSettingsController.php
No syntax errors detected in ./lib/Controller/BillingIntakeController.php
No syntax errors detected in ./lib/Controller/VATLineController.php
No syntax errors detected in ./lib/Controller/AdministrationController.php
No syntax errors detected in ./lib/Controller/DunningController.php
No syntax errors detected in ./lib/Controller/TrialBalanceController.php
No syntax errors detected in ./lib/Controller/BookingDepthController.php
No syntax errors detected in ./lib/Controller/ProgrammabegrotingController.php
No syntax errors detected in ./lib/Controller/InvoiceApiController.php
No syntax errors detected in ./lib/Repair/InitializeSettings.php
No syntax errors detected in ./lib/Repair/BackfillPaymentRequestCustomer.php
No syntax errors detected in ./lib/Repair/BackfillArInvoiceProvenance.php
No syntax errors detected in ./lib/Repair/UnifyAnalyticalDimensions.php
No syntax errors detected in ./lib/Repair/ValueMigrationPort.php
No syntax errors detected in ./lib/Repair/MigrateProductVendorMasterToPipelinq.php
No syntax errors detected in ./lib/Repair/RetireCostProjectStep.php
No syntax errors detected in ./lib/Repair/RenameDutchColumnsMap.php
No syntax errors detected in ./lib/Repair/InitializeBbvAdministration.php
No syntax errors detected in ./lib/Repair/DbValueMigrationPort.php
No syntax errors detected in ./lib/Repair/RenameDutchColumns.php
No syntax errors detected in ./lib/Repair/FoldDunningWriteoffIntoArInvoice.php
No syntax errors detected in ./lib/Repair/RematerialiseConvertedCalculations.php
No syntax errors detected in ./lib/Repair/LoadCbsSeedsStep.php
No syntax errors detected in ./lib/Repair/BackfillFiscalPeriods.php
No syntax errors detected in ./lib/Repair/LoadDbaSeedsStep.php
No syntax errors detected in ./lib/Repair/RenameMandateCommitmentKinds.php
No syntax errors detected in ./lib/Repair/BackfillGlLineAdministration.php
No syntax errors detected in ./lib/Repair/BackfillGlLineFiscalYear.php
No syntax errors detected in ./lib/Repair/RenameDutchValues.php
No syntax errors detected in ./lib/Repair/FoldExpensesAndHoursIntoProject.php
No syntax errors detected in ./lib/Repair/StampJournalTypeOnGlTransactions.php
No syntax errors detected in ./lib/Repair/Support/RunsUnderSystemIdentity.php
No syntax errors detected in ./lib/Repair/Support/ArInvoiceProvenance.php
No syntax errors detected in ./lib/Repair/Support/ReadsSourceRowsInBatches.php
No syntax errors detected in ./lib/Repair/FoldIntoOrder.php
No syntax errors detected in ./lib/Repair/LoadSbrXbrlSeedsStep.php
No syntax errors detected in ./lib/Repair/PeriodCloseBackfill.php
No syntax errors detected in ./lib/Repair/RenameCollidingSchemaSlugs.php
No syntax errors detected in ./lib/Repair/RenameDutchValueDecisions.php
No syntax errors detected in ./lib/Repair/RenameCommitmentSchemas.php
No syntax errors detected in ./lib/Repair/RetireSubsidieSchema.php
No syntax errors detected in ./lib/Repair/DelegateSigningMigrationRepair.php
No syntax errors detected in ./lib/Integration/PaymentRequestLeafProvider.php
No syntax errors detected in ./lib/Integration/ContractLeafProvider.php
No syntax errors detected in ./lib/PaymentRun/Generator/SepaPain001Generator.php
No syntax errors detected in ./lib/PaymentRun/Generator/PaymentRunGeneratorInterface.php
No syntax errors detected in ./lib/PaymentRun/Generator/PaymentRunCsvGenerator.php
No syntax errors detected in ./lib/PaymentRun/RenderedFile.php
No syntax errors detected in ./lib/PaymentRun/PaymentRunReconciliationService.php
No syntax errors detected in ./lib/PaymentRun/Camt053StatementParser.php
No syntax errors detected in ./lib/PaymentRun/PaymentRunExportService.php
No syntax errors detected in ./lib/Reporting/ReportSection.php
No syntax errors detected in ./lib/Reporting/ReportGenerationService.php
No syntax errors detected in ./lib/Reporting/ReportGeneratorInterface.php
No syntax errors detected in ./lib/Reporting/Generator/ManagementLetterReportGenerator.php
No syntax errors detected in ./lib/Reporting/Generator/GeneralLedgerReportGenerator.php
No syntax errors detected in ./lib/Reporting/Generator/BbvJaarstukkenReportGenerator.php
No syntax errors detected in ./lib/Reporting/Generator/AbstractDocumentReportGenerator.php
No syntax errors detected in ./lib/Reporting/Generator/XafAuditfileGenerator.php
No syntax errors detected in ./lib/Reporting/Generator/Iv3ReportGenerator.php
No syntax errors detected in ./lib/Reporting/Generator/ReportDataTrait.php
No syntax errors detected in ./lib/Reporting/Generator/VatReturnReportGenerator.php
No syntax errors detected in ./lib/Reporting/Generator/SaftReportGenerator.php
No syntax errors detected in ./lib/Reporting/Generator/RuleAuditReportGenerator.php
No syntax errors detected in ./lib/Reporting/Generator/BalanceSheetReportGenerator.php
No syntax errors detected in ./lib/Reporting/Generator/AnnualAccountsReportGenerator.php
No syntax errors detected in ./lib/Reporting/Generator/ProfitLossReportGenerator.php
No syntax errors detected in ./lib/Reporting/Generator/TrialBalanceReportGenerator.php
No syntax errors detected in ./lib/Reporting/ReportCatalogue.php
No syntax errors detected in ./lib/Reporting/ReportTable.php
No syntax errors detected in ./lib/Reporting/GeneratedFile.php
No syntax errors detected in ./lib/Reporting/DocudeskUnavailableException.php
No syntax errors detected in ./lib/Reporting/ReportTableCell.php
No syntax errors detected in ./lib/AppInfo/FilteredObjectListenerTrait.php
No syntax errors detected in ./lib/AppInfo/BudgetScenarioRegistration.php
No syntax errors detected in ./lib/AppInfo/OrderFulfilmentGateRegistration.php
No syntax errors detected in ./lib/AppInfo/SigningDelegationRegistration.php
No syntax errors detected in ./lib/AppInfo/Application.php
No syntax errors detected in ./lib/AppInfo/LedgerPostingRegistration.php
No syntax errors detected in ./lib/Lifecycle/StockMoveReasonGuard.php
No syntax errors detected in ./lib/Lifecycle/DunningRunExecuteGuard.php
No syntax errors detected in ./lib/Lifecycle/CsrdEsrsGuard.php
No syntax errors detected in ./lib/Lifecycle/BbvComplianceGuard.php
No syntax errors detected in ./lib/Lifecycle/AnnualBudgetDefaultGuard.php
No syntax errors detected in ./lib/Lifecycle/StockReservationGuard.php
No syntax errors detected in ./lib/Lifecycle/ConsolidationGuard.php
No syntax errors detected in ./lib/Lifecycle/StockMoveOffsetCreator.php
No syntax errors detected in ./lib/Lifecycle/OpenBalanceGuard.php
No syntax errors detected in ./lib/Lifecycle/StatementParser.php
No syntax errors detected in ./lib/Lifecycle/BookingCancellationGuard.php
No syntax errors detected in ./lib/Lifecycle/WbsoDocumentGuard.php
No syntax errors detected in ./lib/Lifecycle/OrderFulfilmentGuard.php
No syntax errors detected in ./lib/Lifecycle/FourEyesPaymentRunGuard.php
No syntax errors detected in ./lib/Lifecycle/CommitmentGuard.php
No syntax errors detected in ./lib/Lifecycle/APGuard.php
No syntax errors detected in ./lib/Lifecycle/EuExpenditureGuard.php
No syntax errors detected in ./lib/Lifecycle/SupplierQualificationGuard.php
No syntax errors detected in ./lib/Lifecycle/SubsidieVerantwoordingGuard.php
No syntax errors detected in ./lib/Lifecycle/QuoteOrderInvoiceGuard.php
No syntax errors detected in ./lib/Lifecycle/WbsoTransactionGuard.php
No syntax errors detected in ./lib/Lifecycle/BcfClaimGuard.php
No syntax errors detected in ./lib/Lifecycle/PaymentRunDuplicateGuard.php
No syntax errors detected in ./lib/Lifecycle/CcmFindingGuard.php
No syntax errors detected in ./lib/Lifecycle/SupportingDocumentGuard.php
No syntax errors detected in ./lib/Lifecycle/IrregularityReportGuard.php
No syntax errors detected in ./lib/Lifecycle/ProvisionGuard.php
No syntax errors detected in ./lib/Lifecycle/LotTrackingReceiptGuard.php
No syntax errors detected in ./lib/Lifecycle/ContractLifecycleGuard.php
No syntax errors detected in ./lib/Lifecycle/GLReversalGuard.php
No syntax errors detected in ./lib/Lifecycle/AnnualReportGuard.php
No syntax errors detected in ./lib/Lifecycle/PeriodStatusGuard.php
No syntax errors detected in ./lib/Lifecycle/InvoiceFromBookingGuard.php
No syntax errors detected in ./lib/Lifecycle/BudgetOverrunGuard.php
No syntax errors detected in ./lib/Lifecycle/SettlementGuard.php
No syntax errors detected in ./lib/Lifecycle/EliminationGuard.php
No syntax errors detected in ./lib/Lifecycle/AansluitingResolutionGuard.php
No syntax errors detected in ./lib/Lifecycle/VatPreconditionGuard.php
No syntax errors detected in ./lib/Lifecycle/ObjectionPeriodGuard.php
No syntax errors detected in ./lib/Lifecycle/StockMoveImmutabilityGuard.php
No syntax errors detected in ./lib/Lifecycle/ImportBatchGuard.php
No syntax errors detected in ./lib/Lifecycle/WbsoMededelingGuard.php
No syntax errors detected in ./lib/Lifecycle/FiscalYearGuard.php
No syntax errors detected in ./lib/Lifecycle/KlantLadderOverrideApprovalGuard.php
No syntax errors detected in ./lib/Lifecycle/VpbAangifteGuard.php
No syntax errors detected in ./lib/Lifecycle/DualGaapGuard.php
No syntax errors detected in ./lib/Lifecycle/AuditTrailGuard.php
No syntax errors detected in ./lib/Lifecycle/AuditorStatementGuard.php
No syntax errors detected in ./lib/Lifecycle/DesinvesteringsbijtellingGuard.php
No syntax errors detected in ./lib/Lifecycle/ExpenseReimbursementGuard.php
No syntax errors detected in ./lib/Lifecycle/DestructionScheduleGuard.php
No syntax errors detected in ./lib/Lifecycle/EliminationBalanceGuard.php
No syntax errors detected in ./lib/Lifecycle/SegregatedLedgerGuard.php
No syntax errors detected in ./lib/Lifecycle/ExpenseClaimGuard.php
No syntax errors detected in ./lib/Lifecycle/RegisterRequiresGuardAdapter.php
No syntax errors detected in ./lib/Lifecycle/IntercompanyToleranceGuard.php
No syntax errors detected in ./lib/Lifecycle/RuleComplianceGuard.php
No syntax errors detected in ./lib/Lifecycle/JournalEntryGuard.php
No syntax errors detected in ./lib/Lifecycle/PayrollGuard.php
No syntax errors detected in ./lib/Lifecycle/VpbBerekeningGuard.php
No syntax errors detected in ./lib/Lifecycle/ThreeWayMatchGuard.php
No syntax errors detected in ./lib/Lifecycle/PensionIas19Guard.php
No syntax errors detected in ./lib/Lifecycle/DBAComplianceGuard.php
No syntax errors detected in ./lib/Lifecycle/PeriodCloseGuard.php
No syntax errors detected in ./lib/Lifecycle/VarianceGate.php
No syntax errors detected in ./lib/Lifecycle/ENSIAValidationGuard.php
No syntax errors detected in ./lib/Lifecycle/BudgetBlocker.php
No syntax errors detected in ./lib/Lifecycle/TenderNedProcurementGuard.php
No syntax errors detected in ./lib/Lifecycle/InventoryValuationMethodGuard.php
No syntax errors detected in ./lib/Lifecycle/WBSOExportValidationGuard.php
No syntax errors detected in ./lib/Lifecycle/MandateEnforcer.php
No syntax errors detected in ./lib/Lifecycle/InvoiceGuard.php
No syntax errors detected in ./lib/Lifecycle/CbcrPillar2Guard.php
No syntax errors detected in ./lib/Lifecycle/RetainerGuard.php
No syntax errors detected in ./lib/Lifecycle/RechtmatigheidGuard.php
No syntax errors detected in ./lib/Lifecycle/LotSellabilityGuard.php
No syntax errors detected in ./lib/Lifecycle/FidoTreasuryGuard.php
No syntax errors detected in ./lib/Lifecycle/SubmissionWindowGuard.php
No syntax errors detected in ./lib/Lifecycle/BegrotingswijzigingGuard.php
No syntax errors detected in ./lib/Lifecycle/WriteOffReasonGuard.php
No syntax errors detected in ./lib/Lifecycle/IcpFinalizeGuard.php
No syntax errors detected in ./lib/Lifecycle/DunningGuard.php
No syntax errors detected in ./lib/Lifecycle/FrameworkAgreementDrawdownGuard.php
No syntax errors detected in ./lib/Lifecycle/PreNotificationGuard.php
No syntax errors detected in ./lib/Lifecycle/RequisitionConversionGuard.php
No syntax errors detected in ./lib/Lifecycle/ProgrammabegrotingGuard.php
No syntax errors detected in ./lib/Lifecycle/VoluntaryDeclineGuard.php
No syntax errors detected in ./lib/Lifecycle/RepostingEligibilityGuard.php
No syntax errors detected in ./lib/Lifecycle/MandateGuard.php
No syntax errors detected in ./lib/Lifecycle/ComplianceValidator.php
No syntax errors detected in ./lib/Lifecycle/IntercompanyTransactionGuard.php
No syntax errors detected in ./lib/Lifecycle/LeaseContractGuard.php
No syntax errors detected in ./lib/Lifecycle/InventoryPostingGuard.php
No syntax errors detected in ./lib/Lifecycle/Action/AppendReopenHistoryAction.php
No syntax errors detected in ./lib/Lifecycle/Action/MaterialiseGlTransactionAction.php
No syntax errors detected in ./lib/Lifecycle/Action/EvaluateAllocationRulesAction.php
No syntax errors detected in ./lib/Lifecycle/BalanceGuard.php
No syntax errors detected in ./lib/Lifecycle/SequenceTypeGuard.php
No syntax errors detected in ./lib/Sort/FefoSort.php
No syntax errors detected in ./lib/Util/ObjectIdentifier.php
No syntax errors detected in ./lib/Util/TokenValidator.php
No syntax errors detected in ./lib/Util/PdfDocument.php
No syntax errors detected in ./lib/Service/InventoryScanService.php
No syntax errors detected in ./lib/Service/BankfeedMatcher.php
No syntax errors detected in ./lib/Service/WbsoRbacResolver.php
No syntax errors detected in ./lib/Service/LeaseRecognitionService.php
No syntax errors detected in ./lib/Service/PaymentSettlementService.php
No syntax errors detected in ./lib/Service/PeriodCloseService.php
No syntax errors detected in ./lib/Service/ContributionDebtorResolver.php
No syntax errors detected in ./lib/Service/CarryForwardLossService.php
No syntax errors detected in ./lib/Service/ThreeWayMatchingEngine.php
No syntax errors detected in ./lib/Service/ComplianceDeadlineCalendarService.php
No syntax errors detected in ./lib/Service/ComplianceExportService.php
No syntax errors detected in ./lib/Service/Signing/SignoffDecisionService.php
No syntax errors detected in ./lib/Service/Signing/SigningDelegationService.php
No syntax errors detected in ./lib/Service/RecurringSeriesService.php
No syntax errors detected in ./lib/Service/UsageRatingCalculator.php
No syntax errors detected in ./lib/Service/UrenNormDeterminationService.php
No syntax errors detected in ./lib/Service/BankRuleSuggestionService.php
No syntax errors detected in ./lib/Service/IcsService.php
No syntax errors detected in ./lib/Service/DepositReconciliationService.php
No syntax errors detected in ./lib/Service/TaxCalculationHelper.php
No syntax errors detected in ./lib/Service/DisposalJournalEmitter.php
No syntax errors detected in ./lib/Service/LegesIntakeStepService.php
No syntax errors detected in ./lib/Service/ConsolidationGuard.php
No syntax errors detected in ./lib/Service/IcpCalculator.php
No syntax errors detected in ./lib/Service/SoftCloseExecutor.php
No syntax errors detected in ./lib/Service/ProgrammabegrotingService.php
No syntax errors detected in ./lib/Service/AuditExportService.php
No syntax errors detected in ./lib/Service/MilestoneTemplateService.php
No syntax errors detected in ./lib/Service/BadoControleprotocolCalculator.php
No syntax errors detected in ./lib/Service/BudgetProjectionReader.php
No syntax errors detected in ./lib/Service/FluxService.php
No syntax errors detected in ./lib/Service/LeaseDecideskWebhookService.php
No syntax errors detected in ./lib/Service/PeriodCloseException.php
No syntax errors detected in ./lib/Service/LeasePaymentScheduleService.php
No syntax errors detected in ./lib/Service/PayrollApArHandoffService.php
No syntax errors detected in ./lib/Service/InvoicePdfGenerator.php
No syntax errors detected in ./lib/Service/IntercompanyLinkService.php
No syntax errors detected in ./lib/Service/AccountantsdossierExportService.php
No syntax errors detected in ./lib/Service/WidgetService.php
No syntax errors detected in ./lib/Service/BillingModelEngine.php
No syntax errors detected in ./lib/Service/RecurringModifierExpander.php
No syntax errors detected in ./lib/Service/FeeScheduleService.php
No syntax errors detected in ./lib/Service/Sms/SmsPhoneNumberNormalizer.php
No syntax errors detected in ./lib/Service/Sms/SmsProviderAdapterInterface.php
No syntax errors detected in ./lib/Service/Sms/SmsTemplateRenderer.php
No syntax errors detected in ./lib/Service/Sms/SmsSendResult.php
No syntax errors detected in ./lib/Service/Sms/SmsOptOutPolicy.php
No syntax errors detected in ./lib/Service/Sms/LogSmsProviderAdapter.php
No syntax errors detected in ./lib/Service/Sms/SmsReminderDispatcher.php
No syntax errors detected in ./lib/Service/FifoValuationService.php
No syntax errors detected in ./lib/Service/LeaseDisclosureService.php
No syntax errors detected in ./lib/Service/CancellationService.php
No syntax errors detected in ./lib/Service/BudgetGridReader.php
No syntax errors detected in ./lib/Service/CashflowPdfRenderer.php
No syntax errors detected in ./lib/Service/AdministrationArchivalService.php
No syntax errors detected in ./lib/Service/WmoAuditLogService.php
No syntax errors detected in ./lib/Service/SpendAnalyticsService.php
No syntax errors detected in ./lib/Service/SubjectCostService.php
No syntax errors detected in ./lib/Service/VATReturnService.php
No syntax errors detected in ./lib/Service/TrialBalanceCalculator.php
No syntax errors detected in ./lib/Service/WbsoDocumentService.php
No syntax errors detected in ./lib/Service/IntercompanyMatchingCalculator.php
No syntax errors detected in ./lib/Service/BudgetChartSeriesService.php
No syntax errors detected in ./lib/Service/AansluitingService.php
No syntax errors detected in ./lib/Service/VATCalculationService.php
No syntax errors detected in ./lib/Service/FinancialDashboardService.php
No syntax errors detected in ./lib/Service/KnownCostReader.php
No syntax errors detected in ./lib/Service/DepreciationCalculator.php
No syntax errors detected in ./lib/Service/KnownCostScheduleExpander.php
No syntax errors detected in ./lib/Service/ApprovalActivityEmitter.php
No syntax errors detected in ./lib/Service/ViesService.php
No syntax errors detected in ./lib/Service/DunningRunService.php
No syntax errors detected in ./lib/Service/ProgrammaAggregator.php
No syntax errors detected in ./lib/Service/StockLedgerService.php
No syntax errors detected in ./lib/Service/SubsidieVerantwoordingService.php
No syntax errors detected in ./lib/Service/OssRateResolver.php
No syntax errors detected in ./lib/Service/BbvSeedService.php
No syntax errors detected in ./lib/Service/BookingNotificationService.php
No syntax errors detected in ./lib/Service/SluitendCalculator.php
No syntax errors detected in ./lib/Service/TaxNotificationService.php
No syntax errors detected in ./lib/Service/BudgetScenarioEvaluator.php
No syntax errors detected in ./lib/Service/SupplierQualificationService.php
No syntax errors detected in ./lib/Service/TaxReportCalculator.php
No syntax errors detected in ./lib/Service/DemoDataService.php
No syntax errors detected in ./lib/Service/LandedCostAllocationService.php
No syntax errors detected in ./lib/Service/ContractCostRollupService.php
No syntax errors detected in ./lib/Service/WbsoTransactionService.php
No syntax errors detected in ./lib/Service/ObligationTaskBridge.php
No syntax errors detected in ./lib/Service/ContributionInvoiceBuilder.php
No syntax errors detected in ./lib/Service/TaxPaymentReconciliationService.php
No syntax errors detected in ./lib/Service/CBSExportService.php
No syntax errors detected in ./lib/Service/Commitment/CommitmentMaterialisationService.php
No syntax errors detected in ./lib/Service/Commitment/InsufficientCommitmentBudgetException.php
No syntax errors detected in ./lib/Service/IntegralCostPriceLockService.php
No syntax errors detected in ./lib/Service/RecurringInvoiceGenerator.php
No syntax errors detected in ./lib/Service/TenderNedStatusSync.php
No syntax errors detected in ./lib/Service/CashflowExportService.php
No syntax errors detected in ./lib/Service/SkuGenerator.php
No syntax errors detected in ./lib/Service/ConflictDetectionService.php
No syntax errors detected in ./lib/Service/Extraction/GlAccountSuggestionClient.php
No syntax errors detected in ./lib/Service/Extraction/ExtractionPrefillService.php
No syntax errors detected in ./lib/Service/Extraction/ChartOfAccountsCandidateService.php
No syntax errors detected in ./lib/Service/Extraction/DocudeskExtractionClient.php
No syntax errors detected in ./lib/Service/BudgetVsActualsCalculator.php
No syntax errors detected in ./lib/Service/BudgetGridCalculator.php
No syntax errors detected in ./lib/Service/WbsoAccountService.php
No syntax errors detected in ./lib/Service/ObjectPaymentRequestValidator.php
No syntax errors detected in ./lib/Service/OssInvoiceRouter.php
No syntax errors detected in ./lib/Service/TaxCalculationService.php
No syntax errors detected in ./lib/Service/BcfCompensationCalculator.php
No syntax errors detected in ./lib/Service/InventoryMobileScannerService.php
No syntax errors detected in ./lib/Service/LeaseAmortizationCalculator.php
No syntax errors detected in ./lib/Service/Dunning/IncassoDossierComposer.php
No syntax errors detected in ./lib/Service/Dunning/LogCreditScoreFetchAdapter.php
No syntax errors detected in ./lib/Service/Dunning/EvidenceRetentionEnforcer.php
No syntax errors detected in ./lib/Service/Dunning/CreditScoreService.php
No syntax errors detected in ./lib/Service/Dunning/VoluntaryReminderTemplate.php
No syntax errors detected in ./lib/Service/Dunning/LogPostNLAdapter.php
No syntax errors detected in ./lib/Service/Dunning/LogIncassoBureauAdapter.php
No syntax errors detected in ./lib/Service/Dunning/LogDunningChannelAdapter.php
No syntax errors detected in ./lib/Service/Dunning/IncassoBureauAdapterInterface.php
No syntax errors detected in ./lib/Service/Dunning/DunningChannelAdapterInterface.php
No syntax errors detected in ./lib/Service/Dunning/DunningTemplateRegistry.php
No syntax errors detected in ./lib/Service/Dunning/PostNLAdapterInterface.php
No syntax errors detected in ./lib/Service/Dunning/DunningChannelSendResult.php
No syntax errors detected in ./lib/Service/Dunning/DunningStageDispatcher.php
No syntax errors detected in ./lib/Service/Dunning/CreditScoreFetchAdapterInterface.php
No syntax errors detected in ./lib/Service/Dunning/DunningLetterComposer.php
No syntax errors detected in ./lib/Service/Dunning/VoluntaryContributionPolicy.php
No syntax errors detected in ./lib/Service/AdministrationMigrationService.php
No syntax errors detected in ./lib/Service/InnovatieboxAggregationService.php
No syntax errors detected in ./lib/Service/RuleTestDataSeeder.php
No syntax errors detected in ./lib/Service/KorThresholdCalculator.php
No syntax errors detected in ./lib/Service/AansluitingCalculator.php
No syntax errors detected in ./lib/Service/BadoControleprotocolService.php
No syntax errors detected in ./lib/Service/BudgetImpactEmitter.php
No syntax errors detected in ./lib/Service/LeaseTransitionWizard.php
No syntax errors detected in ./lib/Service/EmuReportingService.php
No syntax errors detected in ./lib/Service/Import/ImportProfileInterface.php
No syntax errors detected in ./lib/Service/Import/ImportProfile/EBoekhoudenProfile.php
No syntax errors detected in ./lib/Service/Import/ImportProfile/SnelstartProfile.php
No syntax errors detected in ./lib/Service/Import/ImportProfile/XafGenericProfile.php
No syntax errors detected in ./lib/Service/Import/ImportProfile/ExactOnlineProfile.php
No syntax errors detected in ./lib/Service/Import/ImportProfile/MoneybirdProfile.php
No syntax errors detected in ./lib/Service/Import/AuditfileParser.php
No syntax errors detected in ./lib/Service/Import/ImportPipelineService.php
No syntax errors detected in ./lib/Service/TimeIntakeService.php
No syntax errors detected in ./lib/Service/SepaAuditService.php
No syntax errors detected in ./lib/Service/Treasury/FxRevaluationService.php
No syntax errors detected in ./lib/Service/Treasury/RealisedFxSettlementService.php
No syntax errors detected in ./lib/Service/Treasury/TreasuryRateSnapshot.php
No syntax errors detected in ./lib/Service/Treasury/TreasuryRateService.php
No syntax errors detected in ./lib/Service/ToleranceProfileService.php
No syntax errors detected in ./lib/Service/PaymentRequestFinder.php
No syntax errors detected in ./lib/Service/OssPaymentReconciliation.php
No syntax errors detected in ./lib/Service/LeaseAuditPackGenerator.php
No syntax errors detected in ./lib/Service/BegrotingswijzigingStacker.php
No syntax errors detected in ./lib/Service/SalesDispatchStockIssueService.php
No syntax errors detected in ./lib/Service/LeaseReassessmentService.php
No syntax errors detected in ./lib/Service/ConnectionReportService.php
No syntax errors detected in ./lib/Service/CycleCountService.php
No syntax errors detected in ./lib/Service/AdministrationAuditTrailService.php
No syntax errors detected in ./lib/Service/WmoJaarrekeningBijlageService.php
No syntax errors detected in ./lib/Service/RevenueCutoffService.php
No syntax errors detected in ./lib/Service/AcmReportGenerator.php
No syntax errors detected in ./lib/Service/PaymentReconciliationService.php
No syntax errors detected in ./lib/Service/GrotendeelsCriteriumService.php
No syntax errors detected in ./lib/Service/KorMonitorService.php
No syntax errors detected in ./lib/Service/BbvProgrammeBudgetReader.php
No syntax errors detected in ./lib/Service/PayrollChartOfAccountsMapping.php
No syntax errors detected in ./lib/Service/PayrollWkrHandoffService.php
No syntax errors detected in ./lib/Service/ProfitAttributionService.php
No syntax errors detected in ./lib/Service/UrenTallyService.php
No syntax errors detected in ./lib/Service/AbbLifecycleService.php
No syntax errors detected in ./lib/Service/RetainerResolver.php
No syntax errors detected in ./lib/Service/OssRecordResolver.php
No syntax errors detected in ./lib/Service/MovingAverageValuationService.php
No syntax errors detected in ./lib/Service/KapitaallastenCalculator.php
No syntax errors detected in ./lib/Service/PayrollLivLkvHandoffService.php
No syntax errors detected in ./lib/Service/TrialBalanceService.php
No syntax errors detected in ./lib/Service/VatSuppletieDetectionService.php
No syntax errors detected in ./lib/Service/ENSIABevindingGenerator.php
No syntax errors detected in ./lib/Service/RuleAuditService.php
No syntax errors detected in ./lib/Service/IcpFilingService.php
No syntax errors detected in ./lib/Service/BudgetScenarioReader.php
No syntax errors detected in ./lib/Service/VsoLockingValidator.php
No syntax errors detected in ./lib/Service/InnovatieboxSbrExportService.php
No syntax errors detected in ./lib/Service/PaymentActionAuthorizer.php
No syntax errors detected in ./lib/Service/ProductCatalogService.php
No syntax errors detected in ./lib/Service/ProgrammabegrotingExporter.php
No syntax errors detected in ./lib/Service/IcpService.php
No syntax errors detected in ./lib/Service/Migration/GlLineFiscalYearBackfillMigrator.php
No syntax errors detected in ./lib/Service/Migration/BudgetSchemaSplitMigrator.php
No syntax errors detected in ./lib/Service/Migration/RevenueContractRenameMigrator.php
No syntax errors detected in ./lib/Service/Migration/GlLineAdministrationBackfillMigrator.php
No syntax errors detected in ./lib/Service/Migration/SubsidieOrderConsolidationMigrator.php
No syntax errors detected in ./lib/Service/NrvWriteDownService.php
No syntax errors detected in ./lib/Service/BudgetProjectionCalculator.php
No syntax errors detected in ./lib/Service/CrossSubsidyDetector.php
No syntax errors detected in ./lib/Service/CcmRuleEngine.php
No syntax errors detected in ./lib/Service/HrmqCostRateAdapter.php
No syntax errors detected in ./lib/Service/PurchaseOrder/PeppolTransmissionAdapterInterface.php
No syntax errors detected in ./lib/Service/PurchaseOrder/CreditNoteRequestAdapterInterface.php
No syntax errors detected in ./lib/Service/PurchaseOrder/PurchaseOrderMailerInterface.php
No syntax errors detected in ./lib/Service/PurchaseOrder/LogPurchaseOrderMailer.php
No syntax errors detected in ./lib/Service/PurchaseOrder/LogCreditNoteRequestAdapter.php
No syntax errors detected in ./lib/Service/PurchaseOrder/PeppolBisOrderMapper.php
No syntax errors detected in ./lib/Service/RequisitionService.php
No syntax errors detected in ./lib/Service/StatementManifestService.php
No syntax errors detected in ./lib/Service/PaymentRevenueAccountResolver.php
No syntax errors detected in ./lib/Service/InnovatieboxAuditEventLogger.php
No syntax errors detected in ./lib/Service/AppointmentConfirmationService.php
No syntax errors detected in ./lib/Service/BudgetProjectionService.php
No syntax errors detected in ./lib/Service/SettingsService.php
No syntax errors detected in ./lib/Service/ListenerSchemaResolver.php
No syntax errors detected in ./lib/Service/PayrollSbrConversionService.php
No syntax errors detected in ./lib/Service/OssReturnFormatter.php
No syntax errors detected in ./lib/Service/BudgetVsActualsReader.php
No syntax errors detected in ./lib/Service/NexusCalculationService.php
No syntax errors detected in ./lib/Service/ExceptionResolutionService.php
No syntax errors detected in ./lib/Service/IntercompanyJournalService.php
No syntax errors detected in ./lib/Service/InvoiceDeduplicationService.php
No syntax errors detected in ./lib/Service/SisaReportingService.php
No syntax errors detected in ./lib/Service/WmoComplianceCalculator.php
No syntax errors detected in ./lib/Service/ComplianceService.php
No syntax errors detected in ./lib/Service/SubjectCostAggregator.php
No syntax errors detected in ./lib/Service/UrenAlertService.php
No syntax errors detected in ./lib/Service/FixedAssetDisposalService.php
No syntax errors detected in ./lib/Service/IntercompanyMatchingService.php
No syntax errors detected in ./lib/Service/StandardsPolicyService.php
No syntax errors detected in ./lib/Service/RevenueRecognitionService.php
No syntax errors detected in ./lib/Service/BankRulePreviewService.php
No syntax errors detected in ./lib/Service/VendorPerformanceAggregation.php
No syntax errors detected in ./lib/Service/Payment/PaymentProviderInterface.php
No syntax errors detected in ./lib/Service/Payment/PaymentSessionResult.php
No syntax errors detected in ./lib/Service/Payment/PortalPaymentSessionResult.php
No syntax errors detected in ./lib/Service/Payment/PortalPaymentSessionService.php
No syntax errors detected in ./lib/Service/Payment/PaymentSessionRequest.php
No syntax errors detected in ./lib/Service/Payment/MolliePaymentProvider.php
No syntax errors detected in ./lib/Service/CogsPosterService.php
No syntax errors detected in ./lib/Service/AdministrationContextService.php
No syntax errors detected in ./lib/Service/TaxReportService.php
No syntax errors detected in ./lib/Service/DBAVbarMonitorService.php
No syntax errors detected in ./lib/Service/RevenueRecognitionCalculator.php
No syntax errors detected in ./lib/Service/Peppol/PeppolTransmissionPortInterface.php
No syntax errors detected in ./lib/Service/Peppol/LogPeppolTransmissionAdapter.php
No syntax errors detected in ./lib/Service/ENSIAVerklaringGenerator.php
No syntax errors detected in ./lib/Service/PaymentRequestPortalScope.php
No syntax errors detected in ./lib/Service/BcfClaimService.php
No syntax errors detected in ./lib/Service/BbvProgrammeBudgetCalculator.php
No syntax errors detected in ./lib/Service/AccountantDashboardService.php
No syntax errors detected in ./lib/Service/IntegralCostPriceCalculator.php
No syntax errors detected in ./lib/Service/UrenPrognoseService.php
No syntax errors detected in ./lib/Service/EInvoice/ArInvoiceUblMapper.php
No syntax errors detected in ./lib/Service/EInvoice/EInvoiceValidationService.php
No syntax errors detected in ./lib/Service/EInvoice/EInvoiceService.php
No syntax errors detected in ./lib/Service/QualifyingAssetValidator.php
No syntax errors detected in ./lib/Service/PeriodCloseAssistantService.php
No syntax errors detected in ./lib/Service/SupplierInvoiceService.php
No syntax errors detected in ./lib/Service/ENSIAQuestionSetLoader.php
No syntax errors detected in ./lib/Service/BIKStaffelCalculator.php
No syntax errors detected in ./lib/Service/ListenerSlugContract.php
No syntax errors detected in ./lib/Service/KnownCostScheduleExpanderInterface.php
No syntax errors detected in ./lib/Service/PurchaseOrderService.php
No syntax errors detected in ./lib/Service/KnownCostBudgetWriter.php
No syntax errors detected in ./lib/Service/ActivityCostAllocationSplitter.php
No syntax errors detected in ./lib/Service/PurchaseOrderApprovalService.php
No syntax errors detected in ./lib/Service/RequisitionConversionService.php
No syntax errors detected in ./lib/Service/RateCardResolver.php
No syntax errors detected in ./lib/Service/OssReturnGenerator.php
No syntax errors detected in ./lib/Service/External/Digipoort/DigipoortSubmissionResult.php
No syntax errors detected in ./lib/Service/External/Digipoort/DigipoortSbrAdapterInterface.php
No syntax errors detected in ./lib/Service/External/Digipoort/LogDigipoortSbrAdapter.php
No syntax errors detected in ./lib/Service/External/Kvk/KvkLookupResult.php
No syntax errors detected in ./lib/Service/External/Kvk/KvkHandelsregisterAdapterInterface.php
No syntax errors detected in ./lib/Service/External/Kvk/LogKvkHandelsregisterAdapter.php
No syntax errors detected in ./lib/Service/External/Bunq/BunqSyncResult.php
No syntax errors detected in ./lib/Service/External/Bunq/BunqBankConnectorAdapterInterface.php
No syntax errors detected in ./lib/Service/External/Bunq/LogBunqBankConnectorAdapter.php
No syntax errors detected in ./lib/Service/External/Salarisbureau/SalarisbureauPayrollRunResult.php
No syntax errors detected in ./lib/Service/External/Salarisbureau/LogSalarisbureauAdapter.php
No syntax errors detected in ./lib/Service/External/Salarisbureau/SalarisbureauAdapterInterface.php
No syntax errors detected in ./lib/Service/External/CsrdEsrsXbrl/CsrdEsrsXbrlAdapterInterface.php
No syntax errors detected in ./lib/Service/External/CsrdEsrsXbrl/LogCsrdEsrsXbrlAdapter.php
No syntax errors detected in ./lib/Service/External/CsrdEsrsXbrl/CsrdEsrsXbrlResult.php
No syntax errors detected in ./lib/Service/External/DepositPayment/DepositPaymentResult.php
No syntax errors detected in ./lib/Service/External/DepositPayment/DepositPaymentAdapterInterface.php
No syntax errors detected in ./lib/Service/External/DepositPayment/LogDepositPaymentAdapter.php
No syntax errors detected in ./lib/Service/External/TreasuryRate/TreasuryRateResult.php
No syntax errors detected in ./lib/Service/External/TreasuryRate/TreasuryRateAdapterInterface.php
No syntax errors detected in ./lib/Service/External/TreasuryRate/LogTreasuryRateAdapter.php
No syntax errors detected in ./lib/Service/External/Uwv/LogUwvLoonaangifteAdapter.php
No syntax errors detected in ./lib/Service/External/Uwv/UwvLoonaangifteAdapterInterface.php
No syntax errors detected in ./lib/Service/External/Uwv/UwvStatusResult.php
No syntax errors detected in ./lib/Service/External/Sisa/BzkSisaUploadAdapterInterface.php
No syntax errors detected in ./lib/Service/External/Sisa/LogBzkSisaUploadAdapter.php
No syntax errors detected in ./lib/Service/External/Sisa/BzkSisaUploadResult.php
No syntax errors detected in ./lib/Service/External/CcmRuleEngine/LogCcmRuleEngineAdapter.php
No syntax errors detected in ./lib/Service/External/CcmRuleEngine/CcmRuleEngineResult.php
No syntax errors detected in ./lib/Service/External/CcmRuleEngine/CcmRuleEngineAdapterInterface.php
No syntax errors detected in ./lib/Service/External/Ib47/LogIb47Adapter.php
No syntax errors detected in ./lib/Service/External/Ib47/Ib47SubmissionResult.php
No syntax errors detected in ./lib/Service/External/Ib47/Ib47AdapterInterface.php
No syntax errors detected in ./lib/Service/External/Mollie/MolliePaymentAdapterInterface.php
No syntax errors detected in ./lib/Service/External/Mollie/MolliePaymentResult.php
No syntax errors detected in ./lib/Service/External/Mollie/LogMolliePaymentAdapter.php
No syntax errors detected in ./lib/Service/External/RvO/RvOAanvraagAdapterInterface.php
No syntax errors detected in ./lib/Service/External/RvO/RvORequestResult.php
No syntax errors detected in ./lib/Service/External/RvO/LogRvOAanvraagAdapter.php
No syntax errors detected in ./lib/Service/External/Cbs/CbsIv3AdapterInterface.php
No syntax errors detected in ./lib/Service/External/Cbs/LogCbsIv3Adapter.php
No syntax errors detected in ./lib/Service/External/Cbs/LogCbsBestandenAdapter.php
No syntax errors detected in ./lib/Service/External/Cbs/CbsSubmissionResult.php
No syntax errors detected in ./lib/Service/External/Cbs/CbsBestandenAdapterInterface.php
No syntax errors detected in ./lib/Service/DropApiVerificationService.php
No syntax errors detected in ./lib/Service/InventoryGlAdjustmentPoster.php
No syntax errors detected in ./lib/Service/InvoiceGenerationService.php
No syntax errors detected in ./lib/Service/ReconciliationResolutionService.php
No syntax errors detected in ./lib/Service/ENSIAXmlExporter.php
No syntax errors detected in ./lib/Service/DoorsnijdingsVerbodValidator.php
No syntax errors detected in ./lib/Service/SuspenseAgeingService.php
No syntax errors detected in ./lib/Service/Pipelinq/LoggingTimelineRetryQueue.php
No syntax errors detected in ./lib/Service/Pipelinq/PipelinqTransportException.php
No syntax errors detected in ./lib/Service/Pipelinq/CircuitBreaker.php
No syntax errors detected in ./lib/Service/Pipelinq/RetryPolicy.php
No syntax errors detected in ./lib/Service/Pipelinq/TimelineEventDto.php
No syntax errors detected in ./lib/Service/Pipelinq/KlantbeeldTransaction.php
No syntax errors detected in ./lib/Service/Pipelinq/PipelinqConfig.php
No syntax errors detected in ./lib/Service/Pipelinq/TimelineRetryQueue.php
No syntax errors detected in ./lib/Service/Pipelinq/TimelinePublishOutcome.php
No syntax errors detected in ./lib/Service/Pipelinq/LoggingPipelinqAdminNotifier.php
No syntax errors detected in ./lib/Service/Pipelinq/CustomerBridgeMetricsService.php
No syntax errors detected in ./lib/Service/Pipelinq/PipelinqContactAdapter.php
No syntax errors detected in ./lib/Service/Pipelinq/PersistentTimelineRetryQueue.php
No syntax errors detected in ./lib/Service/Pipelinq/KlantbeeldResult.php
No syntax errors detected in ./lib/Service/Pipelinq/PipelinqContact.php
No syntax errors detected in ./lib/Service/Pipelinq/PipelinqAdminNotifier.php
No syntax errors detected in ./lib/Service/SlotService.php
No syntax errors detected in ./lib/Service/ServiceReceiptService.php
No syntax errors detected in ./lib/Service/ConfirmationMailer.php
No syntax errors detected in ./lib/Service/MultiPoConsolidationService.php
No syntax errors detected in ./lib/Service/BbvMigration/RgsAccountMapper.php
No syntax errors detected in ./lib/Service/WbsoAdministratieService.php
No syntax errors detected in ./lib/Service/ContributionRaiseService.php
No syntax errors detected in ./lib/Service/PayrollService.php
No syntax errors detected in ./lib/Service/PayrollCalculator.php
No syntax errors detected in ./lib/Service/ConsolidationMappingService.php
No syntax errors detected in ./lib/Service/CommercialActivityReviewService.php
No syntax errors detected in ./lib/Service/FinancialSeriesCalculator.php
No syntax errors detected in ./lib/Service/NoShowFeeCaptureService.php
No syntax errors detected in ./lib/Service/PayrollUpaHandoffService.php
No syntax errors detected in ./lib/Service/InventoryValuationReportService.php
No syntax errors detected in ./lib/Service/WidgetAuthService.php
No syntax errors detected in ./lib/Service/ArInvoiceIcpPdfRenderer.php
No syntax errors detected in ./lib/Service/FiscalYearContextService.php
No syntax errors detected in ./lib/Service/ContributionDeclineService.php
No syntax errors detected in ./lib/Service/Booking/ConfirmationTokenService.php
No syntax errors detected in ./lib/Service/Booking/TimezoneResolver.php
No syntax errors detected in ./lib/Service/Booking/TransactionalGuard.php
No syntax errors detected in ./lib/Service/BudgetScenarioDefaultPromoter.php
No syntax errors detected in ./lib/Service/PayrollJaaropgaveService.php
No syntax errors detected in ./lib/Service/BbvProgrammeBudgetService.php
No syntax errors detected in ./lib/Service/GRIRClearingService.php
No syntax errors detected in ./lib/Service/GoodsReceiptNoteService.php
No syntax errors detected in ./lib/Validation/BsnValidator.php
No syntax errors detected in ./lib/Validation/PhotoValidator.php
No syntax errors detected in ./lib/Validation/IbanValidator.php
No syntax errors detected in ./lib/Enums/DBAConstants.php
No syntax errors detected in ./lib/Listener/LeaseActivationListener.php
No syntax errors detected in ./lib/Listener/ReconciliationMatchToReportListener.php
No syntax errors detected in ./lib/Listener/BookingEventListener.php
No syntax errors detected in ./lib/Listener/PaymentRequestLeafRegistrationListener.php
No syntax errors detected in ./lib/Listener/DeepLinkRegistrationListener.php
No syntax errors detected in ./lib/Listener/AnnualReportSignoffRequestListener.php
No syntax errors detected in ./lib/Listener/CommitmentMaterialisationListener.php
No syntax errors detected in ./lib/Listener/TenderNedAwardDetectedListener.php
No syntax errors detected in ./lib/Listener/FeeScheduleValidationListener.php
No syntax errors detected in ./lib/Listener/InnovatieboxAuditTrailListener.php
No syntax errors detected in ./lib/Listener/ACMReportSignTransitionListener.php
No syntax errors detected in ./lib/Listener/FixedAssetDisposalListener.php
No syntax errors detected in ./lib/Listener/DeliveryDispatchListener.php
No syntax errors detected in ./lib/Listener/GLTransactionComplianceCacheListener.php
No syntax errors detected in ./lib/Listener/PeppolDeliveryStatusListener.php
No syntax errors detected in ./lib/Listener/OssPaymentReconciliationListener.php
No syntax errors detected in ./lib/Listener/DbaInvoiceMonitorListener.php
No syntax errors detected in ./lib/Listener/IntegriqCloudEventListener.php
No syntax errors detected in ./lib/Listener/ExtractionCompletedListener.php
No syntax errors detected in ./lib/Listener/GRIRClearingListener.php
No syntax errors detected in ./lib/Listener/OrderFulfilmentTransitionListener.php
No syntax errors detected in ./lib/Listener/ContractObligationTaskListener.php
No syntax errors detected in ./lib/Listener/CommitmentTransitionListener.php
No syntax errors detected in ./lib/Listener/BookingLifecycleTransitionListener.php
No syntax errors detected in ./lib/Listener/BookingCreatedTimelinePublishListener.php
No syntax errors detected in ./lib/Listener/SignoffDecisionConcludedListener.php
No syntax errors detected in ./lib/Listener/OrderFulfilmentEvidenceListener.php
No syntax errors detected in ./lib/Listener/PeppolInboundUblInvoiceListener.php
No syntax errors detected in ./lib/Listener/AppointmentCreatedListener.php
No syntax errors detected in ./lib/Listener/PosStockDecrementListener.php
No syntax errors detected in ./lib/Listener/StockMoveTransitionedListener.php
No syntax errors detected in ./lib/Listener/IntercompanyLinkListener.php
No syntax errors detected in ./lib/Listener/SigningConcludedListener.php
No syntax errors detected in ./lib/Support/DateWindow.php
No syntax errors detected in ./lib/Support/FleetAppId.php
No syntax errors detected in ./lib/Command/OrdersAuditCommand.php
No syntax errors detected in ./lib/Command/ReferencesAuditCommand.php
No syntax errors detected in ./lib/Command/RulesSeedTestDataCommand.php
No syntax errors detected in ./lib/Command/RulesAuditCommand.php
No syntax errors detected in ./lib/Sections/SettingsSection.php
No syntax errors detected in ./lib/Dashboard/BBVComplianceWidget.php
No syntax errors detected in ./lib/Guard/SubsidieRepaymentGuard.php
No syntax errors detected in ./lib/Guard/BbvComplianceGuard.php
No syntax errors detected in ./lib/Guard/JournalVoidGuard.php
No syntax errors detected in ./lib/Guard/UrencriteriumYearGuard.php
No syntax errors detected in ./lib/Guard/UrencriteriumGuard.php
No syntax errors detected in ./lib/Guard/ProjectActivationGuard.php
No syntax errors detected in ./lib/Guard/AppointmentGuard.php
No syntax errors detected in ./lib/Guard/UrenDagregistratieGuard.php
No syntax errors detected in ./lib/Guard/IbBijtellingGuard.php
No syntax errors detected in ./lib/Guard/InventoryScanGuard.php
No syntax errors detected in ./lib/Guard/Iv3XmlValidationGuard.php
No syntax errors detected in ./lib/Guard/BudgetScenarioModifierGuard.php
No syntax errors detected in ./lib/Guard/ProjectTransitionGuard.php
No syntax errors detected in ./lib/Guard/Iv3SubmissionGuard.php
No syntax errors detected in ./lib/Guard/DBAOpdrachtGuard.php
No syntax errors detected in ./lib/Guard/BcfSubmissionGuard.php
No syntax errors detected in ./lib/Guard/EmuSubmissionGuard.php
No syntax errors detected in ./lib/Guard/RateScheduleOverlapGuard.php
No syntax errors detected in ./lib/Guard/EmuCalculator.php
No syntax errors detected in ./lib/Guard/KiaSchalenLookup.php
No syntax errors detected in ./lib/Guard/BankReconciliationGuard.php
No syntax errors detected in ./lib/Guard/LocationHierarchyGuard.php
No syntax errors detected in ./lib/Guard/IntercompanyEliminationGuard.php
No syntax errors detected in ./lib/Guard/KorLockoutGuard.php
No syntax errors detected in ./lib/Guard/AccountBalanceGuard.php
No syntax errors detected in ./lib/Guard/OssThresholdGuard.php
No syntax errors detected in ./lib/Guard/InvesteringsaftrekEligibilityGuard.php
No syntax errors detected in ./lib/Guard/IbFiscalAdjustmentGuard.php
No syntax errors detected in ./lib/Guard/OssPaymentGuard.php
No syntax errors detected in ./lib/Guard/ProjectCloseGuard.php
No syntax errors detected in ./lib/Guard/VatSubmissionGuard.php
No syntax errors detected in ./lib/Guard/OssLedgerGuard.php
No syntax errors detected in ./lib/Guard/DBAScoreCalculator.php
No syntax errors detected in ./lib/Guard/CashflowRecurringGuard.php
No syntax errors detected in ./lib/Guard/KorThresholdGuard.php
No syntax errors detected in ./lib/Guard/CreditLimitGuard.php
No syntax errors detected in ./lib/Guard/RetentionGuard.php
No syntax errors detected in ./lib/Guard/StatementVerifyGuard.php
No syntax errors detected in ./lib/Guard/ProgrammaLinkGuard.php
No syntax errors detected in ./lib/Portal/PortalAssertionVerifier.php
No syntax errors detected in ./lib/Portal/PortalContributionProvider.php
No syntax errors detected in ./lib/Portal/PortalSubjectResolver.php
No syntax errors detected in ./lib/Standards/RuleEngine.php
No syntax errors detected in ./lib/Standards/Violation.php
No syntax errors detected in ./lib/Standards/ComplianceCatalogue.php
No syntax errors detected in ./lib/Standards/Checks/InvoicingExtraChecks.php
No syntax errors detected in ./lib/Standards/Checks/VatBbvLedgerTailChecks.php
No syntax errors detected in ./lib/Standards/Checks/NationalReportingTailChecks.php
No syntax errors detected in ./lib/Standards/Checks/CheckProvider.php
No syntax errors detected in ./lib/Standards/Checks/ComplianceTailChecks.php
No syntax errors detected in ./lib/Standards/Checks/FinalTailChecks.php
No syntax errors detected in ./lib/Standards/Checks/NationalExtraTailChecks.php
No syntax errors detected in ./lib/Standards/Checks/SeedsObjects.php
No syntax errors detected in ./lib/Standards/Checks/ChartOfAccountsChecks.php
No syntax errors detected in ./lib/Standards/Checks/SustainabilityChecks.php
No syntax errors detected in ./lib/Standards/Checks/RemainingVatChecks.php
No syntax errors detected in ./lib/Standards/Checks/IfrsUsGaapChecks.php
No syntax errors detected in ./lib/Standards/Checks/FinancialStatementsChecks.php
No syntax errors detected in ./lib/Standards/Checks/InvoiceMentionsTailChecks.php
No syntax errors detected in ./lib/Standards/Checks/AmlBankingChecks.php
No syntax errors detected in ./lib/Standards/Checks/PublicSectorIpsasGasbChecks.php
No syntax errors detected in ./lib/Standards/Checks/LedgerIntegrityChecks.php
No syntax errors detected in ./lib/Standards/Checks/VatChecks.php
No syntax errors detected in ./lib/Standards/Checks/OssIossChecks.php
No syntax errors detected in ./lib/Standards/Checks/InvoicingTailChecks.php
No syntax errors detected in ./lib/Standards/RuleCatalogue.php
No syntax errors detected in ./lib/Notification/RoleFallbackResolver.php
No syntax errors detected in ./lib/Notification/EInvoiceNotifier.php
No syntax errors detected in ./lib/Notification/DeadlineReminderNotifier.php
No syntax errors detected in ./lib/Notification/PosStockUnmatchedLineNotifier.php
No syntax errors detected in ./lib/Request/InvoiceGenerationRequest.php
No syntax errors detected in ./lib/Settings/AdminSettings.php
No syntax errors detected in ./.php-cs-fixer.dist.php
No syntax errors detected in ./.tmp/phpstan/resultCache.php
No syntax errors detected in ./.tmp/phpstan/cache/nette.configurator/Container_73ced49fd5.php
No syntax errors detected in ./.tmp/phpstan/cache/PHPStan/49/5b/495bd5963eb677abbacc0f90b57c1d62a7855954920389b723a1356357df8307.php
No syntax errors detected in ./.tmp/phpstan/cache/PHPStan/49/bd/49bd5efd6196486f2620d31e32bf5f69b5978813ba810075eef5d861152a5e14.php
No syntax errors detected in ./.tmp/phpstan/cache/PHPStan/49/7f/497f1df718eaeb90c0be4baec4a78049810c901cd1961a9f9e37fe8328028722.php
No syntax errors detected in ./.tmp/phpstan/cache/PHPStan/49/37/4937e7d396996ec7c0d31fdd79acd5a3523f07198ebdb755c803545830c1228d.php
No syntax errors detected in ./.tmp/phpstan/cache/PHPStan/49/ab/49ab52f8959950b96c4a9ca9f06cda038abeecf257035dd0d672dacd23029089.php
No syntax errors detected in ./.tmp/phpstan/cache/PHPStan/49/43/494399008977514e7ac554d468597186b0ec02362259baea43c59b3fe697720a.php
No syntax errors detected in ./.tmp/phpstan/cache/PHPStan/49/59/495920e6c760a8392aadaca21e425581e76934f20272e33d26e49638ea56ac41.php
No syntax errors detected in ./.tmp/phpstan/cache/PHPStan/6d/73/6d736d1e968dc6b137b7ac83a0446faa22bbd4c09b052a05a2145a182ca206b7.php
No syntax errors detected in ./.tmp/phpstan/cache/PHPStan/6d/7f/6d7f9dc683c1d481733249e747e1b0094ed4a84054b97bf192032a6ed9166398.php
No syntax errors detected in ./.tmp/phpstan/cache/PHPStan/6d/8a/6d8a6942f77b2a2d758c24fe698bad7a87dc67675ee72b1ecd39e213b1993f0e.php
No syntax errors detected in ./.tmp/phpstan/cache/PHPStan/6d/b5/6db5081ccab0699a8c07af6c106d9deb53cb65acba8218dcc4398252355e30f4.php
No syntax errors detected in ./.tmp/phpstan/cache/PHPStan/6d/10/6d10077ee7dbf622c485e0463dcbd6671d6c19d119143178cd36306268863680.php
No syntax errors detected in ./.tmp/phpstan/cache/PHPStan/52/06/5206db1894e9f6b1abcec311729f8dacb1703bc80886e884226b4aec73b3c600.php
No syntax errors detected in ./.tmp/phpstan/cache/PHPStan/52/86/5286e233443f48a239760cf76da89d6f34f077a4802cdefcd181f2891fea667f.php
No syntax errors detected in ./.tmp/phpstan/cache/PHPStan/52/2e/522e228830bfb51a1d1cabfd8031d24aaa61a8e9844abfcbcaa92bb169cf3e13.php
No syntax errors detected in ./.tmp/phpstan/cache/PHPStan/52/04/5204480cbd2b936c756dcff288470333ff0d0709681d49a93901e163ba8a43cc.php
No syntax errors detected in ./.tmp/phpstan/cache/PHPStan/52/9d/529dd9f979f7e8d01225e350780d40330fae46800f6afc4945727bb36f837665.php
No syntax errors detected in ./.tmp/phpstan/cache/PHPStan/52/ab/52abd3f25b2dd8f31d4d9b3a186373f5c0aafafee30a28df3bb33daa7d0b2f7b.php
No syntax errors detected in ./.tmp/phpstan/cache/PHPStan/27/ad/27ad465335c7cad5a58612b4308424a809c3634bd62b3a9e05b366ae716d6bf8.php
No syntax errors detected in ./.tmp/phpstan/cache/PHPStan/27/05/27055529eb398887b33efcfe57010b0a1086f98bfc2f28b36ab016deebba661f.php
No syntax errors detected in ./.tmp/phpstan/cache/PHPStan/27/7a/277ad600219b2471c2d9b7b11f2c8f108d17faf5b36094d27901de3301d20342.php
No syntax errors detected in ./.tmp/phpstan/cache/PHPStan/27/16/2716ad17e2499788e0c975d6990a368f1a1e934ff09b93596385497441b46f1b.php
No syntax errors detected in ./.tmp/phpstan/cache/PHPStan/27/ca/27caab4c2fc3f0e8386cad3fe5c11a810f07fee68c64e540b8433f969e5c29c5.php
No syntax errors detected in ./.tmp/phpstan/cache/PHPStan/27/22/27229d11c87fa52cba13c87fe06d133487aa928506c0362847c961390f79b908.php
No syntax errors detected in ./.tmp/phpstan/cache/PHPStan/c5/fb/c5fbee70bf324a81c66f75f7ca45eb3a991f37306c21635cf7269521ff935939.php
No syntax errors detected in ./.tmp/phpstan/cache/PHPStan/c5/8d/c58d65248fb585923cefd2adab19feb6526c353da7dc6e9fad2845eb6efe559d.php
No syntax errors detected in ./.tmp/phpstan/cache/PHPStan/c5/b8/c5b8c5d09ad5343964c06d53011faf8a6595b46676f399e2288076a33753d367.php
No syntax errors detected in ./.tmp/phpstan/cache/PHPStan/c5/29/c529672aa1de1c7b2e59c444d2baa5d5c4177abd172bc703eabc088fe602c0fe.php
No syntax errors detected in ./.tmp/phpstan/cache/PHPStan/c5/b2/c5b2593d59437a61b2d59ee7d719d8c494012b1c931ab87e167b97c8663ac775.php
No syntax errors detected in ./.tmp/phpstan/cache/PHPStan/c5/b1/c5b1d344310d5ec907ec3a2dabf069f860788397f5f5728a244bfe1a92a2097f.php
No syntax errors detected in ./.tmp/phpstan/cache/PHPStan/c5/a0/c5a02f34188ccf96fca3e5fccfd34b4f785f8f157889fc60c883e76e51d56f9d.php
No syntax errors detected in ./.tmp/phpstan/cache/PHPStan/1c/4c/1c4cbe8dd110d3f242c417edd0d6db19c707d0e8f48ea960e9feae129d5b00b6.php
No syntax errors detected in ./.tmp/phpstan/cache/PHPStan/1c/15/1c15d5196276f4a7ab1b19a7c58fb06b25c5bcc2bd4507c0af7ef5528bc65d68.php
No syntax errors detected in ./.tmp/phpstan/cache/PHPStan/1c/61/1c618a646f8c75bc243d9a6c51abbd69af98e957933d647bf0e0de656b64d131.php
No syntax errors detected in ./.tmp/phpstan/cache/PHPStan/1c/93/1c93f487ff80d50c6ab96b5ec389d3b2b2b2ffe70351b733a015ffcdf6423ef2.php
No syntax errors detected in ./.tmp/phpstan/cache/PHPStan/1c/4d/1c4d4b8a47d76ceef15b49194ca2000b24db9588d54351e9d85e686b24284345.php
No syntax errors detected in ./.tmp/phpstan/cache/PHPStan/1c/dc/1cdc9f9f1942ef9a4d348709c9867281f538433f11e7b1738afadc4e3a0c6055.php
No syntax errors detected in ./.tmp/phpstan/cache/PHPStan/1c/5d/1c5d19088be646e0dda8f6359bcbd4ccca2c2ff2fdd0fb6515838d02cb497fe3.php
No syntax errors detected in ./.tmp/phpstan/cache/PHPStan/0a/b0/0ab0950b4b29398753eb6dbcdae3f1a58b43fa2f8434da8dba314495732ab7b1.php
No syntax errors detected in ./.tmp/phpstan/cache/PHPStan/0a/8c/0a8c7df6bf9d9b8233d4238317b4b6fd4a64db7e143be61a492122423a8de9b4.php
No syntax errors detected in ./.tmp/phpstan/cache/PHPStan/0a/a9/0aa92e785a729181ac0a5587ddf1adf3ba6920f70719e53ed09fa41699a2185e.php
No syntax errors detected in ./.tmp/phpstan/cache/PHPStan/0a/9c/0a9c2174978ed8a659bf9dd6bd21fbdb7196079bc0fbad0256702a2065425fe7.php
No syntax errors detected in ./.tmp/phpstan/cache/PHPStan/0a/9b/0a9bbcaaaf4b88ed7edb81fff4ed3b38eeec212364ace56267db60c62e9c13c4.php
No syntax errors detected in ./.tmp/phpstan/cache/PHPStan/0a/00/0a002e3c5b3939b6fae177787290c60c83de07295dae94c593935d58d56a8536.php
No syntax errors detected in ./.tmp/phpstan/cache/PHPStan/0a/b5/0ab56ee75ad367c2419143bc7b7c1c2f5b2f6c83343af3c28b5476a41efe5777.php
No syntax errors detected in ./.tmp/phpstan/cache/PHPStan/0a/04/0a046f5c5a69b13eb6906e4d87055c04d98171e8f67ec4ca65994eab50a4ac45.php
No syntax errors detected in ./.tmp/phpstan/cache/PHPStan/0a/03/0a03ed0fbfb36b411318229076abfa7ae8a4e2cbff670f3052c78b0d29eefd1d.php
No syntax errors detected in ./.tmp/phpstan/cache/PHPStan/0a/ac/0aac0adb09f973315c9505f64147c3e8bcfc928d271ade41c73b32ccdcfd42a4.php
No syntax errors detected in ./.tmp/phpstan/cache/PHPStan/0a/ac/0aacfa63aeba966ad06725f259f3671c087b4ff1a7fe63a6855535db20f7bbaa.php
No syntax errors detected in ./.tmp/phpstan/cache/PHPStan/7d/82/7d82bf71d1ae7edb3a3dcbfb0f7c6e0be59fdc0728f6c55261dd35ca68929348.php
No syntax errors detected in ./.tmp/phpstan/cache/PHPStan/7d/e3/7de3ff89b31dccc8006d18ee0cd66d333d89bfb888fcf45d5d91105f64d0831a.php
No syntax errors detected in ./.tmp/phpstan/cache/PHPStan/7d/b0/7db0869c2f89b4b2dde28548361aafaea37dd25d1a413f307bf73d5de0ef29b9.php
No syntax errors detected in ./.tmp/phpstan/cache/PHPStan/7d/24/7d24e70dc089b2664da5a4b5c54726f1add449c3f05fe1ab390e24d46af8d641.php
No syntax errors detected in ./.tmp/phpstan/cache/PHPStan/7d/37/7d379e4c41efe35b6a2f6066b4be1f478e4d4d3c7675b3d8e162dcdc0513e6bb.php
No syntax errors detected in ./.tmp/phpstan/cache/PHPStan/7d/3f/7d3fade2a1fb9298ceb3d745943a3583af74f2bff6601107a03f28361436ec34.php
No syntax errors detected in ./.tmp/phpstan/cache/PHPStan/7d/a7/7da7e7a5a4f4d2e2ff3b595ea8236f1ca5ffe27cb9657b4288d5078cdbd4e949.php
No syntax errors detected in ./.tmp/phpstan/cache/PHPStan/7d/6c/7d6c977d5ec51f88cc22664d92fe906cce5c662fe3de287af191f773afa61240.php
No syntax errors detected in ./.tmp/phpstan/cache/PHPStan/7d/c2/7dc26145dda309e61a0d287c9b3d3d47fd55d5472f2bdee386ad89573b9e8a8e.php
No syntax errors detected in ./.tmp/phpstan/cache/PHPStan/7d/b9/7db9eca77cb14e43767d30fed7592f171bfc107de14c82379f36cc65bc5a68e3.php
No syntax errors detected in ./.tmp/phpstan/cache/PHPStan/20/c3/20c3ca383ba8eab23df3a0f0e837c48f6e8d701d955edd0f4247d377a4ae3353.php
No syntax errors detected in ./.tmp/phpstan/cache/PHPStan/20/a5/20a5ea5e52046f45d3070429ef73d1c76a3819d614f61ee20995df311ebc74d1.php
No syntax errors detected in ./.tmp/phpstan/cache/PHPStan/20/35/203504b970a23bf26fcba82917d763760480e495c87977ff255cfcef88ccafe0.php
No syntax errors detected in ./.tmp/phpstan/cache/PHPStan/20/5c/205cd4f4bb705a320ca14da63a5ced3e0e053246c86d8cac9a4888fa562c2930.php
No syntax errors detected in ./.tmp/phpstan/cache/PHPStan/20/0b/200bcfd4099c78adf9f3de8669e51f1be4c82be872e62b9975f0c9e40bc27956.php
No syntax errors detected in ./.tmp/phpstan/cache/PHPStan/20/76/20768600272ac5718bc60c8295b92daa5ae5bed700b4ce538c47dd572bc46966.php
No syntax errors detected in ./.tmp/phpstan/cache/PHPStan/20/11/20113803661ee0678a25283b49e05d3f63e2e6ba8a87a0e4a5cb88f36466cbaa.php
No syntax errors detected in ./.tmp/phpstan/cache/PHPStan/20/90/209094aac1a5416f37f0301056bc030d1aeea7fa9e372b90f19945266133dfa3.php
No syntax errors detected in ./.tmp/phpstan/cache/PHPStan/20/65/2065059411b2d3fa5b1a58fb44129364605476cbcce24e8a8402296a049f19e5.php
No syntax errors detected in ./.tmp/phpstan/cache/PHPStan/20/b3/20b32beb9738f7b25b63e93a21a5365a94df5c7c03711b9b70b9c0ef783adb51.php
No syntax errors detected in ./.tmp/phpstan/cache/PHPStan/20/18/20181dec0fd16d738345e497b826bad74db86539bcb537d5ba2484649d36b3f0.php
No syntax errors detected in ./.tmp/phpstan/cache/PHPStan/20/2f/202f83b2eff0040f8cf37c88707667fd46f502f1828514fa7a6894be7ab6cddb.php
No syntax errors detected in ./.tmp/phpstan/cache/PHPStan/82/1c/821cc2f1873759e68f6d8489eb8ba0816e258f67a07f21b1f4c0231aad1a7ab5.php
No syntax errors detected in ./.tmp/phpstan/cache/PHPStan/82/35/8235bc6c4ca8553167459b0712e245fd4b944a0791b0cd908dd566752c7ed4f3.php
No syntax errors detected in ./.tmp/phpstan/cache/PHPStan/82/12/8212357404b22f6112c8473c25e2506e992464f173922e0baf7e28099fa26ba9.php
No syntax errors detected in ./.tmp/phpstan/cache/PHPStan/82/ed/82ed5fb7a2bcec864cd5b8db5878e2b3a493360e8aabf35573566632498a896f.php
No syntax errors detected in ./.tmp/phpstan/cache/PHPStan/82/11/821149bd4b0f8f8112526781ea4af01d4d546a80b199e3bfa7b891a195d3226e.php
No syntax errors detected in ./.tmp/phpstan/cache/PHPStan/82/cb/82cb3d4e7cf74090330c8cc368d5c8b84a5f5dc689d634cfe18eb87a97a4f559.php
No syntax errors detected in ./.tmp/phpstan/cache/PHPStan/82/26/8226df170f54b8a185c49d3ee7b8da661f2c0344f7dd40c42f53f38fc25f20f1.php
No syntax errors detected in ./.tmp/phpstan/cache/PHPStan/82/e7/82e7e1c75ccbfb5a192a81d0b8fe43098b6e0e36219e4b2d5b98b91265e836b5.php
No syntax errors detected in ./.tmp/phpstan/cache/PHPStan/82/fc/82fc851ef26aba17910a3e43eb95390a7fcb8b2ea8c18b8341dc63afceb74cd4.php
No syntax errors detected in ./.tmp/phpstan/cache/PHPStan/8e/1c/8e1c2875ebbcbf3abd0fb10da08f7c8014445c0cccc0d3d69c19f27d869df2d7.php
No syntax errors detected in ./.tmp/phpstan/cache/PHPStan/8e/25/8e25a76ff79f075bfb095a3e659e0e142a33a3899761f059bf2e19e8b66fdaad.php
No syntax errors detected in ./.tmp/phpstan/cache/PHPStan/8e/3b/8e3bd0805f5d8e40213e1b3333186eb96b33dcefb9bcc975a738b7ecf2bb7a5c.php
No syntax errors detected in ./.tmp/phpstan/cache/PHPStan/8e/37/8e37cef4dade99f3baea3766509c884b59e2959de06ccb92ef04809c7d663dc0.php
No syntax errors detected in ./.tmp/phpstan/cache/PHPStan/8e/f8/8ef8badb319df34c375c9a31ecbaa3bd6159d430dd8f77e30f04e446cbf16e07.php
No syntax errors detected in ./.tmp/phpstan/cache/PHPStan/8e/d8/8ed8f5c64e4d731c6c79c2d4eb99431ae45c7e0769892c2bd68871b99e1e288c.php
No syntax errors detected in ./.tmp/phpstan/cache/PHPStan/8e/93/8e93a65d6cfed1e53c7839bef23aabb14e0bf2b554857ef17926b2d3e3534d0e.php
No syntax errors detected in ./.tmp/phpstan/cache/PHPStan/8e/ef/8eef60927434d3d418e68e3bbb1b12f5779993e4d5d4d05a407fbf654109080b.php
No syntax errors detected in ./.tmp/phpstan/cache/PHPStan/8e/92/8e92b1b07c43dab9ca797c7f74290c9df5c756732194e6542009aa957f050a92.php
No syntax errors detected in ./.tmp/phpstan/cache/PHPStan/8e/03/8e03c361b951817c85185ae091bbaa883e0d9632d376c23785d20902fa1a297c.php
No syntax errors detected in ./.tmp/phpstan/cache/PHPStan/8e/a6/8ea65a3aa2b05c895d1f29b60f117932825f4e2fab004c105d5a828a49879de2.php
No syntax errors detected in ./.tmp/phpstan/cache/PHPStan/06/cc/06cc886ac7de5c8a7de9e180da5f8ec8d2156ea2b9ac1d501c3c1f0adb0d8852.php
No syntax errors detected in ./.tmp/phpstan/cache/PHPStan/06/86/0686aaae07f7e6f257a4c9095bbd924acaed219dd365357a57ec9345d5109a24.php
No syntax errors detected in ./.tmp/phpstan/cache/PHPStan/06/25/062582974aaecaa225b919346724444dfd9c6efdcce40877e72aa6bcd91c08d8.php
No syntax errors detected in ./.tmp/phpstan/cache/PHPStan/06/21/062196da8a5c812ec3eb85d0411de5507a53d626a5ce8ba4d5a99ef581882c78.php
No syntax errors detected in ./.tmp/phpstan/cache/PHPStan/e3/a8/e3a84d020816750883592334345501ff86a9a8b02da69b9cc21b23f88da68654.php
No syntax errors detected in ./.tmp/phpstan/cache/PHPStan/e3/ed/e3ed1ebc473b1ccaa43f9a6b02979953c7eaee6f217ef5c1b37fb47205eecd38.php
No syntax errors detected in ./.tmp/phpstan/cache/PHPStan/e3/ef/e3ef95c09feea3411f5142e3942af5e5521bb5e4359427e764bc19a02a116e71.php
No syntax errors detected in ./.tmp/phpstan/cache/PHPStan/e3/91/e391e9948215bfa186c690313afd58b277ce0fb3b6ed6cc4724dced030d89747.php
No syntax errors detected in ./.tmp/phpstan/cache/PHPStan/e3/16/e3160229dcb4892b93af8044131e0acd13700915db1956bdbc030c4318c760bf.php
No syntax errors detected in ./.tmp/phpstan/cache/PHPStan/e3/3a/e33abca673f4f72208b93d7ff82888ef3de3a7508c93cf9bb762959e7f7d1342.php
No syntax errors detected in ./.tmp/phpstan/cache/PHPStan/e3/09/e3098811e6090798118a1ac8eb7c89054de5897a406608effbb57a6f6217fa1e.php
No syntax errors detected in ./.tmp/phpstan/cache/PHPStan/e3/a6/e3a62f5a4eaaee860458604f47b5ec695ca4d1ff93bd98bf7073bbb5ce8eaed2.php
No syntax errors detected in ./.tmp/phpstan/cache/PHPStan/c3/0a/c30a98097dc1f96ab1cdd8b9d805a8c60760287fbff4dc2ddd0602f90ddf09fd.php
No syntax errors detected in ./.tmp/phpstan/cache/PHPStan/c3/30/c3307acb1b7f5a61792323994e607878ca38bc68e86bb13667fadb90c63bb983.php
No syntax errors detected in ./.tmp/phpstan/cache/PHPStan/c3/5c/c35c4d7ac084636a940674c2a32a197bad0f510f7091cf70f3e3fa1f1e0a2983.php
No syntax errors detected in ./.tmp/phpstan/cache/PHPStan/c3/c4/c3c4dcdfc6fe288c3ffc11005e603d708b0fcef09269841d97c173f2da60e562.php
No syntax errors detected in ./.tmp/phpstan/cache/PHPStan/c3/85/c38554bc56ac9575af43b9a2e07edae1e117a627e7dfeda5623aef87a14c4e36.php
No syntax errors detected in ./.tmp/phpstan/cache/PHPStan/c3/ac/c3ac110f35779a01c668184e1340576a44754cc2e27ae9967fb7dd051120ed7b.php
No syntax errors detected in ./.tmp/phpstan/cache/PHPStan/c3/b1/c3b174280785eadc82fb541bad184cfc4833ac9cdb9b508a6d046163077531de.php
No syntax errors detected in ./.tmp/phpstan/cache/PHPStan/c3/97/c397a1b4a11c1b06f1b3be13bca79af61f1a672d204afe6c4887946136151f0d.php
No syntax errors detected in ./.tmp/phpstan/cache/PHPStan/cc/5a/cc5a369ac34985621cc0dec08ecf3f3000dfb4f0fdfa167a20c8407b9cefae8d.php
No syntax errors detected in ./.tmp/phpstan/cache/PHPStan/cc/64/cc64022c05e7b252b222fec1ad71bf5969c36c9f3f46421413bef156b9d7ea4d.php
No syntax errors detected in ./.tmp/phpstan/cache/PHPStan/cc/12/cc125b893f9f5c4f0e08b45ac5b9072af25b0c71add297585eae0e05b4ce5e14.php
No syntax errors detected in ./.tmp/phpstan/cache/PHPStan/cc/40/cc4042fb9195030be3b09ecee404fef9f79b5e0b6c8db77d4efd1dcae6397714.php
No syntax errors detected in ./.tmp/phpstan/cache/PHPStan/cc/40/cc4044a8530886dc13602a6be672b832fa2fbf74ba5c91d753c5047315f44691.php
No syntax errors detected in ./.tmp/phpstan/cache/PHPStan/cc/9f/cc9fb438676a2ab9db6149a0c19c86ce2115ed905670326491453e4a99c56a3c.php
No syntax errors detected in ./.tmp/phpstan/cache/PHPStan/cc/b1/ccb15b3189d0a734f072eb4753dddf093d7c7cea032d4f6a069ba551b6548c58.php
No syntax errors detected in ./.tmp/phpstan/cache/PHPStan/cc/5d/cc5d4ac131d44b3460e122943b7aaa7b3929f72cced74065c71d989fdecef7c1.php
No syntax errors detected in ./.tmp/phpstan/cache/PHPStan/cc/dd/ccddbe9dab431dadd6e320318521e3eef0761b57267445282264d3c5d552f0da.php
No syntax errors detected in ./.tmp/phpstan/cache/PHPStan/4c/0a/4c0a2bbd009f967e26db4e47db8e92644717b68983b17d8808367b3282f891a0.php
No syntax errors detected in ./.tmp/phpstan/cache/PHPStan/4c/d7/4cd7583e0562b822ed7f35e1449a0c5d0b57b897cf23c4cdda58513eb2f5d2e4.php
No syntax errors detected in ./.tmp/phpstan/cache/PHPStan/4c/56/4c56b032baab8b1d849b3cc5b9259a43ea0277a12b959a0f12162b4868f137d5.php
No syntax errors detected in ./.tmp/phpstan/cache/PHPStan/4c/5c/4c5c3b5665ed5fe604b443590431da79d6a115993cce019614e579ef2c2ba27f.php
No syntax errors detected in ./.tmp/phpstan/cache/PHPStan/4c/f8/4cf8a63147aec6571b3708f34dfd422b22ed55a27933f5055cb46dd1b6664be5.php
No syntax errors detected in ./.tmp/phpstan/cache/PHPStan/4c/61/4c61ed6c73ce1a249ccbf296805f2a36833bf7792aef401bbc344881f2c87525.php
No syntax errors detected in ./.tmp/phpstan/cache/PHPStan/4c/57/4c57ae7a4bc30f34cedaa1e294357c180a05e9deb2cd8e5180d5be14673b3e13.php
No syntax errors detected in ./.tmp/phpstan/cache/PHPStan/4c/41/4c41c50cb7c2521076ba463d934e7dcf5ef280642ea9e7ce5bd3221d8bc822ed.php
No syntax errors detected in ./.tmp/phpstan/cache/PHPStan/4c/0f/4c0fafd12e6e8d72d4347eb0e2c8725995b2b318662fa4aac02b06d531d22c82.php
No syntax errors detected in ./.tmp/phpstan/cache/PHPStan/4c/22/4c22a36e3feccf08eff4e46e2490102b91aa3d47a9245d0fb263c83ec6071a97.php
No syntax errors detected in ./.tmp/phpstan/cache/PHPStan/7c/0a/7c0a26a467748f806e16e057a298c36d70bd1d95c00f3f7e6737585183492284.php
No syntax errors detected in ./.tmp/phpstan/cache/PHPStan/7c/0a/7c0a1609b8bfc176150ccee39a1284a52dd0b69c1cc2cc55bf68476720f1922e.php
No syntax errors detected in ./.tmp/phpstan/cache/PHPStan/7c/7d/7c7d616b38e28a924cb4a7bdd2cec3814aee9c561383e2c5c6c65855954d1a05.php
No syntax errors detected in ./.tmp/phpstan/cache/PHPStan/7c/a5/7ca57ad23eee2b600ff0134273c0daa0e41e2fb1b74fa2c627c18460d6a22379.php
No syntax errors detected in ./.tmp/phpstan/cache/PHPStan/7c/07/7c07fcd2cdb0ca27dd006ae895e0f170cb36d331e0e5ab90e911937c0663ca70.php
No syntax errors detected in ./.tmp/phpstan/cache/PHPStan/7c/cf/7ccf5be2b1b580b6230ca6fa66997b2849263b7713e851ee687c5c08e5d90321.php
No syntax errors detected in ./.tmp/phpstan/cache/PHPStan/7c/28/7c288e7ea3f6465d881b7e9210443cba74003792598a5686fc5e4b480b6559b2.php
No syntax errors detected in ./.tmp/phpstan/cache/PHPStan/7c/5c/7c5cb05f41945804456613b3b29cfeeaec628f254e83fa5de18892bcb661d60b.php
No syntax errors detected in ./.tmp/phpstan/cache/PHPStan/7c/76/7c76a33844025c6633b4d39d476bbe24cb0890cdd03f88bcaa44263fe38a5645.php
No syntax errors detected in ./.tmp/phpstan/cache/PHPStan/7c/04/7c0464af5fb5aa865e316c8e7c32f6981dbaf96c3c1b8feb844b3f6e6b06fa94.php
No syntax errors detected in ./.tmp/phpstan/cache/PHPStan/7c/de/7cdee16f42956946e87a367dab4e161ac35f47c1b94b6bc0d05d731f88812bff.php
No syntax errors detected in ./.tmp/phpstan/cache/PHPStan/7c/67/7c67534978156d479db443e2156c17a8fc2188d3c0aadfc1c3dd1ff2a7cf8ddd.php
No syntax errors detected in ./.tmp/phpstan/cache/PHPStan/7c/5e/7c5e33f730df38060094b42aa10edde01b57691c264806f701aaa7c1e74f5613.php
No syntax errors detected in ./.tmp/phpstan/cache/PHPStan/7c/83/7c83d3bbc9f2c5ccec205171b72561066b217d722680442a7378ce26eb3e9138.php
No syntax errors detected in ./.tmp/phpstan/cache/PHPStan/96/49/9649256d00bc3847d8cb77957ba77c64dbc3ece67bdc7f5ad4d3bf45085519f0.php
No syntax errors detected in ./.tmp/phpstan/cache/PHPStan/96/49/96494f09a6b306c1a82e402526ee9df517b6917da4ecdee905790e1b1581ff50.php
No syntax errors detected in ./.tmp/phpstan/cache/PHPStan/96/86/96868dbb716ac9ea2af0ed47fd8f814585d41095ce0f08ba14546b7f29e1d5d0.php
No syntax errors detected in ./.tmp/phpstan/cache/PHPStan/96/ce/96cef4758322e8fce9f718ef22ff8211127e37fde7816e3b0d7345110a5a64ec.php
No syntax errors detected in ./.tmp/phpstan/cache/PHPStan/96/14/961456a74d127745769f50b0dddf23650228ae2e5fcb7e2905adf3ad5f181c48.php
No syntax errors detected in ./.tmp/phpstan/cache/PHPStan/96/57/9657c4ae5187fdbe5477eb03c8fcf457191641743e7b0cd6b074881ebe9c1660.php
No syntax errors detected in ./.tmp/phpstan/cache/PHPStan/96/e2/96e2842c3a134c37edd9447e8287821fda940bf4c11a47bab17ca0dda6900b4e.php
No syntax errors detected in ./.tmp/phpstan/cache/PHPStan/96/80/9680e674c7dd4a99be86b9b576cba2536ac8dba4183609f5d56c93cb5c7c95cb.php
No syntax errors detected in ./.tmp/phpstan/cache/PHPStan/96/a0/96a00f00437c7e8ab6c09d66c1b48b233b8b4da2684ba65f4b170daf57d724ca.php
No syntax errors detected in ./.tmp/phpstan/cache/PHPStan/96/2b/962bdaf0dc5ed4b0be0790ac98330304713e5d338dbb9a22a499b723d6b5b87e.php
No syntax errors detected in ./.tmp/phpstan/cache/PHPStan/96/6e/966ef8dbd5890b85b43d1e9eb2ab9ed94e02d53833594fb1709e91e9d3a018ca.php
No syntax errors detected in ./.tmp/phpstan/cache/PHPStan/ad/4c/ad4ce304d85267949fe1e502bb3030634336db5ed0107e90f42f6c6c32e9cccc.php
No syntax errors detected in ./.tmp/phpstan/cache/PHPStan/ad/5a/ad5a98b713dc20f413d5ba9a4fbc6930ade137c84f2ac6edd74321a7d26ddd89.php
No syntax errors detected in ./.tmp/phpstan/cache/PHPStan/ad/86/ad8682e39b7fc7c15a6596ad9285110e55aa11397746e2a30e3c2fb02246748b.php
No syntax errors detected in ./.tmp/phpstan/cache/PHPStan/ad/9b/ad9b0857c45f6b0306b7bdf9e1af5ae3add346221017632a74ff8dfb7164e8a9.php
No syntax errors detected in ./.tmp/phpstan/cache/PHPStan/ad/fd/adfd2df3f1e2e8794c599799758270b86e307f51575b6b21fbdac48ab691f650.php
No syntax errors detected in ./.tmp/phpstan/cache/PHPStan/ad/74/ad746fc83cde3c5a2875b7aea97260435db2f9d5a10b3d665453458c5a4414f2.php
No syntax errors detected in ./.tmp/phpstan/cache/PHPStan/ad/6c/ad6c827122e61c066b027c37ddf7784f9cc1fbe45b3057e92f84b1ce29473710.php
No syntax errors detected in ./.tmp/phpstan/cache/PHPStan/a5/49/a549d3b9ab7249d322afa2fd587a41069c67d124216c89a4e01dc3bc260012ce.php
No syntax errors detected in ./.tmp/phpstan/cache/PHPStan/a5/53/a55355f0972c549df81210f1c6f6ce55be522b2fada4de7658fef19ee24e5d40.php
No syntax errors detected in ./.tmp/phpstan/cache/PHPStan/a5/86/a5867892662ccfbdc7651a8cec362f5a5434f809c204fcbc687c48a809639b01.php
No syntax errors detected in ./.tmp/phpstan/cache/PHPStan/a5/15/a515101ccc2020291882c4bf0459dd70605a42e2a02d804c6c50787f64cdc915.php
No syntax errors detected in ./.tmp/phpstan/cache/PHPStan/a5/3b/a53bbe4239d1380dfe663261caf22a52e84b0d033d58a68a45c741ca182c43f0.php
No syntax errors detected in ./.tmp/phpstan/cache/PHPStan/a5/58/a558de01732fef94f1926bc5d876ad96c2deefab3cc7e87fcf878bf7dd9a401d.php
No syntax errors detected in ./.tmp/phpstan/cache/PHPStan/a5/ec/a5ec970e0e9822695f4af17644a7d53ef4033f8891cd357a82c9899dba4fa4db.php
No syntax errors detected in ./.tmp/phpstan/cache/PHPStan/a5/e8/a5e804a0eba2958f9ef301e78e2d3a137949e889ecd0f93d49d7178ec75567af.php
No syntax errors detected in ./.tmp/phpstan/cache/PHPStan/a1/45/a145bcf419b6cbf7e343998738f93346ec87241e2aeb259203bb012cff5e684f.php
No syntax errors detected in ./.tmp/phpstan/cache/PHPStan/a1/f8/a1f883a9214c59fbcaebdb436cc12b8931b2c2fb31d2f3892872ba5769e4f784.php
No syntax errors detected in ./.tmp/phpstan/cache/PHPStan/a1/8a/a18aedcb0ec1a04d084ae840ba78ed51da3d485054f9ed2358dc59913d36949a.php
No syntax errors detected in ./.tmp/phpstan/cache/PHPStan/a1/3a/a13a641dc229804e3aac6f22d6306b2622487b2500427b7c406c4423e610f639.php
No syntax errors detected in ./.tmp/phpstan/cache/PHPStan/a1/b1/a1b122bf51557233fdd1ed97e3d314799548aeb5aea7b6a4af4afdcac8348716.php
No syntax errors detected in ./.tmp/phpstan/cache/PHPStan/a1/c8/a1c852d81c4dcaf449ad8e94ade873c42c50665f62dfce74118869bf928512ad.php
No syntax errors detected in ./.tmp/phpstan/cache/PHPStan/a1/75/a175a3c3e1c9733dc62e3b799d8796abd1fb96a9df878b2c2b77d3ce07f4f2fe.php
No syntax errors detected in ./.tmp/phpstan/cache/PHPStan/be/88/be88b6cc324889c09bcc2a0e1a05e5a608fce0abba5cb77b3ccefa1483331fdc.php
No syntax errors detected in ./.tmp/phpstan/cache/PHPStan/be/36/be36bfadacebe1a202fb252ec7f7b09862a400c6a51c75a544443d9e88f8c62a.php
No syntax errors detected in ./.tmp/phpstan/cache/PHPStan/be/f0/bef02e47fc143fe2413cc7c824f64d5d2f3392600a9881fafdb80941f1007b25.php
No syntax errors detected in ./.tmp/phpstan/cache/PHPStan/be/9f/be9fd6f13f4c35ea93835a149408f8b06ea246cfb2e8858fd4de5061ee3510f9.php
No syntax errors detected in ./.tmp/phpstan/cache/PHPStan/be/87/be8757c6db02c06464177e58a55eab444c6e07233df2051bb2428c41aa15faab.php
No syntax errors detected in ./.tmp/phpstan/cache/PHPStan/be/69/be69e889db2fd435be8e00b82d8fd44d0934c8a3977599da783739b2dcc2d459.php
No syntax errors detected in ./.tmp/phpstan/cache/PHPStan/be/4b/be4bd5bb7f4df8f5a5f8e554202814659acf883e06fedd74708a1d69183d94c1.php
No syntax errors detected in ./.tmp/phpstan/cache/PHPStan/be/d2/bed2d6794d33d1f1d235dc293eef4e0e28cfae58e8e0d052f6fd5b8c28e50c41.php
No syntax errors detected in ./.tmp/phpstan/cache/PHPStan/be/b6/beb6f288dd4053529bca4bb5f4b800f5745b8c4c88324263a3eacbff539dbcc2.php
No syntax errors detected in ./.tmp/phpstan/cache/PHPStan/be/fa/befa2d38bbc0d7032281679eb17f3bdaeaedd2408a56b9cc8fc5b4c971bbf8e7.php
No syntax errors detected in ./.tmp/phpstan/cache/PHPStan/be/5d/be5da9796fc4d619ee1720fa43afb1c1ce946796341f966604390f6b8801a4e2.php
No syntax errors detected in ./.tmp/phpstan/cache/PHPStan/be/17/be178e38f8f2cb88370cc8d128e1a198839f13cb3dc76e56d4d7d10e9bad102d.php
No syntax errors detected in ./.tmp/phpstan/cache/PHPStan/a2/8e/a28e64360b9b82a547ee903785ae35edb2dd0bdbd91d0103b291f55cab5f9731.php
No syntax errors detected in ./.tmp/phpstan/cache/PHPStan/a2/47/a247585f8e699bc03e1669967853ba5911342f0b88b0b3be3a889ad2e7b6593d.php
No syntax errors detected in ./.tmp/phpstan/cache/PHPStan/a2/8c/a28c33bc87d107ab0d6a33a8a5f008156d3a03c53ddc59b48566ee0b0879f69d.php
No syntax errors detected in ./.tmp/phpstan/cache/PHPStan/a2/6b/a26b1d579f55301bd4f9c16b42f3f6ce67ab04802ce61f098d78871ccee0d674.php
No syntax errors detected in ./.tmp/phpstan/cache/PHPStan/a2/ed/a2edfed6b17f2ac66abd961261f0c15182f5f07f4f3ff769b2e1ceded56058c9.php
No syntax errors detected in ./.tmp/phpstan/cache/PHPStan/a2/93/a293d7a01e2571211b2d8d09715dc0438f5a1059b7ea28813b3db3060a1a37d0.php
No syntax errors detected in ./.tmp/phpstan/cache/PHPStan/a2/dc/a2dc6a4eb030d9bee4f5a7d6022b47dda83a38e7cd906587005e247b9d256086.php
No syntax errors detected in ./.tmp/phpstan/cache/PHPStan/a2/1d/a21d3849134b1a1c32e36736c3283b0899cb580cd0a2f391c0068afda08aae8d.php
No syntax errors detected in ./.tmp/phpstan/cache/PHPStan/a2/fa/a2fa2a7311150a2eff6c4e4bcb035a384eefdfce3893fb0133534c3658fa311b.php
No syntax errors detected in ./.tmp/phpstan/cache/PHPStan/ee/6d/ee6d66d49db66252d2e62e3d237c6949e14c5be47c0b23a109907dad31c76d4c.php
No syntax errors detected in ./.tmp/phpstan/cache/PHPStan/ee/98/ee9883a47f65ab4b413bd086f92b1013979c8378a6b22d8b7cabe9fd63f255af.php
No syntax errors detected in ./.tmp/phpstan/cache/PHPStan/ee/39/ee39d3ab0b3b91fda6e75b7ebea3fe3f62b7b8ab436ec439ff24f58de84f1ea2.php
No syntax errors detected in ./.tmp/phpstan/cache/PHPStan/ee/5c/ee5cceeaa20d95e29b3c6c07a049645bad808a70345da7eea414dcad9413b4a2.php
No syntax errors detected in ./.tmp/phpstan/cache/PHPStan/ee/01/ee01eb478ec7a90c5f3022e4b235c25b4a7d131ab58ef4cfed2181e7b592080d.php
No syntax errors detected in ./.tmp/phpstan/cache/PHPStan/ee/09/ee0950c1824bc0622ead0b14450e8091d9309fcf2b3a0f09de7327d06e5cc594.php
No syntax errors detected in ./.tmp/phpstan/cache/PHPStan/ee/34/ee347fe3b49cf41421aa350685a77d5d770f5e87be6bccd4eac20264da98d3e9.php
No syntax errors detected in ./.tmp/phpstan/cache/PHPStan/ee/6e/ee6e02df0540634c0c23adb12b8187b8b0564623ebeff49e300a3dece3a4cf24.php
No syntax errors detected in ./.tmp/phpstan/cache/PHPStan/53/f2/53f2060ccc45a82bac9c7f5de86b96060265e31d0090a60f30d03060e07ad0b1.php
No syntax errors detected in ./.tmp/phpstan/cache/PHPStan/53/f8/53f8da088f53064ffc8924ecf51967fbaaabd4ce950c656cbb4b7a9345af2dd7.php
No syntax errors detected in ./.tmp/phpstan/cache/PHPStan/53/f0/53f08289d88727841fad0bb800fec810a67c7877f9e03251f79fd89eaaca4902.php
No syntax errors detected in ./.tmp/phpstan/cache/PHPStan/53/f4/53f42079880e4e8d7c87ac476cec5650d940b128abc7d03776da92d39c93a2a2.php
No syntax errors detected in ./.tmp/phpstan/cache/PHPStan/53/0c/530c0b31f98e9e7d7737af48803fba6b2596dde03bd4e8709bed022499e0f23e.php
No syntax errors detected in ./.tmp/phpstan/cache/PHPStan/53/d9/53d99199b6c8bb745a18357b34c377872fc65314cf6f80cd7d2b92612c87351d.php
No syntax errors detected in ./.tmp/phpstan/cache/PHPStan/53/e5/53e577ee448ef5cfff4f47cbcf72d5a832ffcbd99e20de4ab60bdec11c7af3ac.php
No syntax errors detected in ./.tmp/phpstan/cache/PHPStan/53/dd/53dd07493313b6a546ffd1b2a25ba1cab78e3eda6b3b6e097338f5476cad9917.php
No syntax errors detected in ./.tmp/phpstan/cache/PHPStan/53/75/5375c59e9d93c600e78dfab0e35eea2b5c627a7080fc99fc00efb43a3e1dad14.php
No syntax errors detected in ./.tmp/phpstan/cache/PHPStan/d7/a3/d7a33c1ee2d08919ff6599b7688405f2a801784b4ef720768b720e6a90936f22.php
No syntax errors detected in ./.tmp/phpstan/cache/PHPStan/d7/73/d773070a0333fa3ca245948c8669d4b076ab0e38f573148211140b130c4e8533.php
No syntax errors detected in ./.tmp/phpstan/cache/PHPStan/d7/bd/d7bd2b4bd99b097180bfdd15a40aaeec29a7c4436b6b141159ce1092638d4edc.php
No syntax errors detected in ./.tmp/phpstan/cache/PHPStan/d7/46/d7461b32e5ca5cfb245464b801cc4ed459e624f462dbdecfd05bfa573ae1c54a.php
No syntax errors detected in ./.tmp/phpstan/cache/PHPStan/d7/08/d708b748836dcd3cb3d77581e0522494fefef0a9f1608ce9f9b4514dda4070e0.php
No syntax errors detected in ./.tmp/phpstan/cache/PHPStan/d7/34/d73485af062b29d982c91b2b860e2b58471c12e8a8d3c67a97ec59c023d7dec4.php
No syntax errors detected in ./.tmp/phpstan/cache/PHPStan/d7/d3/d7d33dff159dfb8bedea5626b297ee2149c066d57f0cd5f41ca8c4a879a2a402.php
No syntax errors detected in ./.tmp/phpstan/cache/PHPStan/44/53/44534c157cf6c964e4d2c6fc8bad6185ebb34c6d0eb3e74063dc67c2315e6918.php
No syntax errors detected in ./.tmp/phpstan/cache/PHPStan/44/02/44023ede6abf9b7ede849aba514340fb312fcf7753b5c917795a7ab41f216f59.php
No syntax errors detected in ./.tmp/phpstan/cache/PHPStan/44/3d/443d1f308c18d976655caabdc156ee85164b1c76112146d9002a153db887ea54.php
No syntax errors detected in ./.tmp/phpstan/cache/PHPStan/44/87/44876d99c2872818889f76eb765ce0e3b210b4d842e321637e6a232652fb0144.php
No syntax errors detected in ./.tmp/phpstan/cache/PHPStan/44/af/44af59ede410f48098633b62bfe31bb839c5578c8573df0cad7ed3ae201afb56.php
No syntax errors detected in ./.tmp/phpstan/cache/PHPStan/44/0e/440edcc196625f2d43140b24ca5f4235745b79454c83c94aab1ba68610ca1a1d.php
No syntax errors detected in ./.tmp/phpstan/cache/PHPStan/44/0e/440e005075e4380d219f1daf53c64816db8b4df833d1f32b9d50481c304cf430.php
No syntax errors detected in ./.tmp/phpstan/cache/PHPStan/44/69/4469786e61eb37926b0a5f2681c5bf04f4e3efe251688663b4a20a57e24d7402.php
No syntax errors detected in ./.tmp/phpstan/cache/PHPStan/44/d4/44d4c98db7a3c33c54765758b8eca8beb4ff9dc61fb0d77249be2d2f04c2df5b.php
No syntax errors detected in ./.tmp/phpstan/cache/PHPStan/44/c1/44c1594dc17e13c428c388ddac2bd98fa8d1d941ec7b1d0f89b49944ed8e4a80.php
No syntax errors detected in ./.tmp/phpstan/cache/PHPStan/44/6e/446ebd537add0376e29879e198fbf959f4a04966b9c96de04178acab2eb6cf31.php
No syntax errors detected in ./.tmp/phpstan/cache/PHPStan/3e/fb/3efb73670003bfa3c81e153bb775d3e7e4c1bcca30395b0366aa11deac3dfef5.php
No syntax errors detected in ./.tmp/phpstan/cache/PHPStan/3e/6a/3e6a0058297893887d2fba884798a3345459bd5be0d962aaed0ce291965200a0.php
No syntax errors detected in ./.tmp/phpstan/cache/PHPStan/3e/93/3e93297bef64c47e13e2db291d618bf4ac7227b6c5bda3e032c4a450cf4e11bc.php
No syntax errors detected in ./.tmp/phpstan/cache/PHPStan/3e/74/3e7452597b2423afd7903b48f1b1539d76d3944509b21fe63718fa83d834dd13.php
No syntax errors detected in ./.tmp/phpstan/cache/PHPStan/3e/32/3e32b518489cd5471ac899a792c7f8b7c96dfb82264b73e552fe5df45ef66307.php
No syntax errors detected in ./.tmp/phpstan/cache/PHPStan/3e/0d/3e0d846f321105e152feb7cbf8b5c0244f2af13b0ae3f09b0292e79399d9af5f.php
No syntax errors detected in ./.tmp/phpstan/cache/PHPStan/30/a5/30a592637d8c18630863c8e4fade979de44bb36215839441e88b423d3406c156.php
No syntax errors detected in ./.tmp/phpstan/cache/PHPStan/30/46/30463fddd9f5a66b0da2e4c0fd794e2de66afcb9238f6fdc3769cf4b43c2576f.php
No syntax errors detected in ./.tmp/phpstan/cache/PHPStan/30/7f/307f14b23731f543e679fef198c5e21f80f8e86782ba099da3555b0ab6fd1ec5.php
No syntax errors detected in ./.tmp/phpstan/cache/PHPStan/30/bb/30bb49986aa04b512d6f144f758db0f891befac1e7a3e8b8573659c1b72666b0.php
No syntax errors detected in ./.tmp/phpstan/cache/PHPStan/30/2a/302ac5092162df98cb8050fd252e7e44516dc63c68260f569556f4da51494bfb.php
No syntax errors detected in ./.tmp/phpstan/cache/PHPStan/30/f8/30f82b0e7af4c58f293f4f5d24a60662735cb673c22fd4439d2e07aec27ee711.php
No syntax errors detected in ./.tmp/phpstan/cache/PHPStan/30/d8/30d8ec57541805c60dd71fd36adcdefed94ae693e281437dbf46621016735769.php
No syntax errors detected in ./.tmp/phpstan/cache/PHPStan/30/fc/30fc94365bb978dcae31cc77cbb1e4187a588eb925bbf265e927c0875f89d4a4.php
No syntax errors detected in ./.tmp/phpstan/cache/PHPStan/a3/53/a35317c88c1ae2708bde793e4db965c677253f9c74b81674de21db982cadce60.php
No syntax errors detected in ./.tmp/phpstan/cache/PHPStan/a3/4a/a34ab69a672227b10b241df5cdcc6013cca2142708eddb07d9b6fe2a4efce135.php
No syntax errors detected in ./.tmp/phpstan/cache/PHPStan/a3/a0/a3a0241fb466da97083f3c6d8ab2636e3c0f2734c550e41b4b10549feb3fc817.php
No syntax errors detected in ./.tmp/phpstan/cache/PHPStan/73/8c/738c2ab9884cebc03122ae002054726092914d46c8dddba07d84aea13219e51a.php
No syntax errors detected in ./.tmp/phpstan/cache/PHPStan/73/ae/73ae32d5b07f3e9a7a872877fb9a7b7fd43a2818645dda7428f458aa3e216d29.php
No syntax errors detected in ./.tmp/phpstan/cache/PHPStan/73/08/7308e8cc44943e3935189cd24c7e05dbc85488322c9c82dac5ff8997e5a0d124.php
No syntax errors detected in ./.tmp/phpstan/cache/PHPStan/73/13/73132cfff8d836d0538a43b9d414df35d319404fd27fccbe7cd4bb0a2b0eb94b.php
No syntax errors detected in ./.tmp/phpstan/cache/PHPStan/d6/8e/d68e2a84dd4f4651d29ae8edbe1017657eb291cb88e7ff25ba2a7663979825ab.php
No syntax errors detected in ./.tmp/phpstan/cache/PHPStan/d6/d7/d6d7ea4b12ff88dc777716f107c97d9339192e4838e86f50df185fc762c085b6.php
No syntax errors detected in ./.tmp/phpstan/cache/PHPStan/d6/e4/d6e42b100d73be136f3cf6846d11ed03b67730c57e5f6046805a2f637b9d8532.php
No syntax errors detected in ./.tmp/phpstan/cache/PHPStan/d6/f9/d6f9611111d4366911075d22795d61174370c15dfe6ead53f8521b00620d9472.php
No syntax errors detected in ./.tmp/phpstan/cache/PHPStan/d6/7e/d67ef9be669d4f80ab313ffa5e41b4bc5e01c3e49adbf0a4d953802f93165781.php
No syntax errors detected in ./.tmp/phpstan/cache/PHPStan/d6/f3/d6f3c4a2a78e86acc288c62ac2d24078157b09be763c48229b0dba9461b5459c.php
No syntax errors detected in ./.tmp/phpstan/cache/PHPStan/5f/a3/5fa3aa7cd67c5ff25cd821f937bfcbb2c22e031029c57833f43e0db7e29dbcc9.php
No syntax errors detected in ./.tmp/phpstan/cache/PHPStan/5f/2e/5f2e81600e22a924d12f7ce7cd3ee6d9df63db2f383d7988a0cfc1e91d35c75a.php
No syntax errors detected in ./.tmp/phpstan/cache/PHPStan/5f/36/5f3663ec7b043b4ca40db3ae7038c07bf847d3a2d2f53fd77cd6f0ad390c7469.php
No syntax errors detected in ./.tmp/phpstan/cache/PHPStan/5f/57/5f573ee8548fbfbf60392792e43bf96eee449e46f7e44dbd3c6e5622b077c52a.php
No syntax errors detected in ./.tmp/phpstan/cache/PHPStan/5f/e8/5fe83df87fb8e6021a0085bee24cca87fa948f1de6719a079bd28a98eccb4f14.php
No syntax errors detected in ./.tmp/phpstan/cache/PHPStan/5f/1a/5f1adc3bba8d19ef51937f765c0187310c5a9ff500fddeb0de14f57c8e0f0df2.php
No syntax errors detected in ./.tmp/phpstan/cache/PHPStan/f5/ad/f5ada721a1c0441c5f6fbd1f0655227e1f1485411fc66e26e4a218e677de0b8d.php
No syntax errors detected in ./.tmp/phpstan/cache/PHPStan/f5/f7/f5f7790841b7d2b9d18082e4ed713642b95ea432852f163b1fb3f082cd6ff711.php
No syntax errors detected in ./.tmp/phpstan/cache/PHPStan/f5/25/f525d25a80b5858aca572eba1d662deeb91ec018bd495d2c67d08bbab96a66df.php
No syntax errors detected in ./.tmp/phpstan/cache/PHPStan/f5/ff/f5ff59330f7a52bb76b8565d17bb9c6854a516c5d0c94802d8ffe53cd4f5ec6e.php
No syntax errors detected in ./.tmp/phpstan/cache/PHPStan/f5/9f/f59fcb3cf743d87979d8fdfdba2274fcd677a849b9ea9aa798c2eb40fb9e94e5.php
No syntax errors detected in ./.tmp/phpstan/cache/PHPStan/f5/16/f5169adb9f938a0afc70fd447868c4ffc40ea349cb1ec45acefbfaef86006ce6.php
No syntax errors detected in ./.tmp/phpstan/cache/PHPStan/f5/34/f53452e6c84f3068b4c1e392320525a49e1ed431f55aa6cb094cb922d45d2846.php
No syntax errors detected in ./.tmp/phpstan/cache/PHPStan/f5/63/f56302a8da9018925f45c2621532514b3a0dbecb470c9ba9caaa5c5f950fdb20.php
No syntax errors detected in ./.tmp/phpstan/cache/PHPStan/f5/17/f51745f2ad53a6b7d6e3051d3c8009a4709b6e7b0bccdeb884225b9f7716e94e.php
No syntax errors detected in ./.tmp/phpstan/cache/PHPStan/f5/18/f518467259a2c9f10538266bf1932b368df77847d33dd6a859460020c1546435.php
No syntax errors detected in ./.tmp/phpstan/cache/PHPStan/c9/0a/c90a8732a727ddefe6137b48e61b50b41a4ee432316297b978c4a7861f253d71.php
No syntax errors detected in ./.tmp/phpstan/cache/PHPStan/c9/ee/c9ee3b3772032ee1c39c2d552062e1753ccedafc87f90ace1809fa878a61a549.php
No syntax errors detected in ./.tmp/phpstan/cache/PHPStan/c9/b8/c9b88f2d28d8a4adaedf0ef45fe1878db57b620ceb5b3ffab96c3f5905ea3c1f.php
No syntax errors detected in ./.tmp/phpstan/cache/PHPStan/c9/e4/c9e4d48b7a12410e320c724394ecb0ad15a60ff0400b1a799c80a0d3e0796f7a.php
No syntax errors detected in ./.tmp/phpstan/cache/PHPStan/c9/90/c990e7da1cd17be34441c17e98691e54a392f00537c7999c2dc33dc970f517ca.php
No syntax errors detected in ./.tmp/phpstan/cache/PHPStan/c9/34/c93416fce4219afae454ce0f1cad42a24266f8a4f4ef45fdfe3d01833766ac24.php
No syntax errors detected in ./.tmp/phpstan/cache/PHPStan/c9/75/c975dea2a9f93550b594a4d6aa16737fc21978d3001764ac968118dbae49c33b.php
No syntax errors detected in ./.tmp/phpstan/cache/PHPStan/c9/b9/c9b9e6712c2553ed4dec5c4ebca6dd7a1a145f56956e63b18043410acf4effd8.php
No syntax errors detected in ./.tmp/phpstan/cache/PHPStan/5b/7d/5b7d57f51f1d494fe5631cbc4f5ba6e3e2ad1dce77d0c6655b535bdc59ccc109.php
No syntax errors detected in ./.tmp/phpstan/cache/PHPStan/5b/96/5b969af7a95a7b5afae007f77afc4718a6f4ebcf4a2c5140ab4bdc7d0352d1c9.php
No syntax errors detected in ./.tmp/phpstan/cache/PHPStan/5b/be/5bbe8a90e7aa1c4cc46226e980b61144b75a8e3914d22dbdc1a65a2f44f436d3.php
No syntax errors detected in ./.tmp/phpstan/cache/PHPStan/5b/d6/5bd6313562865c95b7fdb831be75712b31a68b8574a5f6ee85606de2a56d4987.php
No syntax errors detected in ./.tmp/phpstan/cache/PHPStan/5b/5b/5b5b6e6c21fafa6c2a6d2e8bba27815833293368fbef92efe8c870d19616a0ac.php
No syntax errors detected in ./.tmp/phpstan/cache/PHPStan/5b/51/5b51c2b62078d91c2d53bf68d0498a062828bc64536d730a2468ce540a3d13be.php
No syntax errors detected in ./.tmp/phpstan/cache/PHPStan/5b/4a/5b4a2287eea703f7b2d79cf15de0cafa9e3090850adfa4065c1a4e36335c205a.php
No syntax errors detected in ./.tmp/phpstan/cache/PHPStan/5b/ec/5bec355939447c913fb0101f62435e1d269e6961ed8efdcc78af9d663da963e1.php
No syntax errors detected in ./.tmp/phpstan/cache/PHPStan/5b/6c/5b6c6097f84e271c873cc5490272766d3df189554336a03238d678c4662f8d40.php
No syntax errors detected in ./.tmp/phpstan/cache/PHPStan/47/c5/47c507b68a49c397efefd65c339fe9c95679a3a8d19973682e8e26712c569709.php
No syntax errors detected in ./.tmp/phpstan/cache/PHPStan/47/a8/47a8e3a65b185831bbf69bcec7e210b80926e785e00dcc8c70285b74e0919483.php
No syntax errors detected in ./.tmp/phpstan/cache/PHPStan/47/07/470705ff96378ba57c865d0c70df46cb8efda90e29d9fcd855e1c7ab8a51a9d4.php
No syntax errors detected in ./.tmp/phpstan/cache/PHPStan/47/6a/476a6745dd04a86cc93be147341b644b2b372aecf21cabfa0621537800fa1e47.php
No syntax errors detected in ./.tmp/phpstan/cache/PHPStan/47/72/4772affc2c2482d65e243e641675b380a1ca0922716de5656b001a3c309af449.php
No syntax errors detected in ./.tmp/phpstan/cache/PHPStan/47/34/47344573442595b6bcbd59aafeb45dec8bbc3b93b2637b90466b0bd174a63266.php
No syntax errors detected in ./.tmp/phpstan/cache/PHPStan/47/2f/472fe9c38bed000e2e022c3f0347b01d260d349606e97bb0ac6017aa9e6d0d06.php
No syntax errors detected in ./.tmp/phpstan/cache/PHPStan/f7/51/f7516cd579772e2006701ad22c98dca6a576c9945ced485320ba526915c8a403.php
No syntax errors detected in ./.tmp/phpstan/cache/PHPStan/f7/66/f766a8df2199fbaf80fd491225fba830743a6822dc41cd5aa7ac0e463463acc1.php
No syntax errors detected in ./.tmp/phpstan/cache/PHPStan/f7/6a/f76a2f3877a602af67c769697f28be62a30414b1712430f7699ec558ec6cba2a.php
No syntax errors detected in ./.tmp/phpstan/cache/PHPStan/f7/02/f7021909a8431d0d648765673fc04cf1f4ab4b4ace711c143f930bd36551111d.php
No syntax errors detected in ./.tmp/phpstan/cache/PHPStan/f7/ff/f7ffd562bbc321b1040cca70b0c45b4e9c898acaa91ccde1c7e988668e3c7fb4.php
No syntax errors detected in ./.tmp/phpstan/cache/PHPStan/f7/4e/f74e25c03d1a41f7f52287e1680567d466f931d8006e77bdce176aa1b71fdd43.php
No syntax errors detected in ./.tmp/phpstan/cache/PHPStan/f7/04/f7044005fab77666a78f88d59b45f767f1e17670831c46c426e990a3c21c8ecf.php
No syntax errors detected in ./.tmp/phpstan/cache/PHPStan/f7/60/f760ee2196e3c6d74a17b5db6022b8b7afbd40f19df8ccdcb7d649a402a8318b.php
No syntax errors detected in ./.tmp/phpstan/cache/PHPStan/f7/0f/f70f5778f05560d98e5ad07503445a5336226f3485f7c06c8e0781d52e3bb420.php
No syntax errors detected in ./.tmp/phpstan/cache/PHPStan/f7/31/f731d14162146666b741f884141048949d6510314263143408784fb5ab62a36d.php
No syntax errors detected in ./.tmp/phpstan/cache/PHPStan/f7/e5/f7e5d97ae44e0993dbf52dc21b672f1dd0c583a81feea75ad29c304188c5b972.php
No syntax errors detected in ./.tmp/phpstan/cache/PHPStan/f7/d4/f7d40ef1006e43ce2a34b2469a5391a38570e9b4d326824c74fd653ba7105aa8.php
No syntax errors detected in ./.tmp/phpstan/cache/PHPStan/b4/4c/b44cf9786812c118e6d347a83bcc4ac031901c2e2dcdc3d728c865d833aa15d9.php
No syntax errors detected in ./.tmp/phpstan/cache/PHPStan/b4/c9/b4c9c4a57a0e8b4423b994be8d69ff01300a3b5e494445d2388a87bc82d7d6ba.php
No syntax errors detected in ./.tmp/phpstan/cache/PHPStan/b4/fb/b4fbf821d986888353222a3e627bfeab15d281fc7351791368c77fb01f950494.php
No syntax errors detected in ./.tmp/phpstan/cache/PHPStan/b4/15/b415e8476bfeb869ed182734b54d1f6fd14bb0a3ab8cd042e5446bbc487bc0c1.php
No syntax errors detected in ./.tmp/phpstan/cache/PHPStan/b4/81/b481f7aa70b7359f5bc041c3d1f403f5e597bb4293b0a79fac8aa84eb0408ee9.php
No syntax errors detected in ./.tmp/phpstan/cache/PHPStan/b4/24/b424295272cfa8f466b4b37ac5dfdbaee77270c5c5deb107d45a3e2d32a4cc60.php
No syntax errors detected in ./.tmp/phpstan/cache/PHPStan/b4/a4/b4a4aa57b852c3eae5d92db8ad1928a07b2e4c726e0197a0a8dad04b1dfb57be.php
No syntax errors detected in ./.tmp/phpstan/cache/PHPStan/b4/57/b457df784023739d1856602434d18beb530385bbacf0b6e8dd0da1677da71179.php
No syntax errors detected in ./.tmp/phpstan/cache/PHPStan/b4/ec/b4ec7753162884d35006358119546ab81d020cba3d024678945f09f9ef7dde24.php
No syntax errors detected in ./.tmp/phpstan/cache/PHPStan/b4/9d/b49d5854f96ca9f8dd6ce8514673ae806069bcdd37cb49395a790a70464737ab.php
No syntax errors detected in ./.tmp/phpstan/cache/PHPStan/b4/fa/b4fa9abe3fc8d7dfe9d02f20b795698048f5983618cbb22b90633d0f6427030a.php
No syntax errors detected in ./.tmp/phpstan/cache/PHPStan/b4/54/b454b522758f7259372eb1647a925fc2964cb1ff6150e67f4df2abef9e67da3c.php
No syntax errors detected in ./.tmp/phpstan/cache/PHPStan/b4/6e/b46e652e1c96fc64fed128220136899781af79f3f5c37c34e04e8e888c9d215b.php
No syntax errors detected in ./.tmp/phpstan/cache/PHPStan/5a/7c/5a7c52cfda4113ab327a1e7e66d8d106949f6ddc4b1393ccf95b90ec98c528ef.php
No syntax errors detected in ./.tmp/phpstan/cache/PHPStan/5a/f5/5af511544eeb99a98c4ce5753573129e937b1dcb2aa734545e6c2964a3c8c49b.php
No syntax errors detected in ./.tmp/phpstan/cache/PHPStan/5a/cf/5acf5af2d3c24be1bdc621c4d4c80eff00459dc6a7a29a433c090d03fc321b05.php
No syntax errors detected in ./.tmp/phpstan/cache/PHPStan/5a/00/5a00f691300b62f161f38eee0acf48056a106e863258bd5b77b9dc7e78f39a5b.php
No syntax errors detected in ./.tmp/phpstan/cache/PHPStan/5a/65/5a659b28d3bc197908e28e3d65f257a8eec4c028ce25b15db40d7c676fe7901d.php
No syntax errors detected in ./.tmp/phpstan/cache/PHPStan/b0/ff/b0ffae33e3d980e42c372dfdad07e066b22748050a52163b2a731d3e36883c3b.php
No syntax errors detected in ./.tmp/phpstan/cache/PHPStan/b0/2d/b02d9a9ccb6beedfec8dbb4b97bda1ae9df2e4119e371099a4f0a3f8bed5c345.php
No syntax errors detected in ./.tmp/phpstan/cache/PHPStan/b0/4d/b04d40af5115dcb169866d8bb0e4a05e9d45deb657f78da2704d6bcfa0ad64aa.php
No syntax errors detected in ./.tmp/phpstan/cache/PHPStan/b0/03/b003207731609c2bef19ceb3a84ddba122836a39261c3f383039832a20d24927.php
No syntax errors detected in ./.tmp/phpstan/cache/PHPStan/b0/99/b099d0a3de20af309d8f29066caf1140bd5e4c50b68e7ca934eb4df66dc6ae6b.php
No syntax errors detected in ./.tmp/phpstan/cache/PHPStan/b0/23/b02353168c765552247f84c426fe0fc5d2d2f55acf440f7b5ef94d68922481ab.php
No syntax errors detected in ./.tmp/phpstan/cache/PHPStan/b0/2f/b02f9f1a82d9867c4a2418beb7eff2c369566e97b3f0187a8c6636eafb789949.php
No syntax errors detected in ./.tmp/phpstan/cache/PHPStan/8c/06/8c06ec4f90950ff1e08e40f0f8d1b9e37c6c5bba5a59d627a2e5dec08fa32f94.php
No syntax errors detected in ./.tmp/phpstan/cache/PHPStan/8c/5b/8c5b4c0bdc1b25ce2dc948744580f523307dd64de06d11fab2af8c710806fa78.php
No syntax errors detected in ./.tmp/phpstan/cache/PHPStan/8c/7f/8c7f2d046867a4b3fc04a0dc79a7b73891b20b835028e7e62201ea6db0523876.php
No syntax errors detected in ./.tmp/phpstan/cache/PHPStan/8c/7f/8c7f611830651669ae8f8324cb5f202578bf7201f9e260f0fd399742afee0ad7.php
No syntax errors detected in ./.tmp/phpstan/cache/PHPStan/8c/0b/8c0b09da98518be5101cab30fb2f1dddc14e123656ffaa2930a1e9f83f163742.php
No syntax errors detected in ./.tmp/phpstan/cache/PHPStan/8c/cd/8ccd0b8d5d03159bf2f654855fb6ebd14912c258f287181b5f174e48685f57bd.php
No syntax errors detected in ./.tmp/phpstan/cache/PHPStan/8c/60/8c60816f45f2606f0ed6733d1bcdf9111f96b212dcba907c8ec88741b1bb9b16.php
No syntax errors detected in ./.tmp/phpstan/cache/PHPStan/8c/21/8c2153ac9fdb39d09a3ba4da22ebcde4fb7d54ba26fe6f2c0ed7334a5af1c022.php
No syntax errors detected in ./.tmp/phpstan/cache/PHPStan/51/20/5120a8005866f79085c6ec051df8e715c1c1b26c045a40fde073761702cb2bc0.php
No syntax errors detected in ./.tmp/phpstan/cache/PHPStan/51/8e/518eb6d262e9a2254fa91a6f2be6297f4ef40325bcbc74cf7902d346308a352b.php
No syntax errors detected in ./.tmp/phpstan/cache/PHPStan/51/e3/51e3d6aadbdbf75b5a3a9d63a5bbdb520c83bb31e7b4091edabe6b5010533a31.php
No syntax errors detected in ./.tmp/phpstan/cache/PHPStan/51/7c/517c50823090dbeab56c3745530500c5d021f234f3b88ce798fd28630c36f01d.php
No syntax errors detected in ./.tmp/phpstan/cache/PHPStan/51/7c/517c371cea67e1b7893320afae98e22e16499620cb75ec218d460d49bad0c8a2.php
No syntax errors detected in ./.tmp/phpstan/cache/PHPStan/51/a2/51a24f4a6807e87b5f6aa89e262ce72bde6a4ae3e27dbbb507db95fa37578fc3.php
No syntax errors detected in ./.tmp/phpstan/cache/PHPStan/51/24/512431ec7047ce3ba5523119ac313625fbdb01db7ec63e27219558c4acb47296.php
No syntax errors detected in ./.tmp/phpstan/cache/PHPStan/51/3c/513c6b1e621ce33baf489d3a4466e58c34eb27f47200794ad6d6595f131e1dbd.php
No syntax errors detected in ./.tmp/phpstan/cache/PHPStan/51/cd/51cdc0477b6662ac424d46c8f8f8041f44c173cb1385333db8c3ae4a8f1b080f.php
No syntax errors detected in ./.tmp/phpstan/cache/PHPStan/51/4e/514eb202d3e87a1a43379467ecc14960f59149e9efa2fafe088dc6def6e3ee83.php
No syntax errors detected in ./.tmp/phpstan/cache/PHPStan/51/c6/51c69fe0197dacfcc87b8e56c80e0739304133ff1902cae062fa7e7e28591720.php
No syntax errors detected in ./.tmp/phpstan/cache/PHPStan/51/ac/51ac3465c2399f9ba3fbba273578229b4c6e6ed65e36be7f37e4bc6f0d4c478e.php
No syntax errors detected in ./.tmp/phpstan/cache/PHPStan/51/32/5132387fe7cdab94e53f00bcbd066711a4bd9dbcd2ed9a69868b8c496b78eca7.php
No syntax errors detected in ./.tmp/phpstan/cache/PHPStan/51/38/51382de8d234e016f69010d4e422ad1d72704eac9a43ff93d534ae34968a9ce9.php
No syntax errors detected in ./.tmp/phpstan/cache/PHPStan/a8/ee/a8eecc8f42278ead3ae913126ac7e97df8c069b3e45cd8b3e3630d5e2e5bdc83.php
No syntax errors detected in ./.tmp/phpstan/cache/PHPStan/a8/48/a8483b7bd4788c5dc2f62699ae6dc7547bd1d542db14aed4fbb73bc36962c016.php
No syntax errors detected in ./.tmp/phpstan/cache/PHPStan/a8/1e/a81e7d8cb43a37eea34dd2920eadf0896f01f6d318464adf0e925cccd5f93992.php
No syntax errors detected in ./.tmp/phpstan/cache/PHPStan/a8/f2/a8f2a8d12f561c201e082587b7864448c4f7585d3e13188577aab4efdee49f10.php
No syntax errors detected in ./.tmp/phpstan/cache/PHPStan/a8/c6/a8c6b609d96fc8cb2eafe4cc31e692f2dbe541c1c321ed860847399de8c033b1.php
No syntax errors detected in ./.tmp/phpstan/cache/PHPStan/a8/b2/a8b2eacdb5b016cd80c0b8d65fbdf63abbf78c047fa71a6033c3f731754ef0e5.php
No syntax errors detected in ./.tmp/phpstan/cache/PHPStan/a8/ea/a8ea01ff53413b6fc7399adc2d29aebfeaef0b867d285f584f7a7e566c51caea.php
No syntax errors detected in ./.tmp/phpstan/cache/PHPStan/a8/26/a82615c86011cd41d78a6f63ba25feff7071ab7d24dcb0621914a0a072491807.php
No syntax errors detected in ./.tmp/phpstan/cache/PHPStan/bd/f5/bdf55449becbb2227145440e28c3b7fbbeebf939112639c1d9dbdc95b2707871.php
No syntax errors detected in ./.tmp/phpstan/cache/PHPStan/bd/25/bd2569419380697df9aacb445960ce7afb074044b2f4f7b00a851f9f3036578a.php
No syntax errors detected in ./.tmp/phpstan/cache/PHPStan/bd/98/bd9816390ce919439befc5846122b52a9d56b88ec034ad430f1675f280493c01.php
No syntax errors detected in ./.tmp/phpstan/cache/PHPStan/bd/28/bd285508e9b190edad68c19c9263a64e2a7d320a4f3a95a2856409501f0581ac.php
No syntax errors detected in ./.tmp/phpstan/cache/PHPStan/bd/9f/bd9f57e4de445dff056a8425dda47ddf85e67b001bcfc31aa0416c32065e8c2d.php
No syntax errors detected in ./.tmp/phpstan/cache/PHPStan/bd/9a/bd9ae1c078f99d0c490dde4e6dd87b99dc0bb026e9f9d7e60ff4c17964290022.php
No syntax errors detected in ./.tmp/phpstan/cache/PHPStan/bd/80/bd800b4a78bc7b6ed1e45b24ff2586f8dda67afd51598c37b24a3ac19181894f.php
No syntax errors detected in ./.tmp/phpstan/cache/PHPStan/bd/08/bd08e9deb7ea73fe83ba2e1bf20f3f0a4863ef6c7aafa937a454927d278696f7.php
No syntax errors detected in ./.tmp/phpstan/cache/PHPStan/bd/69/bd696c45211e4078eb459f51e6d417540386483bd1905e6a55fa559a3185fabd.php
No syntax errors detected in ./.tmp/phpstan/cache/PHPStan/bd/f4/bdf47134b644764477dfc9dcc7d725fce9bda47eb0c9608aff82a6f7c7267f1a.php
No syntax errors detected in ./.tmp/phpstan/cache/PHPStan/bd/a0/bda09ba1801536ae93dbca4c6c0ab3ab387ae2cca0b9a9bb8c615ab421c31a9b.php
No syntax errors detected in ./.tmp/phpstan/cache/PHPStan/bd/a0/bda0fd40b9e77b6cb124ba925a80d1fb207ed97897269739dde8cd5241d53172.php
No syntax errors detected in ./.tmp/phpstan/cache/PHPStan/bd/1b/bd1b52cf73735c5d9fdd5676c31a52bfa2aac3b387b37b49a74e744ea121ef29.php
No syntax errors detected in ./.tmp/phpstan/cache/PHPStan/bd/95/bd95c0c0e76f50b2fa129048ffb21c59960459d88bac3e20ebaa256db45e5d12.php
No syntax errors detected in ./.tmp/phpstan/cache/PHPStan/bd/62/bd622a4b424154859cb240813981b9b04e8bb3f2f3ed84608d7dab9733d6f76c.php
No syntax errors detected in ./.tmp/phpstan/cache/PHPStan/66/4c/664c7fd1c4741276bb8767eeb0e245f41a6676ada121630efc18f853451b8927.php
No syntax errors detected in ./.tmp/phpstan/cache/PHPStan/66/ad/66ad9c0179fc01c386810c8809f7c768032699ed6ce438b4a2d3ce64746e1223.php
No syntax errors detected in ./.tmp/phpstan/cache/PHPStan/66/f5/66f525144810143add8ad41b9bd06f7963e379e323f8387602f14a7d07c3ece7.php
No syntax errors detected in ./.tmp/phpstan/cache/PHPStan/66/a4/66a4455d3f7314cdc9d6d2059d7cf0639550398b2de27a202bbd350c9bb30de6.php
No syntax errors detected in ./.tmp/phpstan/cache/PHPStan/66/c4/66c4ce545eb44cba4068a3f60cda67b0c3de3a39be343bacb0be94e71164a039.php
No syntax errors detected in ./.tmp/phpstan/cache/PHPStan/66/08/6608a87b2d72abdbc2608bf939f0146925fdd2bedf3648d357a9c1152abd0bdb.php
No syntax errors detected in ./.tmp/phpstan/cache/PHPStan/66/99/669923c3d187078f2c88f2501ba849d9d4a65fc972fbb20fa4c6380cde14eb00.php
No syntax errors detected in ./.tmp/phpstan/cache/PHPStan/6b/be/6bbebeee15cb706add83b9bfab140efd78e10f456bf3df7f6baa1cd2c42a687d.php
No syntax errors detected in ./.tmp/phpstan/cache/PHPStan/6b/3e/6b3e49c9ac300ad6323a5be30e147d4bb7ccf740fd4182fcc1e5d3a66d9da01b.php
No syntax errors detected in ./.tmp/phpstan/cache/PHPStan/6b/6b/6b6b41bd89eb2e9b6920b168e62528888d5918578218da284c4989f6f9d16b00.php
No syntax errors detected in ./.tmp/phpstan/cache/PHPStan/6b/9c/6b9c4e2f39da997fd6b52dd55175eed22a52ba7b0c04ffee1d02995f5d139f69.php
No syntax errors detected in ./.tmp/phpstan/cache/PHPStan/6b/60/6b60c74367d78f67d45657717c724b4aca8acf59f0eae62e265c848c9119af54.php
No syntax errors detected in ./.tmp/phpstan/cache/PHPStan/6b/d9/6bd94a34d7a096a48155206f20a23cd0290ec61b3442f1b052277b62fe3d77d1.php
No syntax errors detected in ./.tmp/phpstan/cache/PHPStan/6b/6c/6b6cea731f82170b1765c140e4265927c6e8c64c008bc40e9e4596facf67b704.php
No syntax errors detected in ./.tmp/phpstan/cache/PHPStan/6b/10/6b107d449447373a5b5397c973dd92ee60b007d31f0f741f0cb51416f19208e2.php
No syntax errors detected in ./.tmp/phpstan/cache/PHPStan/6b/17/6b17148e0306dc411a06be013ffe73ee5b0b90cb6bdbc37b47a250ece6823c8e.php
No syntax errors detected in ./.tmp/phpstan/cache/PHPStan/46/cd/46cdf419cf6fa80e34aaaf3a29f10a2e5833a9b0dc0f7ad1510f650d44093a63.php
No syntax errors detected in ./.tmp/phpstan/cache/PHPStan/46/c4/46c42b535c46ec1c37c36c285832220f0cc1c20fb25492fd1d392b1a07a22223.php
No syntax errors detected in ./.tmp/phpstan/cache/PHPStan/46/0f/460f2d434b8194fe765b396119420d2891dec37da5bf420add8e38b3537330be.php
No syntax errors detected in ./.tmp/phpstan/cache/PHPStan/46/1b/461b83bcfec8a9a85f40d88cc7dac96ca05a4e02857cabf56772bd6a5e78e939.php
No syntax errors detected in ./.tmp/phpstan/cache/PHPStan/46/22/4622035dee62572e5c19840d4b32ee8a5d8297a02c278976d40593301fa5b51c.php
No syntax errors detected in ./.tmp/phpstan/cache/PHPStan/48/5f/485fc8a56012063a91a97ed8878d7de6d81820cdce4153d1332e132b8e37c871.php
No syntax errors detected in ./.tmp/phpstan/cache/PHPStan/48/fb/48fbbe4203cd2aece92a2caca6f6ff989d8e6ac43e3c3034aa3a094c7e54b988.php
No syntax errors detected in ./.tmp/phpstan/cache/PHPStan/48/a9/48a9303f59c7b43848c710258a3b06130041969b5445f82806051dd5b227ef60.php
No syntax errors detected in ./.tmp/phpstan/cache/PHPStan/48/d5/48d5487f95124e2bddce5c8c91ef531e259c195b5a0dd2f8786e9ba050bb6236.php
No syntax errors detected in ./.tmp/phpstan/cache/PHPStan/48/b2/48b2f9f9362b14dbe8f8ceefd0e142e39b528071840b3f58eac2bca35e2add52.php
No syntax errors detected in ./.tmp/phpstan/cache/PHPStan/48/1d/481db72dc980032c006b32809971f6c34e9e20c5d3d71dccfd4a02654185c0c3.php
No syntax errors detected in ./.tmp/phpstan/cache/PHPStan/48/1a/481a67e22c425328e22c9c038efc509d58dfcaf57766c9da0e17870077886034.php
No syntax errors detected in ./.tmp/phpstan/cache/PHPStan/48/2b/482ba50c9dd3a98be81bf0df33588fa57a597d65c5a01abf0a52f637365fe711.php
No syntax errors detected in ./.tmp/phpstan/cache/PHPStan/48/fc/48fcf45b4502605343385c5fcb2fb3e7eb8061b064144f44cb2b2c1126ca110b.php
No syntax errors detected in ./.tmp/phpstan/cache/PHPStan/48/65/48657bb10a7677e52a7019e91a207ce6e89a001f617a7d3bd599eb18d361b61a.php
No syntax errors detected in ./.tmp/phpstan/cache/PHPStan/fb/ad/fbadcaaff7f831979983fe86a74abd47761ecba3e81ab9ce571282db7a54b3b7.php
No syntax errors detected in ./.tmp/phpstan/cache/PHPStan/fb/fb/fbfbb0dbe1e8462daa709f975559353dc386e09fd6847a81cdf86858736765dc.php
No syntax errors detected in ./.tmp/phpstan/cache/PHPStan/fb/57/fb572bf2a3b1b61f592874f403740c4e9e5ff1be8fabd018df40f358c0d72f5b.php
No syntax errors detected in ./.tmp/phpstan/cache/PHPStan/fb/87/fb87f5fb2dd5fb3f42592f81855252f5fb0349fdbbd04ed009e6ad4d1b9a8102.php
No syntax errors detected in ./.tmp/phpstan/cache/PHPStan/fb/41/fb41806ff8239265b43cbc9891923a18e18260d07490cc2f02cd738859c5bd4e.php
No syntax errors detected in ./.tmp/phpstan/cache/PHPStan/fb/b3/fbb3e75231d0b2d75132b7ff7200b087ea1691c756345be8fe9ebaf6979fcfdb.php
No syntax errors detected in ./.tmp/phpstan/cache/PHPStan/55/6d/556d6f211074d496ea162297a0a422d7c4064231074abfcbdc4b40024434fa75.php
No syntax errors detected in ./.tmp/phpstan/cache/PHPStan/55/e3/55e3c70a8fac0894c6587dcba4ccebdcab2800ad9c2b39280390261413812714.php
No syntax errors detected in ./.tmp/phpstan/cache/PHPStan/55/30/553056ba79416d5f8cc1e34f3af1aec4ca041a775dea3c7b24b7531c9c46ac1b.php
No syntax errors detected in ./.tmp/phpstan/cache/PHPStan/55/f5/55f559937d396cc750af9462355cfe3526695aab7ead3e5d4d3251d5e4d8b7c3.php
No syntax errors detected in ./.tmp/phpstan/cache/PHPStan/55/70/55700e2196854d1a6318ae15488f1fdb8829e599225a63bde46417848acaf5b9.php
No syntax errors detected in ./.tmp/phpstan/cache/PHPStan/55/3a/553abb94b7435c813284dfbf50d243587ce31b50d36668241f2a67ad9439aed3.php
No syntax errors detected in ./.tmp/phpstan/cache/PHPStan/55/85/55851ff4c6d9c8c318639be18e00e5b0baf40b920ce24c6e2e498dfeadd8c342.php
No syntax errors detected in ./.tmp/phpstan/cache/PHPStan/55/a7/55a7941de52b9d15d3fb7aeb08ad108c8e73b8d9ce9d32c7fbc158f708124dc9.php
No syntax errors detected in ./.tmp/phpstan/cache/PHPStan/55/34/553466937bd956df2f438c6bd2df6386b954b057f6365fe9349c352062ca0a13.php
No syntax errors detected in ./.tmp/phpstan/cache/PHPStan/55/78/557813cccf40225c6ca26e8d0334565600443ac67bf85588a2a4337737711529.php
No syntax errors detected in ./.tmp/phpstan/cache/PHPStan/7f/64/7f64d315b672feaf5faf7f15856d57c27bdc925e62bcdd0ad35b3f9748fbd766.php
No syntax errors detected in ./.tmp/phpstan/cache/PHPStan/7f/9b/7f9b239dd82bf668c6e9f29dbfa8373a6e67e76fe55b5322d64f013700fb2b85.php
No syntax errors detected in ./.tmp/phpstan/cache/PHPStan/7f/1f/7f1f2c32cc3c74b98dccdba976987ebe5084905797301e2ef9ff6f6da0c45681.php
No syntax errors detected in ./.tmp/phpstan/cache/PHPStan/7f/a7/7fa768c7d125b27aea5c0d2d136dca6eb56254d5aabea4b74f74988b8d2586a7.php
No syntax errors detected in ./.tmp/phpstan/cache/PHPStan/7f/fc/7ffce3dd4e13f99e6226b71beae1396099b42bbaeb865a89ce0b3a3d4e548657.php
No syntax errors detected in ./.tmp/phpstan/cache/PHPStan/7f/65/7f65a77081a4165a438567e57dca2bed3aca834069378470596836222f6d2540.php
No syntax errors detected in ./.tmp/phpstan/cache/PHPStan/7f/c2/7fc2e220a563084e4646fa249ded96a9d336c6c710b66d70d36cc7672414c109.php
No syntax errors detected in ./.tmp/phpstan/cache/PHPStan/7f/b7/7fb76c5e946ea6d1cb76e411a4f6a14cddfb0aca523bb31397b792b93c1933a0.php
No syntax errors detected in ./.tmp/phpstan/cache/PHPStan/86/8e/868e0e4440a8fd21046cfcc9dacff1a1fc9bdd120aa36d5b3dd4daf774a546a3.php
No syntax errors detected in ./.tmp/phpstan/cache/PHPStan/86/b0/86b0cef3e35bf1afd70efc41776013fcdc34a316297cd109f2f92b6efb35f97b.php
No syntax errors detected in ./.tmp/phpstan/cache/PHPStan/86/02/8602e7aabcdbfe8558c5047b77ccf4e83747dd846c47aa91d1627bc0fbebe3db.php
No syntax errors detected in ./.tmp/phpstan/cache/PHPStan/86/70/86700f71072aa9a76a07cc2da2937eddd0c1d503a508a38c940aa7870bbce25f.php
No syntax errors detected in ./.tmp/phpstan/cache/PHPStan/86/92/869236bb4bfaa86b44f5a207482f4d3887b6305ed7f68c21f0d1349a77fa796f.php
No syntax errors detected in ./.tmp/phpstan/cache/PHPStan/86/6c/866c82018d2498e03903e53a2fe850e8854924896a31fc949a4a33882ab3791b.php
No syntax errors detected in ./.tmp/phpstan/cache/PHPStan/86/d4/86d4551a674260e9b870395c872f8104a4c955fc6adee018c7a9eed558701c89.php
No syntax errors detected in ./.tmp/phpstan/cache/PHPStan/35/7c/357c6a32fbdcb487a2aff5aba76f1459a7224b032d14995f8e6f60be647cc4d2.php
No syntax errors detected in ./.tmp/phpstan/cache/PHPStan/35/cf/35cf6ca1185586fe8572699ec3228c3f6f40b7dbd02316523968b713143b1ace.php
No syntax errors detected in ./.tmp/phpstan/cache/PHPStan/35/50/3550ef75f3740b5020a00a4a36b3ed798eff88bc89c2dbb553c8e71f900a2f65.php
No syntax errors detected in ./.tmp/phpstan/cache/PHPStan/35/16/35164b138a682307c395baa113fbd9baec3905f785d6e143ffb02d64add719d2.php
No syntax errors detected in ./.tmp/phpstan/cache/PHPStan/35/cb/35cb01fe84c2de9805c3e6dee9c0bc7e0cdc1412a966eb62f143dbed3d141e97.php
No syntax errors detected in ./.tmp/phpstan/cache/PHPStan/35/26/352664ade308051d37acae0e7224fd5f1d239c8eeae5f10eafa43f979ff07b81.php
No syntax errors detected in ./.tmp/phpstan/cache/PHPStan/35/19/3519893f0fe9438c9e4217ce10d1d8ede18247862c0d0bcd8f882d30fd7a6772.php
No syntax errors detected in ./.tmp/phpstan/cache/PHPStan/8d/44/8d44d1950d413226e379d6992186c51d23e75be4a4672ec160fee25579a19301.php
No syntax errors detected in ./.tmp/phpstan/cache/PHPStan/8d/48/8d481611d0598cbea4941cd00cac4e146cf2872bbaff9eb0c87013e829cece0c.php
No syntax errors detected in ./.tmp/phpstan/cache/PHPStan/8d/9e/8d9e2853743a6b5d131ffa18e692e90d204ff0a4b4922d61347af5a12d5ad82f.php
No syntax errors detected in ./.tmp/phpstan/cache/PHPStan/8d/67/8d67796bc44cc6700a8b347afb7ba56a2a24f8a91c930685d87cbcb78279ef91.php
No syntax errors detected in ./.tmp/phpstan/cache/PHPStan/df/27/df273f98b04db250140d00e8ac274c580c768b1a08d6bc1c00e6e32f759dec45.php
No syntax errors detected in ./.tmp/phpstan/cache/PHPStan/df/a2/dfa2c69f8a2ffbc797ce46fd0c41b0f25f0fd4a02b4dfb8688ff49dbad1373bc.php
No syntax errors detected in ./.tmp/phpstan/cache/PHPStan/df/15/df1584c01c77f1608ea4c5eda6d5172e314392963f2e343cc37a38dfb997cc68.php
No syntax errors detected in ./.tmp/phpstan/cache/PHPStan/df/3d/df3d6565f5c8d9d7c8ee45ef3526b5f495251a950092c012aa330f4404c6b42e.php
No syntax errors detected in ./.tmp/phpstan/cache/PHPStan/df/e6/dfe65885bfc000e89078690d36aa1213aca787613c6db44830e4fa1e41e89bb3.php
No syntax errors detected in ./.tmp/phpstan/cache/PHPStan/8b/82/8b820581d21dd9e06cac6e99e6159371730e219cfcd2bb025b4ae6292c366927.php
No syntax errors detected in ./.tmp/phpstan/cache/PHPStan/8b/e3/8be31cb926ccf05bea88d5ea3efd1648c1a9b3aa8e1cbfa854154fb7eb1b0151.php
No syntax errors detected in ./.tmp/phpstan/cache/PHPStan/8b/44/8b44e01a65f8380fcb03e6250b4eeecaf8e9f71dee25315f0f0975256cdf4bc8.php
No syntax errors detected in ./.tmp/phpstan/cache/PHPStan/8b/b0/8bb085186c0c19503a4e52962a245cd476ad2b2a2a9314cdee4780c5473772b8.php
No syntax errors detected in ./.tmp/phpstan/cache/PHPStan/8b/25/8b25948df5dfb0ea1f8b3a63e78a3bc141c02398b99eeed5f1f7d770af8656e1.php
No syntax errors detected in ./.tmp/phpstan/cache/PHPStan/8b/ae/8bae737c35ed59095054ffcaaf12fa20f43b42966f93ad57066b379a7d6d08bf.php
No syntax errors detected in ./.tmp/phpstan/cache/PHPStan/8b/32/8b3275ebf9c0522a1f505d56f6461aed4d8a2ed1f0810af886b32ca41d2d6946.php
No syntax errors detected in ./.tmp/phpstan/cache/PHPStan/8b/0f/8b0f2934fe3e86ba8aabcd5cd7b6f144ca6f487e1554ac6fcb6c04a465166d7a.php
No syntax errors detected in ./.tmp/phpstan/cache/PHPStan/8b/e8/8be88ed2dfa46ebdb37c359fdca5867fad50dbbf9f6eb3c9eb4894c677c31d0a.php
No syntax errors detected in ./.tmp/phpstan/cache/PHPStan/8b/5d/8b5dc978b507fab5707397ce5bd5354a3118266048421e495a8a01c59d81f628.php
No syntax errors detected in ./.tmp/phpstan/cache/PHPStan/8b/b7/8bb78c03ffa0dbbdadfb43cc07776b4d2aa7b1bcb36003fb2720df156f8b8cbf.php
No syntax errors detected in ./.tmp/phpstan/cache/PHPStan/45/a1/45a1903e3349717550f7fcb0b85cbae5d851683b3cb059fda6bde27b868e40b1.php
No syntax errors detected in ./.tmp/phpstan/cache/PHPStan/45/b4/45b4ce8163bbfebb2cf1ea3f093a648e1bd461c7d2953939dbd05231bbbca950.php
No syntax errors detected in ./.tmp/phpstan/cache/PHPStan/45/66/4566e2548640fdac5e742b3aca4656562ea7e40255a3b3b73a0cc99d68c89237.php
No syntax errors detected in ./.tmp/phpstan/cache/PHPStan/45/7f/457fae63935d96468a8aac91cbef7d356196435bd626d659db61c232da78e1ba.php
No syntax errors detected in ./.tmp/phpstan/cache/PHPStan/45/36/45362385ebcfb703b9caa5c542339db708d6efeb7c0f6a8e239693c3ae8df152.php
No syntax errors detected in ./.tmp/phpstan/cache/PHPStan/45/1f/451fd2b6b62c0dcf70bfd31bfa5eb5707a449b7e0a6a6ba4d867ff112465c786.php
No syntax errors detected in ./.tmp/phpstan/cache/PHPStan/45/01/45019b18cea99a4a604b57ce761ac770c1b6f5d75882d7f2d57ff177e1c9a06a.php
No syntax errors detected in ./.tmp/phpstan/cache/PHPStan/45/f6/45f665ac9063c5d395294f12675820e7aea6fec05e4f07e5c62b1ecc65677c40.php
No syntax errors detected in ./.tmp/phpstan/cache/PHPStan/45/62/456284a500145340e9b87791f1a40ecf94f75af62e3263d7a4f5ba84bebab4a8.php
No syntax errors detected in ./.tmp/phpstan/cache/PHPStan/07/01/0701c146764dce0ac0b58ac4941d13bf2aacf885a16348a964c57ff4a4ae1d33.php
No syntax errors detected in ./.tmp/phpstan/cache/PHPStan/07/50/07503421d73a305c393e78bae6bc687eed29fc18e1a570f4c8563493789ab98a.php
No syntax errors detected in ./.tmp/phpstan/cache/PHPStan/07/1d/071d0411a4e7a8d3d25b35295c7223ac3602bb3967b3409c5ad51f7306332f25.php
No syntax errors detected in ./.tmp/phpstan/cache/PHPStan/07/d3/07d34bde5227bbcf79212f1decf91015f5599cab8f7450c6d242dd343d6b6de5.php
No syntax errors detected in ./.tmp/phpstan/cache/PHPStan/88/49/884926260633424d5bc95f5893baf4e1faf128d9c0974ebe475aea59e74a9bff.php
No syntax errors detected in ./.tmp/phpstan/cache/PHPStan/88/9c/889cc86aa64e48194382d2070df6a6746c1d4ce925d5a2ff4ede3ee02541ad1f.php
No syntax errors detected in ./.tmp/phpstan/cache/PHPStan/88/00/8800e34032f1c4f198158bffd6657ccd8b46eed206683e6aa1508f55e90ff63a.php
No syntax errors detected in ./.tmp/phpstan/cache/PHPStan/88/57/88579f9d5bc4113355ce95606507daa5310a2d732cc186cf832ddcd441fc61fe.php
No syntax errors detected in ./.tmp/phpstan/cache/PHPStan/88/ae/88ae41ed37a5d350073445230a4ed969b09e28d80ac86be58f1efb5600ea00ff.php
No syntax errors detected in ./.tmp/phpstan/cache/PHPStan/88/c6/88c603cad1abf3aafc9626b66a74ae084b163d54d732ed974099e2432ee5a138.php
No syntax errors detected in ./.tmp/phpstan/cache/PHPStan/15/52/155277c8d2220661cef68f146cc6e3c905f7021036099610b91e8a63fe9468c9.php
No syntax errors detected in ./.tmp/phpstan/cache/PHPStan/15/2a/152a16fc844dc38d6f04c752fe64ca918162da2691a87b2167986332ba243a2a.php
No syntax errors detected in ./.tmp/phpstan/cache/PHPStan/15/4a/154a1e47cc4b42c516aabdc686fd3254affedcc563d52629a332275cdd30fa24.php
No syntax errors detected in ./.tmp/phpstan/cache/PHPStan/15/4d/154dcdec60aabc7e46a8b6e2976f4479e9c9187e26e15ab663dbf7638a0996bb.php
No syntax errors detected in ./.tmp/phpstan/cache/PHPStan/15/ec/15ec2acd0404a4a086d6888a73a7574a5876d9fca3f5274897077ef8a02478fd.php
No syntax errors detected in ./.tmp/phpstan/cache/PHPStan/15/95/1595060fa80ff3d20fec00f8811c29b8bdca01bb1e35c2db14c2f8e78c54d095.php
No syntax errors detected in ./.tmp/phpstan/cache/PHPStan/15/62/1562f5d5bb3cb9ce09b783f3dadc6b91219b803a2a09db5b2560251d4b1d2b6e.php
No syntax errors detected in ./.tmp/phpstan/cache/PHPStan/25/a3/25a3cd1b292e73b11ba3a207ed386301dac2d5396486c78975404dd3d4d44ee9.php
No syntax errors detected in ./.tmp/phpstan/cache/PHPStan/25/25/25251b152257be8e7f97d280f99ffcbbb4b8ac2a54c2ab423c73fbf757a2b2b3.php
No syntax errors detected in ./.tmp/phpstan/cache/PHPStan/25/36/25364e1fb0ab82825c0fbfe2ac0f25ee04948a883729d5d2d06b134ab9eae3fe.php
No syntax errors detected in ./.tmp/phpstan/cache/PHPStan/25/a4/25a42e2cc8dddaa076abb80c3087d175803283e8556f2c97a6a8f839a34e6e30.php
No syntax errors detected in ./.tmp/phpstan/cache/PHPStan/25/6f/256fc5578c5bca2b14a56845e5e8abbc75d46c709c85beae2b5365d26784efd0.php
No syntax errors detected in ./.tmp/phpstan/cache/PHPStan/25/75/2575edbb45fea5cd878b0dfb2ef135f7f9345d2ef1edf46ad2ecb1fbc66fb05e.php
No syntax errors detected in ./.tmp/phpstan/cache/PHPStan/98/49/98495e060de7bce8bcc724e97ad2ed5033bb16103b096eb1f93e8d7189ae1c7c.php
No syntax errors detected in ./.tmp/phpstan/cache/PHPStan/98/73/987366a5c84e49dc2a8874b7666f66c9bb3d48afafc0125904dcc9e14def37c6.php
No syntax errors detected in ./.tmp/phpstan/cache/PHPStan/98/8b/988be006718ab33d888d8dbbb75f2fbbeb5cd45eb3997956344ce78a2229453b.php
No syntax errors detected in ./.tmp/phpstan/cache/PHPStan/98/98/98982272eb55fee562c66b8aeaaaf0766ab5927b481951e50b25ea438d195eb5.php
No syntax errors detected in ./.tmp/phpstan/cache/PHPStan/98/58/985840024b9197901be13a7cca63ede9b529086d93e5aa5cad43471dddb12818.php
No syntax errors detected in ./.tmp/phpstan/cache/PHPStan/98/b2/98b24ea85f0df047d72caf0a0ba4f54d74892c5db09f060ea54cdbc560d8d3ad.php
No syntax errors detected in ./.tmp/phpstan/cache/PHPStan/98/1d/981dc4ac4ffd74bcdd50c62b62a03e9198f3a33354fe3d1e9bd82ddaf87c6cf2.php
No syntax errors detected in ./.tmp/phpstan/cache/PHPStan/98/b1/98b1236291c86e18b5760278c16e58ef520700e024804462627a74ab2bc22935.php
No syntax errors detected in ./.tmp/phpstan/cache/PHPStan/98/a0/98a0ecb4706b17ae47c1a912d89ddededb7b97c0d9fabe484a433eb6febc3297.php
No syntax errors detected in ./.tmp/phpstan/cache/PHPStan/1e/7c/1e7c478a4b4f9d0e086654e6ed8b34a8c5bba8bd98696c1c3169fc8848242b63.php
No syntax errors detected in ./.tmp/phpstan/cache/PHPStan/1e/44/1e4414dfa23386b0c46a2abefefd0bb21df28039af269836e3a6fad8583d4241.php
No syntax errors detected in ./.tmp/phpstan/cache/PHPStan/1e/73/1e73630923311783c79da2fa606320ac043629365acacffda74cb6e724b35296.php
No syntax errors detected in ./.tmp/phpstan/cache/PHPStan/1e/d6/1ed6b3e4103abc4cc2d00121e9a1cb0a406347fedc9312b8aa6a9c5686aed6d1.php
No syntax errors detected in ./.tmp/phpstan/cache/PHPStan/1e/07/1e07b6012e9d14a70cdca0f46a5aefb737e17b4b42951c1e45081af4c48ef6ed.php
No syntax errors detected in ./.tmp/phpstan/cache/PHPStan/1e/f2/1ef24bc5ed8ee295a72a34db5419f39a0f7bea2d978cb601af809374190acb25.php
No syntax errors detected in ./.tmp/phpstan/cache/PHPStan/1e/fe/1efe941b78ef9f15746b314c513dc2315e3d6f9750bc18ff13de0d06e0d016a6.php
No syntax errors detected in ./.tmp/phpstan/cache/PHPStan/1e/33/1e3334b3aa0dec1aab696c837302c91c9d337fe14744e6e2fd7af345f6313841.php
No syntax errors detected in ./.tmp/phpstan/cache/PHPStan/1e/85/1e854c0218b9b41ba409ce0bc6c0a9eb64f294d66066321bc85cbca979e4e20c.php
No syntax errors detected in ./.tmp/phpstan/cache/PHPStan/1e/ec/1eec06b93bdd290a579a80f37936744397f1b4a4ca31b4da98426105d5b7b35e.php
No syntax errors detected in ./.tmp/phpstan/cache/PHPStan/1e/ea/1eea285e48a093f2d740366ab59a92b1a617c0fed5c9f6e8452d65f43303bca5.php
No syntax errors detected in ./.tmp/phpstan/cache/PHPStan/1e/26/1e26233765bb0b671e4356a7ee83e215139023c3fe160e604d102ffa9f7501d3.php
No syntax errors detected in ./.tmp/phpstan/cache/PHPStan/1e/ca/1eca65b39510e2cbcbe0c6257f93fba37f73b119d2c7a3f7d1ebe11c34419737.php
No syntax errors detected in ./.tmp/phpstan/cache/PHPStan/b8/4c/b84cecfe30661da981cc3719ebd15ea66b9566cdd22d2c5c95f060549e4ffa01.php
No syntax errors detected in ./.tmp/phpstan/cache/PHPStan/b8/d7/b8d7d59eca0c64ef67467210d224d9d891d716c372d4a858050377553cdc051d.php
No syntax errors detected in ./.tmp/phpstan/cache/PHPStan/b8/fb/b8fbffa7a947dfa70f1f0ed352039e172c38bb80246409517de5ce13142f0f03.php
No syntax errors detected in ./.tmp/phpstan/cache/PHPStan/b8/86/b886b2969935343222b3aeaeea9d0b7eecc3a3e284f59d0a7411feba9ad1c7b8.php
No syntax errors detected in ./.tmp/phpstan/cache/PHPStan/b8/a4/b8a4a7b5c1bb902e8188f414ebcdb6d543a32b7a5947ff697c391122e2d1c3c2.php
No syntax errors detected in ./.tmp/phpstan/cache/PHPStan/b8/13/b8135a307e16b613572b45cc74ab1617182513ab659224e7300db8b30e8faad1.php
No syntax errors detected in ./.tmp/phpstan/cache/PHPStan/b8/32/b832bfd524e060c5eed08060bd41016a308cfb2403e4a740d9cb2634c8c29b60.php
No syntax errors detected in ./.tmp/phpstan/cache/PHPStan/b8/6c/b86cb918746134df94a0ae5ab761574636677c0b27d635de37491bd7710079ed.php
No syntax errors detected in ./.tmp/phpstan/cache/PHPStan/29/fb/29fbfc6340ec6815e9a3cf54b02ee986b72ddbaf849df66ffafdbbedb9acfde6.php
No syntax errors detected in ./.tmp/phpstan/cache/PHPStan/29/1e/291eb62b065ad23429ed3efe5210a22eea6be2ffa04f2cebeccb4af516714996.php
No syntax errors detected in ./.tmp/phpstan/cache/PHPStan/29/f8/29f89bdc1ec8729d4f1aadfcce95dcfdfb82ddd3eb31eca22207c1060c0f17aa.php
No syntax errors detected in ./.tmp/phpstan/cache/PHPStan/29/8f/298fd4492753637a0955ea62e9b2d5aa4ffbbc4f7e2b4d989f3fcaa95cc3c992.php
No syntax errors detected in ./.tmp/phpstan/cache/PHPStan/29/9a/299abdfdc8a59be07a3859ed4e9f02cf231722bb7a3588e8a82f5bc47b13a9e4.php
No syntax errors detected in ./.tmp/phpstan/cache/PHPStan/29/87/298775e0730e7c0a123363eb0475f6796e771916e9173dbc022a7f63e79a49cc.php
No syntax errors detected in ./.tmp/phpstan/cache/PHPStan/29/70/29704cbc939dff127791fb9b9bb4ebc8e2c3c21c0bb4b13ec262fd01d0cdd517.php
No syntax errors detected in ./.tmp/phpstan/cache/PHPStan/29/3f/293f3119cc0fd88c9f729a5fd464ee90bd7aab532b25288872abdc118635f165.php
No syntax errors detected in ./.tmp/phpstan/cache/PHPStan/29/bf/29bf42571e9416aed22fa97386cceb0bc060b9b7528ea5a5e0300705c2284d31.php
No syntax errors detected in ./.tmp/phpstan/cache/PHPStan/29/59/2959420b12d7d0c82f19cc449786ad26da0860f25e624c2843807b608f628dd0.php
No syntax errors detected in ./.tmp/phpstan/cache/PHPStan/79/3b/793b12e8848fcd556f0583e2c5760678e0bfa6eaf8334e8142d2102e3b605825.php
No syntax errors detected in ./.tmp/phpstan/cache/PHPStan/79/56/79568926cbd88caeaaba7ced98e02e15b556c3d7ec105a8a74a2d05e9e5d10a8.php
No syntax errors detected in ./.tmp/phpstan/cache/PHPStan/79/93/7993145d7e4ee5c2e67fa6a3234296bb91d3c3bc6f3c7b9d44da4f4f596bb99d.php
No syntax errors detected in ./.tmp/phpstan/cache/PHPStan/79/e5/79e5dfbf4fb0ab7cc7f080be231ac636bc314c6347648625f6d2e77f6f247d53.php
No syntax errors detected in ./.tmp/phpstan/cache/PHPStan/79/6e/796e34a559c1217fca8d343f6496b42a36d4581c5c51fdad8808836487e1b020.php
No syntax errors detected in ./.tmp/phpstan/cache/PHPStan/81/6b/816becd27e5fdbe6370573f1ab53790cc3c5cc935c43a2d3ac576283ca3e71a9.php
No syntax errors detected in ./.tmp/phpstan/cache/PHPStan/81/35/8135067680fc6a221278296a12c5b4097e7c87b9c1c9c20c53d2b658b7907986.php
No syntax errors detected in ./.tmp/phpstan/cache/PHPStan/81/8d/818dfe440a33dccd9f3821c37ac8bcfad42cd6be345f0e112976bef34f81e611.php
No syntax errors detected in ./.tmp/phpstan/cache/PHPStan/81/ce/81ce7b273c74b422cf6e331469e80c73c54f936e1f30f15cc4a111fdd1d4a83c.php
No syntax errors detected in ./.tmp/phpstan/cache/PHPStan/81/87/8187e334097b71e9111729aa8c2e009b5f168092e96e3ef27d101d54a5ccfa2e.php
No syntax errors detected in ./.tmp/phpstan/cache/PHPStan/81/11/8111108a57f15d0ce632c9e8c0e9cd5206ac30802d1223c37a6aa66a8ca97f75.php
No syntax errors detected in ./.tmp/phpstan/cache/PHPStan/81/ef/81efc6865119d41a4ccad37e5c3e662d19dc3ec308a8534cdee58dad1b99a08f.php
No syntax errors detected in ./.tmp/phpstan/cache/PHPStan/81/7e/817ef67c504005048c082a49b584bdcedfeb715baacedecd26830a3b0dc7b83b.php
No syntax errors detected in ./.tmp/phpstan/cache/PHPStan/81/16/81166b1d40a5a164b558fd7e6c9860803dc13fc79b6dc85ecb2f2d78ce6fb8de.php
No syntax errors detected in ./.tmp/phpstan/cache/PHPStan/81/85/818579b19b102ccb090c5755d8d418ddf6dc6e358d0d1a91c1de0ad5d805754c.php
No syntax errors detected in ./.tmp/phpstan/cache/PHPStan/81/43/8143bb2c646569eb30848f0df3cbe9e4fef93b09f805e758c6ebc54fd504fd5a.php
No syntax errors detected in ./.tmp/phpstan/cache/PHPStan/81/fc/81fc75951ebff51bcbbec9a8bdeac1ec4b1e0ed1b8501f492b7fdfad459765fb.php
No syntax errors detected in ./.tmp/phpstan/cache/PHPStan/bb/45/bb45986699496025653cb9109c01b1e127c3bcca4c22c93cf00223cebbc8421f.php
No syntax errors detected in ./.tmp/phpstan/cache/PHPStan/bb/e1/bbe196abc7c4c92fdfc0508569f6c585cf1b867c7a7697694ce30d8bdab748c8.php
No syntax errors detected in ./.tmp/phpstan/cache/PHPStan/bb/9a/bb9a4ac3303c877225ce9ebb0af479902a4913e1435111cede1ac95be69699cf.php
No syntax errors detected in ./.tmp/phpstan/cache/PHPStan/bb/68/bb68b29f858654f18fb3faaf4bf9b994d684c4e85461784b9af8c363e738206e.php
No syntax errors detected in ./.tmp/phpstan/cache/PHPStan/bb/c8/bbc88963946cb07975898d5141f9d3c4a4efa30298a4165d2ce759d9db9bdf18.php
No syntax errors detected in ./.tmp/phpstan/cache/PHPStan/64/f7/64f74225d06111c697adabc41f4bfaf8e4725d4e06cc1247bc7016a9118d62f5.php
No syntax errors detected in ./.tmp/phpstan/cache/PHPStan/64/7f/647f47c70fc4582ec8c3fc07dc59d012631d04572a2498edf6b57d48ef086648.php
No syntax errors detected in ./.tmp/phpstan/cache/PHPStan/64/9c/649cdbc843674bd37da9006ea8dd47dd949cf500198390e2a09037f0b0fceaab.php
No syntax errors detected in ./.tmp/phpstan/cache/PHPStan/64/ef/64ef065a7c4a9a5dc71b12729abb500f217c4eaade039cb795430ab0caa88a4b.php
No syntax errors detected in ./.tmp/phpstan/cache/PHPStan/64/de/64de37feec99765da08eefb5f892021d8bf1d64f44de1c4e3d38850f64b77af0.php
No syntax errors detected in ./.tmp/phpstan/cache/PHPStan/64/69/64691fa08626c09cd292f863e333ce7161880ee41e4d7b7f2a793a845c680c82.php
No syntax errors detected in ./.tmp/phpstan/cache/PHPStan/64/dd/64ddf9e28e8d9a2f7588832eff2ba3e5aa107a474aeb960c8413c500bf850185.php
No syntax errors detected in ./.tmp/phpstan/cache/PHPStan/24/49/244972c9694cd735cc520bc840ad454d8225846bc1f3cfb2a796a64ddc9e6ed4.php
No syntax errors detected in ./.tmp/phpstan/cache/PHPStan/24/c3/24c39ee55f5230d78abf0e5403f859e1738ef3db0fe52600ed6cc13ce2fcefae.php
No syntax errors detected in ./.tmp/phpstan/cache/PHPStan/24/47/244753c682920eab7eb1bd7830c08baa04c922730c391659539d5b0a696c23c5.php
No syntax errors detected in ./.tmp/phpstan/cache/PHPStan/24/b0/24b08ea904267a2263220da88414296bddf8274c204ace2decb5cced3c293cf9.php
No syntax errors detected in ./.tmp/phpstan/cache/PHPStan/24/4a/244a78ccdbdff74686501d39b649a7267372731abbe68cf16055541dd9f84692.php
No syntax errors detected in ./.tmp/phpstan/cache/PHPStan/24/af/24afa188dab394e00df0692e3a96c2272bf501a1bbab1d4d2cb1544af7b0b609.php
No syntax errors detected in ./.tmp/phpstan/cache/PHPStan/24/f3/24f3fed63be51f72d3583bc398e3992323df6cb070d7284c4fec9a1a3c14eac4.php
No syntax errors detected in ./.tmp/phpstan/cache/PHPStan/24/ea/24ea9e03e5cdb86ff66a1308dc3785dd408483cba0b8586a77bda28ea2f78705.php
No syntax errors detected in ./.tmp/phpstan/cache/PHPStan/24/0f/240febf8dbf4a6be9646c664ec3ef5271676adb5eddb0338f078c75bfaaa6c2f.php
No syntax errors detected in ./.tmp/phpstan/cache/PHPStan/24/84/2484df83ece265bb0177d74cfe41da59c6ca8e4a6c5c1b668e17b57be4846b54.php
No syntax errors detected in ./.tmp/phpstan/cache/PHPStan/6a/a2/6aa254ae1d2f80e2811b63e6ca0a73da6e7548210d842c80817966a9d5825183.php
No syntax errors detected in ./.tmp/phpstan/cache/PHPStan/6a/fd/6afd9113ea06c05a615e6d797b26a5936132107e6f77936a80c8438d3dc754cf.php
No syntax errors detected in ./.tmp/phpstan/cache/PHPStan/6a/d8/6ad8e84300cb6fdd9c5034216c712023ab02cf671b38d74dc944211e30466ed0.php
No syntax errors detected in ./.tmp/phpstan/cache/PHPStan/6a/4e/6a4ef33eacc23b6a6c5609d92e37f36eefcb257898754c98dd9ae0cf8f6d46d1.php
No syntax errors detected in ./.tmp/phpstan/cache/PHPStan/6a/21/6a21b6babf10400a1fd3fc4ec41d6cdf44b42c8fc4f8135b7d1479d36d78c104.php
No syntax errors detected in ./.tmp/phpstan/cache/PHPStan/6a/26/6a261f7a60c696e2e8571abba9b601a12764f458d15b13aafcd3ebc51d1d2cc2.php
No syntax errors detected in ./.tmp/phpstan/cache/PHPStan/6a/6c/6a6c50f04420241787568d13cd3c5e9e2b3bb93841c7894f6d9eb3edc7749f6a.php
No syntax errors detected in ./.tmp/phpstan/cache/PHPStan/6a/65/6a6504d63236d18f58706f8f21629e4cf68b5e3d7533cd1981e06847fd7d29ee.php
No syntax errors detected in ./.tmp/phpstan/cache/PHPStan/3b/49/3b49551a7613fb46a5335f73809c8c2b2257c78c7a9dd0e9897e5c002d576a75.php
No syntax errors detected in ./.tmp/phpstan/cache/PHPStan/3b/06/3b063b89acffd7f8705ec8cb21fcb9dbd41cb87a421e7ee9229d930c91eebf93.php
No syntax errors detected in ./.tmp/phpstan/cache/PHPStan/3b/a2/3ba2833011598826e75e0ee6ebf266581e193ab5cebf25a7c0797b2ef1805208.php
No syntax errors detected in ./.tmp/phpstan/cache/PHPStan/3b/b4/3bb4a11a542880bd220ccc503b686bdd7e644e08b4cf3c356f194117d752bc82.php
No syntax errors detected in ./.tmp/phpstan/cache/PHPStan/3b/b4/3bb4e9d9c5a824f5b7efdc3f9fffaefcdafe333cc784b1d7dab31c13cd573df0.php
No syntax errors detected in ./.tmp/phpstan/cache/PHPStan/3b/ed/3bedf75e59d225b86995729c2a074a160fa8e879b8b244ed7ee389d196da01c6.php
No syntax errors detected in ./.tmp/phpstan/cache/PHPStan/3b/3f/3b3ffb97b3f015adca9b702cd1780127fa7b729900799f12d10087c9e42e88b1.php
No syntax errors detected in ./.tmp/phpstan/cache/PHPStan/3b/6f/3b6fafd2b4e95f689c67f6a0ab319f61574c624e39e9bcfc1513a1b24122eeba.php
No syntax errors detected in ./.tmp/phpstan/cache/PHPStan/3b/94/3b948df95f58369146012eec500bc497c82ac4c4df0149b3b57d4a0559b9d2e8.php
No syntax errors detected in ./.tmp/phpstan/cache/PHPStan/3b/c7/3bc71cbab15c29c2b3e4d24e1ea2453f15b451df943eefd1bd1f9441c627aefa.php
No syntax errors detected in ./.tmp/phpstan/cache/PHPStan/3b/83/3b8398c4c44cd10183e378f98cb63c40274fc8008c2c252ca3d7684c0e6865ac.php
No syntax errors detected in ./.tmp/phpstan/cache/PHPStan/3b/22/3b224b5e6b921f6abf9fcd5115f58af39aa5ceb5d03853080baaf3618c3f4ea3.php
No syntax errors detected in ./.tmp/phpstan/cache/PHPStan/12/06/1206531ded5addb9083b00deda194d8268caf8a505679441016b70031c8debb2.php
No syntax errors detected in ./.tmp/phpstan/cache/PHPStan/12/e3/12e3bd557f3e35bc44ee0defc3a07eba9420e0323a0a94efb1828815a5b05ccc.php
No syntax errors detected in ./.tmp/phpstan/cache/PHPStan/12/96/129601f81a6ca26f42d6f9ac88337fc88584d6c5e5f3a14bc1b35343629f94c8.php
No syntax errors detected in ./.tmp/phpstan/cache/PHPStan/12/79/127911cef49e59cb9302c0469b970309188ada47738b03fb915d41a7e11d3431.php
No syntax errors detected in ./.tmp/phpstan/cache/PHPStan/12/f2/12f25df311f0d9f0715855a69c30a623abd0996a8052eb6817b3f6e9ba3d843b.php
No syntax errors detected in ./.tmp/phpstan/cache/PHPStan/12/70/1270470a3877a6371640d4c413a2252d39c65ce4d1a254b54637d314020e01ea.php
No syntax errors detected in ./.tmp/phpstan/cache/PHPStan/12/ac/12ac04007fd562ea9698e1d1586fc9caed9ff35faa9e72a383ed3a6809d0060f.php
No syntax errors detected in ./.tmp/phpstan/cache/PHPStan/12/1d/121db5f156daea4ce7e81b6a1d5bc3460513b998d25b3245510b8dcc29fe4a64.php
No syntax errors detected in ./.tmp/phpstan/cache/PHPStan/12/83/1283c518eb3ba931c3f1050a730cb7f109aa5d869815c8bf0e0bf847d3b0e64f.php
No syntax errors detected in ./.tmp/phpstan/cache/PHPStan/12/95/1295441914deb8c511aa72fa92565a60f0c9f24753d50ec74abaa8e963762416.php
No syntax errors detected in ./.tmp/phpstan/cache/PHPStan/bc/20/bc201e957aa204ff230a2ec5a21e2f3a37489b9c875ba49ac0d0881877aff080.php
No syntax errors detected in ./.tmp/phpstan/cache/PHPStan/bc/79/bc79ef7dd030e12635b220f2e453b2b10c33002680372e8811d79d8752b1e3a8.php
No syntax errors detected in ./.tmp/phpstan/cache/PHPStan/bc/81/bc814b6164889a5b5c774eb927ee3da423a6288e955d0453193422e0cff77a07.php
No syntax errors detected in ./.tmp/phpstan/cache/PHPStan/bc/ff/bcfff340f47c38cacea52ecd22962f307d8e2aa7bbf68b4c1a319638b9a2ddfd.php
No syntax errors detected in ./.tmp/phpstan/cache/PHPStan/bc/e1/bce1c6f035ecf1a312bfe35d2058929e18539a07e581335392978521f35e40c9.php
No syntax errors detected in ./.tmp/phpstan/cache/PHPStan/bc/e8/bce8b02d214579fecb47f288e36f6b3a2289c48044e36e19ff73d85afea4e32d.php
No syntax errors detected in ./.tmp/phpstan/cache/PHPStan/bc/dd/bcdda0ceda9ad58aad4cf6760ed6b0ac53e0723bf701cc34188a5df63f86f028.php
No syntax errors detected in ./.tmp/phpstan/cache/PHPStan/f2/d6/f2d65c5d347b6924d6543dd4414b8922558eee90b11edad6de8139c81524fbfb.php
No syntax errors detected in ./.tmp/phpstan/cache/PHPStan/f2/ed/f2eda63a9d45780b43b099f2e6dc8b4fd0871dc7a8439b0d8a23a8ec10db1990.php
No syntax errors detected in ./.tmp/phpstan/cache/PHPStan/f2/fe/f2fe5f7629d03d12093afd488b7df2422c920849296ebd623d4624578b254f51.php
No syntax errors detected in ./.tmp/phpstan/cache/PHPStan/f2/56/f256ec8fc2b7b27a9b00b30a40f0c8eb0b414fa46c7ea21b546f6017d642eb86.php
No syntax errors detected in ./.tmp/phpstan/cache/PHPStan/f2/3c/f23ceeedbdf126f358906fdd9a83a15a6cfb44b633050f09d2e5340b77bae3d5.php
No syntax errors detected in ./.tmp/phpstan/cache/PHPStan/f2/61/f261323821a06cb2ceb8b1c9a0256410ead3005b6fa8b5b434a985b26bd7c708.php
No syntax errors detected in ./.tmp/phpstan/cache/PHPStan/f2/ae/f2ae815ae999e45e64359b7845a7e56ccd6c29076e17820f2bda42deb976894a.php
No syntax errors detected in ./.tmp/phpstan/cache/PHPStan/f2/aa/f2aa547192d0d81c5664398fef48185771aa60cccc53b2c61d26c33e3174f49d.php
No syntax errors detected in ./.tmp/phpstan/cache/PHPStan/f2/08/f208a93993e683e2d30dde9914655d7764b6c0f350a10d38f4a41250cd65a77a.php
No syntax errors detected in ./.tmp/phpstan/cache/PHPStan/f2/19/f219d63fe3211822bb5aa893ab997826f0e31a676153b33f58f59d8930391b48.php
No syntax errors detected in ./.tmp/phpstan/cache/PHPStan/ed/49/ed490bbe2565473a4a00b6f0d7bc2c2de8cfc84d56f7ae6668faf6f738c31039.php
No syntax errors detected in ./.tmp/phpstan/cache/PHPStan/ed/27/ed277dc3039ecbf4ea901e2946fb4b5a48b507364fc269a6aa01ff5c7b336da5.php
No syntax errors detected in ./.tmp/phpstan/cache/PHPStan/ed/7d/ed7db7db6227e795e1600daba9413122c8103c5914482b88a73132c64bdea85c.php
No syntax errors detected in ./.tmp/phpstan/cache/PHPStan/ed/00/ed00bbe0cb262f1919f97f49b55077bfb84ce58e35c49c432eff1af07472a938.php
No syntax errors detected in ./.tmp/phpstan/cache/PHPStan/ed/63/ed632f2543610806d7ef72f051e4e3bb6051e1f88865a8fa2b1976ec86fbe39f.php
No syntax errors detected in ./.tmp/phpstan/cache/PHPStan/ed/2c/ed2cf149129d255351e416b1f8c22f732bdb66195960593b1aa55920121fd3dd.php
No syntax errors detected in ./.tmp/phpstan/cache/PHPStan/39/5f/395fc9fdfa0e18a7f3866a9e335599097b52e25bf4ca5f2072a6f40f531391fb.php
No syntax errors detected in ./.tmp/phpstan/cache/PHPStan/39/79/39793aa9e74f6d87dc537ffa6652c9f8bf06c5f4d240b12d25ee05ed1de693db.php
No syntax errors detected in ./.tmp/phpstan/cache/PHPStan/39/2a/392a7a27f062bdb916fd866bb6dbda18e996afaa8ddbb1291966b577677d2913.php
No syntax errors detected in ./.tmp/phpstan/cache/PHPStan/39/0b/390b08ad68ff295e5d969507956be77d4eee405b761d4336ecd736643b0f4347.php
No syntax errors detected in ./.tmp/phpstan/cache/PHPStan/39/58/3958ae4c9b1b5ad312d5f4a4a918444c5055e807e6a2f2eb1a850f361fea123d.php
No syntax errors detected in ./.tmp/phpstan/cache/PHPStan/39/71/3971bb541cb95866654f7440d4e0cb3ddb9ac78184709fd3c52b8f157d7cf8b1.php
No syntax errors detected in ./.tmp/phpstan/cache/PHPStan/39/71/39713b330d96e43423eed2352e48ff02814ffb83ee46cc7448812e8359eb4991.php
No syntax errors detected in ./.tmp/phpstan/cache/PHPStan/39/e6/39e63934aa6bffcd8908c14515694b14663045c832e742e32abdcc08843084b5.php
No syntax errors detected in ./.tmp/phpstan/cache/PHPStan/2a/7d/2a7d565f1650dfbad64f23e3f5262d61067af447a740f9203b1b03e9d91db233.php
No syntax errors detected in ./.tmp/phpstan/cache/PHPStan/2a/f5/2af51fe0b11cac6895de67a2f8f8790b6c12dd13d601006705919b45f072ca8a.php
No syntax errors detected in ./.tmp/phpstan/cache/PHPStan/2a/f7/2af781ae4ae0f44d0ca12eaf2ea4dcf0dd300629ada8e1d560f9fb661a26068f.php
No syntax errors detected in ./.tmp/phpstan/cache/PHPStan/2a/5c/2a5c46f1f03aecbbb5c75b5edcb77772de7a2b0e2a7f0b46dc11b1908d5545cd.php
No syntax errors detected in ./.tmp/phpstan/cache/PHPStan/2a/a7/2aa7d79d9c3a0629d49697d6122f1569929f9a285f1939862489d9e35c362428.php
No syntax errors detected in ./.tmp/phpstan/cache/PHPStan/2a/1d/2a1da54dbb173f5c339ccd5aabbfa3ce3d434b20f7d35da9a4822d1d7f4288a9.php
No syntax errors detected in ./.tmp/phpstan/cache/PHPStan/2a/0c/2a0ce43065c321f67b1b7233d33cd880479c8d2add1d5715b8ec45a7f4555c0a.php
No syntax errors detected in ./.tmp/phpstan/cache/PHPStan/2a/0d/2a0d7fc337316ff2eb8bc07ea2b013af069e441cc3bb61cbdd24fd9f9948514b.php
No syntax errors detected in ./.tmp/phpstan/cache/PHPStan/2a/95/2a95d68c01cab46ca359a4994d0a42de796d93ad5dc55523e07dd52631927bf4.php
No syntax errors detected in ./.tmp/phpstan/cache/PHPStan/fe/c9/fec92d6ae7f40ca2a312b6f2fc4f02bdaf4ec5707d9837af4a3dedd7e4a21c98.php
No syntax errors detected in ./.tmp/phpstan/cache/PHPStan/fe/bc/febce798b7a5a677c5019dccf1fd664f67849c3527da74dda432fa6be812963b.php
No syntax errors detected in ./.tmp/phpstan/cache/PHPStan/fe/00/fe009338554986343293e6240476abdc2181ab91b301d23bf71c8628506ad66d.php
No syntax errors detected in ./.tmp/phpstan/cache/PHPStan/fe/3f/fe3f7eae7a0b3d843e329f6e6b219f77e408e9ce37b417894f3a4f6460e97cf1.php
No syntax errors detected in ./.tmp/phpstan/cache/PHPStan/fe/03/fe035f74b4441ddd7de6e5b5a8675396a146b9b8edab22db02dd4f53371bc641.php
No syntax errors detected in ./.tmp/phpstan/cache/PHPStan/fe/dd/fedd6d8fcbf35350f7ca096bf5cdc820e9b49bec303a78b2e4d9c010577c5ac8.php
No syntax errors detected in ./.tmp/phpstan/cache/PHPStan/ce/8e/ce8ee3975cf6fe230fa59aa7c67b1b5f855c1692b63a15a4901915bbe8def113.php
No syntax errors detected in ./.tmp/phpstan/cache/PHPStan/ce/30/ce30eb6eecafbfcc9b1a9e0d50f21895aadf467e589d893ba560d84c4a30d4a9.php
No syntax errors detected in ./.tmp/phpstan/cache/PHPStan/ce/f2/cef203b891200d48ddf3a43dd33898ea7fd4639e718bbe09a136fc1ca84bdcc8.php
No syntax errors detected in ./.tmp/phpstan/cache/PHPStan/ce/ed/ceedd22bd918149945707ab01a38cb9cd96fc765bb8342859be8dc8769d01bbb.php
No syntax errors detected in ./.tmp/phpstan/cache/PHPStan/ce/00/ce009c005104713919e483f3f1a11dd39be1b0b555cbfa6580a4583158c13070.php
No syntax errors detected in ./.tmp/phpstan/cache/PHPStan/ce/9a/ce9aecc0896a34ca68ddff3dc5ee01d8111da894e66df535aebead2dfb36854d.php
No syntax errors detected in ./.tmp/phpstan/cache/PHPStan/ce/92/ce9278267a75c817b2fe168253e9e1ad978d0d09a9f6d85d7cd7a6768725d109.php
No syntax errors detected in ./.tmp/phpstan/cache/PHPStan/ce/67/ce671b0a1ec4ce914b9db657b75dba823a1e93876b8c0940179a79d875c160bb.php
No syntax errors detected in ./.tmp/phpstan/cache/PHPStan/ce/ab/ceab8e0a2b8e3330b005afb640ce89f1bb1ad8bd89d080e4cb0584254993f22a.php
No syntax errors detected in ./.tmp/phpstan/cache/PHPStan/14/d6/14d653c4515ab36547ce868cff00e85d6d8383ce9eaaec6b4b06b946c34a3eb4.php
No syntax errors detected in ./.tmp/phpstan/cache/PHPStan/14/58/1458b8bc818ee0ed530f1e1b7df7cec8b92f53943ba5293a40c0e5dbab12ca8b.php
No syntax errors detected in ./.tmp/phpstan/cache/PHPStan/14/57/14578d1de478aa255578fb1ffcfbcc5d21b67c585749871d99ab2dd276f230be.php
No syntax errors detected in ./.tmp/phpstan/cache/PHPStan/14/78/1478a84eba53209ea824279fd1bd65f3651a447563c883fbe156e7c9ddcd1659.php
No syntax errors detected in ./.tmp/phpstan/cache/PHPStan/14/62/14621ce489cf94a82e32254c88b9bb69ede64f2284c792941674bdf548338ddd.php
No syntax errors detected in ./.tmp/phpstan/cache/PHPStan/cf/14/cf1409ed3b48f095b909d79bee94e62b88aaa8af4a9cb6a30146eabc9cba7f7d.php
No syntax errors detected in ./.tmp/phpstan/cache/PHPStan/cf/af/cfafb86e2c4716e5267ba6c47ede81ee30f3c2b8c465f30e343ffd10ae08d24e.php
No syntax errors detected in ./.tmp/phpstan/cache/PHPStan/cf/80/cf805251d2aa9642f578b08a4d7ad57746ba0ef36742c1d4a892870f8b4eb04e.php
No syntax errors detected in ./.tmp/phpstan/cache/PHPStan/cf/b1/cfb1cb25a8e44adf6de62e6a63be1a17bca1472b558a39fcdc765c3a539dcef5.php
No syntax errors detected in ./.tmp/phpstan/cache/PHPStan/cf/dd/cfddd9df9c8c6175bab58b2b30acd242a55c8a8caede3104d0ee3a77b8c8fc44.php
No syntax errors detected in ./.tmp/phpstan/cache/PHPStan/cf/b7/cfb70a2a422dac51a46b2670491492c60a1138fcd232ccf6d05cc5c1b7f65009.php
No syntax errors detected in ./.tmp/phpstan/cache/PHPStan/28/8e/288eaa45f134a33b16215a2a9419507318e0714d4f8e63799c9acdea0b54a831.php
No syntax errors detected in ./.tmp/phpstan/cache/PHPStan/28/a3/28a369fa45e2c305e164273417eec68b17da475edd2e1cfa07156643e61e8ada.php
No syntax errors detected in ./.tmp/phpstan/cache/PHPStan/28/df/28dfc0aa2aa4275fcebf253472af16a8e9cf8a0ea7224447baff87edc695e42b.php
No syntax errors detected in ./.tmp/phpstan/cache/PHPStan/28/07/2807697eac37c3ed2357d5748486bc8b46c72981857969d4e5f7888e11b00ac0.php
No syntax errors detected in ./.tmp/phpstan/cache/PHPStan/28/15/2815cb75c11e57b73816910ecfc2d4b1e1a019554e75d955503d6b3c2e4a8e21.php
No syntax errors detected in ./.tmp/phpstan/cache/PHPStan/28/29/282984cd10a9cb08e2fb8f27c6a96a6c31eb45716efb92b330f73e0d984d0e83.php
No syntax errors detected in ./.tmp/phpstan/cache/PHPStan/28/bb/28bb84cd76609c399538d48b2ad7358c0a503d3db588d7a5fc872f2d2d335c9c.php
No syntax errors detected in ./.tmp/phpstan/cache/PHPStan/28/e1/28e118a3673ce32cdaf72f4be98fe55b37173cbb5f703d408af3baa71bd1a0d2.php
No syntax errors detected in ./.tmp/phpstan/cache/PHPStan/28/8a/288a328046f6119af43ae411ca675239ba585ade239a90ee022d38ad316e5068.php
No syntax errors detected in ./.tmp/phpstan/cache/PHPStan/28/32/2832fa4578310a098a25ad03e091d0978643ea949a3f600d0d269fc2a87270de.php
No syntax errors detected in ./.tmp/phpstan/cache/PHPStan/28/d2/28d295675f0363e576b0090a11cf9dde709b4ba1c5b81695c2e2ef3e91502f5e.php
No syntax errors detected in ./.tmp/phpstan/cache/PHPStan/28/fc/28fcd9fbe47927be7a779ff22b73d28b34c1d5d49be856741ed398765cafddaf.php
No syntax errors detected in ./.tmp/phpstan/cache/PHPStan/28/c8/28c8c0ec13df65b0df439bb909788f6ad8cbef7d4c2ec571ddd3d227f1a91429.php
No syntax errors detected in ./.tmp/phpstan/cache/PHPStan/89/6d/896da9722cd8b53d69eb940da196be29bebd9e65ebe63986ef4439dbae98cc2a.php
No syntax errors detected in ./.tmp/phpstan/cache/PHPStan/89/0a/890a1f399236503934e69324883ff75cc5996189795005cfca307fa3db507117.php
No syntax errors detected in ./.tmp/phpstan/cache/PHPStan/89/06/8906563fbf363d6add90352515413eb5babd577510b93027145f05c9f71137d7.php
No syntax errors detected in ./.tmp/phpstan/cache/PHPStan/89/29/8929d5237ee1c0bddae14a2f9e5333fd97af92f555132fa8f825f0427c53619a.php
No syntax errors detected in ./.tmp/phpstan/cache/PHPStan/89/81/8981aca4793736e929e74bbdf293c2988b783b1c8dc893f7d12445465de5178c.php
No syntax errors detected in ./.tmp/phpstan/cache/PHPStan/89/9c/899cb708f93e814d37c4b90884c399b15d4d13804a9c6367d44c6343d2810850.php
No syntax errors detected in ./.tmp/phpstan/cache/PHPStan/89/01/8901a3270af6c7f3e4daaaa3929b01bf1103816dd39f5a9cb71a4c6f3397cb52.php
No syntax errors detected in ./.tmp/phpstan/cache/PHPStan/89/60/89607a4b6fdf1e641c0e0eee46f480a09589cd9f4289eedaa83e1d3f7f5f509f.php
No syntax errors detected in ./.tmp/phpstan/cache/PHPStan/89/0c/890c5349b2e3bfa2be78d8e751f2852d8f1117b77b88a6b92f3fa3ac63115b2b.php
No syntax errors detected in ./.tmp/phpstan/cache/PHPStan/89/fc/89fca769c4b1980ce86d4c6d0471fa18fcc8b696135fd18f745c470de78b121e.php
No syntax errors detected in ./.tmp/phpstan/cache/PHPStan/02/29/02292e0d5baf8a198687f0c98f8d55a1d73ccc28705e2b1241391c810bd14a88.php
No syntax errors detected in ./.tmp/phpstan/cache/PHPStan/02/ff/02ff635be9739e6ea603e036c1559be420724a28c46d2468f63d47879019a963.php
No syntax errors detected in ./.tmp/phpstan/cache/PHPStan/02/3d/023d24469f014c16bbca5dd14bc9e2800d3d7188c136410b99ab21c9383b6c4a.php
No syntax errors detected in ./.tmp/phpstan/cache/PHPStan/02/76/0276e978d984da7d0147f0e2b1a2f6c28ea903355e862e715a03718c131a5e2a.php
No syntax errors detected in ./.tmp/phpstan/cache/PHPStan/02/f9/02f943be092b8f29266c1525f89ceaebdd5958375ff2eecde3c61859cb2b4ac6.php
No syntax errors detected in ./.tmp/phpstan/cache/PHPStan/02/c8/02c8f7cef293619f8bc9e94c4736c48906f706508de47dab3d3c5c26a01cd497.php
No syntax errors detected in ./.tmp/phpstan/cache/PHPStan/37/0a/370a2b5151a64a95206c6c819106f7c2a164a472ebf9576837b3158908267458.php
No syntax errors detected in ./.tmp/phpstan/cache/PHPStan/37/24/372456d67138d9ae099043be86875c7b95250f5b2648ef48d83b47063a854fc1.php
No syntax errors detected in ./.tmp/phpstan/cache/PHPStan/37/6a/376a94edeb54364a1a2bbb85e47124631b7e73288495905997e5717f0da65fad.php
No syntax errors detected in ./.tmp/phpstan/cache/PHPStan/37/bc/37bc91c0c21967cb792c96db92ee9ed73965792f3b43d03615e1598447b9b195.php
No syntax errors detected in ./.tmp/phpstan/cache/PHPStan/37/e2/37e2e565c6695a67026d9478b65cb86ce94b9b48080a9ee863b7d764b65adddf.php
No syntax errors detected in ./.tmp/phpstan/cache/PHPStan/37/3f/373fc3dd43ad8a51be6190f9587071ddaeecef9d6b9ea00b3544647ce4a05f2f.php
No syntax errors detected in ./.tmp/phpstan/cache/PHPStan/37/3f/373fe2f4781227b770177cdb76bfb39c0c2d72ea0772020e85bcfdfaf0a4a9b2.php
No syntax errors detected in ./.tmp/phpstan/cache/PHPStan/37/08/3708fff8b0d41b72e431d5fccde2d19b2c1aac86fc8443bb00f8f804d7c51ff3.php
No syntax errors detected in ./.tmp/phpstan/cache/PHPStan/37/17/3717caf69f592332af7b7f1e9d6f2a84da0dfd2e69f89e6921ceb2e231c224f4.php
No syntax errors detected in ./.tmp/phpstan/cache/PHPStan/37/c2/37c2af7606aebae95538374033bef768c10c04e60f3d4f38dad58705509e1c34.php
No syntax errors detected in ./.tmp/phpstan/cache/PHPStan/56/6d/566d2b80637df75c862878c28ff21e7a369e8b1c5b000022e9c87fb6660e6d17.php
No syntax errors detected in ./.tmp/phpstan/cache/PHPStan/56/c9/56c9b0a5f82989851b067e98852f6cc310018658076b2b1f853430d55f87fc4c.php
No syntax errors detected in ./.tmp/phpstan/cache/PHPStan/56/bb/56bbf2be3a5106f6cb7409dcad2d6ff00d9bb115347544c6be0c6446672dc958.php
No syntax errors detected in ./.tmp/phpstan/cache/PHPStan/56/05/5605794683aa6cc6b5909c0d123700aa5080219018c3957c1f152cd4bc4d3f2e.php
No syntax errors detected in ./.tmp/phpstan/cache/PHPStan/56/bf/56bfc2fb2cab7e8acd4b4f40267452c2edc5ea1e2227c00f527eb8bef6ea98ce.php
No syntax errors detected in ./.tmp/phpstan/cache/PHPStan/56/7b/567b9c1561533c1fef1b24db624936012f03c803c9bb8b26060a3ef5d2d37127.php
No syntax errors detected in ./.tmp/phpstan/cache/PHPStan/56/5e/565e9220f17daeb051786a121e8a28738a2e14457b4ce878a9a0f4926f8c1233.php
No syntax errors detected in ./.tmp/phpstan/cache/PHPStan/56/2c/562c38c3c477be6cea32a1a2b841761f9915b381f95b0e021a46eca89cf093da.php
No syntax errors detected in ./.tmp/phpstan/cache/PHPStan/56/62/5662988d3a6c70ee4cd004ad9ccd1faf216785e3032bbc2e67c63766b477cf16.php
No syntax errors detected in ./.tmp/phpstan/cache/PHPStan/a9/6d/a96d0191a4dbbba2549ec52ff2da3bdc5d59a4e8f9bb05507710905bc594c782.php
No syntax errors detected in ./.tmp/phpstan/cache/PHPStan/a9/44/a944b2fed97a8e0da6920c368183a52ca9e0479c6f7fc2c31bdeb83fc425f5f4.php
No syntax errors detected in ./.tmp/phpstan/cache/PHPStan/a9/a3/a9a31845210170ff2986718c6c18452f9daec6e5b68560392f629bd80c055898.php
No syntax errors detected in ./.tmp/phpstan/cache/PHPStan/a9/29/a929e50d8772198170e932387bb24e709c68e9a4c18fdc64f8fac6fca0e2f869.php
No syntax errors detected in ./.tmp/phpstan/cache/PHPStan/a9/da/a9da4b705630b9eecaa2383ab2c7e75e82e6ce9e1bc02fe5edfd26d785b8e716.php
No syntax errors detected in ./.tmp/phpstan/cache/PHPStan/a9/36/a9369df32951acbfb9b4b41d58089dab518c73aa6aec283074909583506f5b76.php
No syntax errors detected in ./.tmp/phpstan/cache/PHPStan/a9/71/a9710040144c10d2d411c5b4b4ce620f876a134f4d491add8398fbea471e863e.php
No syntax errors detected in ./.tmp/phpstan/cache/PHPStan/a9/04/a904522c9f1f6f47714518d8b93d01fdadb9d4f0b2042ff3e6efc5ed768aeb6f.php
No syntax errors detected in ./.tmp/phpstan/cache/PHPStan/a9/67/a96758d9710fcb8f30aeee5aed018732ff7b61ba1cf6f98980002416be2fc0c7.php
No syntax errors detected in ./.tmp/phpstan/cache/PHPStan/9c/06/9c0678091c78324521b1cf15667bad5f26748204f080a92e5ef5c32dd52accd5.php
No syntax errors detected in ./.tmp/phpstan/cache/PHPStan/9c/d7/9cd71675df783af07d49ca0eecfd72a50d17e3c6e1e0114d0ccd91f9772f607f.php
No syntax errors detected in ./.tmp/phpstan/cache/PHPStan/9c/37/9c3706a3b8c7581b77a3ad3601c1a78edae1a3bed3f76cd18773007b86dccf6d.php
No syntax errors detected in ./.tmp/phpstan/cache/PHPStan/9c/7e/9c7eef3b2f80382d8fc05198dac2b46fd7fe31fe03aa8b2ffa8cb03f95bc94aa.php
No syntax errors detected in ./.tmp/phpstan/cache/PHPStan/9c/1d/9c1dc6671ef17033fa28f547e666b388cbcc54b746e148a673e1b6bc8bf76787.php
No syntax errors detected in ./.tmp/phpstan/cache/PHPStan/9c/b6/9cb6f042bf716b7f1b7137f364054e5932b77d3b0f5983025a5dfcc53e5b07bc.php
No syntax errors detected in ./.tmp/phpstan/cache/PHPStan/9c/1a/9c1a7f1409102085f014df93d0c48bef207976b2dd4528bfaa9758760703b016.php
No syntax errors detected in ./.tmp/phpstan/cache/PHPStan/3c/f7/3cf7d8655a77f6dc53734e5abdfa863f14bda819849fb55dffecde5dbc57b4fc.php
No syntax errors detected in ./.tmp/phpstan/cache/PHPStan/3c/ce/3cce19b84e1cfda1bf2e707de6c403c3d805213dca93eba9b25829c8f7cfb466.php
No syntax errors detected in ./.tmp/phpstan/cache/PHPStan/3c/91/3c91093fd5fb35c3ad900f88da5b739090256a5b9b87764da9e11715a0ade6c9.php
No syntax errors detected in ./.tmp/phpstan/cache/PHPStan/3c/3f/3c3fc9e94a2dd13c0ab45793775638576795e6e7c421c61551cf088c1d1be607.php
No syntax errors detected in ./.tmp/phpstan/cache/PHPStan/5c/d6/5cd66f38b7fbb8d94525ac12f1f0f1fddf984563fcbed872a3447583d19b8db0.php
No syntax errors detected in ./.tmp/phpstan/cache/PHPStan/5c/46/5c462d131823dbb8e357ef0f486ca7c8f595e291b80c55956e3614f5dc7aca10.php
No syntax errors detected in ./.tmp/phpstan/cache/PHPStan/5c/81/5c816a57c2edac596ec4314fecf00d66a77f53fff8df3759557dd024bc57d409.php
No syntax errors detected in ./.tmp/phpstan/cache/PHPStan/5c/2a/5c2abe981168539bdb12c6ae90d027015eec71dbacef9f8fade77351ec3c8d26.php
No syntax errors detected in ./.tmp/phpstan/cache/PHPStan/5c/9b/5c9b7d1892fe5274e4986ebb8a55368da56018813c419518d297dc5f18ebade6.php
No syntax errors detected in ./.tmp/phpstan/cache/PHPStan/5c/5e/5c5ec3b6f7ef395d37873d1fe5a7481c00df7bb4ee8c80ac9a98979cde8baadc.php
No syntax errors detected in ./.tmp/phpstan/cache/PHPStan/5c/95/5c9536b5b09fafab275a16716ac089b1f95f7632e5fc352b1e471f1dc4cdcbda.php
No syntax errors detected in ./.tmp/phpstan/cache/PHPStan/db/e3/dbe3f8934f1e43f84c33016908ee8ebf4a5ed86f9949ed03630b11a49c1d2f4e.php
No syntax errors detected in ./.tmp/phpstan/cache/PHPStan/db/b4/dbb4c4d6898459381e6292e4431bf214f0bb134975a99f96b2f0baf6fb453b84.php
No syntax errors detected in ./.tmp/phpstan/cache/PHPStan/db/5a/db5a339c96da3fb70a479f1fb00fcb0b3090d59c3c5ea50e375ad61792787f2a.php
No syntax errors detected in ./.tmp/phpstan/cache/PHPStan/db/db/dbdb51a7099e5d2a5e15002e7951fdf8543af3b3fef134302fb85348e7ac1453.php
No syntax errors detected in ./.tmp/phpstan/cache/PHPStan/db/61/db61c8cb5636b8460f910feb931eac624a22d7163a3c27f15b01219c7b44a757.php
No syntax errors detected in ./.tmp/phpstan/cache/PHPStan/db/1d/db1d686cd7174d14a84934435bff62c9dadd09ed27504e486c0f29e85f01e1d1.php
No syntax errors detected in ./.tmp/phpstan/cache/PHPStan/9b/44/9b44ce68899b37543bf9edfd906267374c71b2b9bf489dd2227267f098c63527.php
No syntax errors detected in ./.tmp/phpstan/cache/PHPStan/9b/8d/9b8d1c5a96858c846c1c03d9dbb020fcd1fff1829b63084f63729708e451e54e.php
No syntax errors detected in ./.tmp/phpstan/cache/PHPStan/9b/25/9b257373f131a50079d3a1364f0469c07dff2f9f9516ebe741c87f632976086a.php
No syntax errors detected in ./.tmp/phpstan/cache/PHPStan/9b/98/9b9874a997de7b8d140d4f3d405e5bf03992872ba2a9286a4fe71c5ad8ba7a44.php
No syntax errors detected in ./.tmp/phpstan/cache/PHPStan/9b/cf/9bcffa674f952cf1a3f0a1a67b3ffd6f33f46778dca08f4745f33d317c278da0.php
No syntax errors detected in ./.tmp/phpstan/cache/PHPStan/9b/9b/9b9b80a9bebed32ebcb8e015fc918d97c1b6b38869830260c007d584a4c4efa8.php
No syntax errors detected in ./.tmp/phpstan/cache/PHPStan/9b/05/9b0574b91fb913276fbbd0c08a910a999f30acd4d30c36d3b30b540f9f157e9b.php
No syntax errors detected in ./.tmp/phpstan/cache/PHPStan/9b/1f/9b1f8b7095b888ad8b5a104b918e0897d7c9d54551f9db565412cdbe6292b8ae.php
No syntax errors detected in ./.tmp/phpstan/cache/PHPStan/9b/74/9b74787c32a09519229813e2fd6b5deefebe5e1fcce1540be23bdbcebad0f7de.php
No syntax errors detected in ./.tmp/phpstan/cache/PHPStan/9b/4d/9b4dcca5e583e57f20cdbac79d0eaf2ab8fe811c6e28afe160f5b6c7371b863a.php
No syntax errors detected in ./.tmp/phpstan/cache/PHPStan/9b/ec/9bec19b01ad3769299fd7c814a9bcfeebed46adb67967068a1267b27ca29f2f4.php
No syntax errors detected in ./.tmp/phpstan/cache/PHPStan/9b/09/9b09275465d61478c69b22f54043f5b4e6971f6509d3c85c37b5f66aef5b1e09.php
No syntax errors detected in ./.tmp/phpstan/cache/PHPStan/9b/08/9b08c0e3b8ea00622935f13f79d0ef8670b1f39b7711c470bff2639517b56fa7.php
No syntax errors detected in ./.tmp/phpstan/cache/PHPStan/9b/34/9b3459705501ae90023ef95a780907e388e3a07b3b8b3512ccac3ab31a1199f5.php
No syntax errors detected in ./.tmp/phpstan/cache/PHPStan/9b/5d/9b5db7aff95f2f474d14aaf83732984aac9b9f0e7fd66a29b36261319e4d08d9.php
No syntax errors detected in ./.tmp/phpstan/cache/PHPStan/9b/2b/9b2bf386aeb78569dc5368e5bd412bc4f41a547ee870f75e1938c786b7a50a81.php
No syntax errors detected in ./.tmp/phpstan/cache/PHPStan/f8/8b/f88b371cffb1c425d9bdeb34694c4d26fdd46f0b9a2dfefd6e6bf332b8e2ed77.php
No syntax errors detected in ./.tmp/phpstan/cache/PHPStan/f8/ff/f8ff22a00aebaabc32b5eb2e8bc4c44967f4142adcc4856ad3f0f6993e7cacd0.php
No syntax errors detected in ./.tmp/phpstan/cache/PHPStan/f8/11/f81192117e3b02c2bcb78c9775e5392b659dc88185f144fec712faf156419c45.php
No syntax errors detected in ./.tmp/phpstan/cache/PHPStan/f8/1a/f81a22b90f1b7d5d0487a4b11a3756f88e8d3130fa3f0ddfe5012e75132e2ccb.php
No syntax errors detected in ./.tmp/phpstan/cache/PHPStan/f8/1a/f81ab11bf7863408f04d73b24a7326321ca05a9919509a1bad8d1c899fa316e6.php
No syntax errors detected in ./.tmp/phpstan/cache/PHPStan/61/4c/614ce802e84a24cc0288bc7843a4f0fdd8ee57c4fa6137ddfe01ec2a1456cd4f.php
No syntax errors detected in ./.tmp/phpstan/cache/PHPStan/61/3c/613c78c715f758ea1395641a98bf392b9c2bc4b5d5736fc7c8f50ea0b00e6a02.php
No syntax errors detected in ./.tmp/phpstan/cache/PHPStan/61/00/6100c612db26c2fda11819cfeba8292267c878bf0e2a4d343e2a460a7f40d2c7.php
No syntax errors detected in ./.tmp/phpstan/cache/PHPStan/61/03/6103fc87983fba6b004cf857b39d4b99de82e793bad970394aec6f55284bcc87.php
No syntax errors detected in ./.tmp/phpstan/cache/PHPStan/61/ba/61ba94c2ad50a09f024346c5aa6844b78c84d39f64b5e1fa883c0168b972c376.php
No syntax errors detected in ./.tmp/phpstan/cache/PHPStan/61/31/6131acbde56400b375247eeca9a4cb38759ceaf0611c033ce6ebce9c7a2ac26c.php
No syntax errors detected in ./.tmp/phpstan/cache/PHPStan/8f/25/8f25fa8b719f2713851480146cb67b92ebc15d2e05129c27de419af4da655279.php
No syntax errors detected in ./.tmp/phpstan/cache/PHPStan/8f/3b/8f3bfe9b511bfbfd7b5659bbfd8082ba5038f0c3d2e1097a80bb150df152b6b1.php
No syntax errors detected in ./.tmp/phpstan/cache/PHPStan/8f/9c/8f9cdf524affd02e972fed846df71377b34e298355c0d14041a00817f79d5efd.php
No syntax errors detected in ./.tmp/phpstan/cache/PHPStan/8f/00/8f00ceaed999b2b873708f51215d10e28f59c10ba66fbaf5696be82b5733b3ae.php
No syntax errors detected in ./.tmp/phpstan/cache/PHPStan/ff/c5/ffc504a63d54eddcee3b44cedef4d4e5f10792d96df271bc22c0f8f914ea2471.php
No syntax errors detected in ./.tmp/phpstan/cache/PHPStan/ff/bd/ffbd6c4bb9d2e128586e5dcc795393eb016673e5da5dc988bca631e66518ef4f.php
No syntax errors detected in ./.tmp/phpstan/cache/PHPStan/ff/81/ff8126a0ce2024f051d86da46f8a396c564d7b6d0192d6d24c6c9a51be03a655.php
No syntax errors detected in ./.tmp/phpstan/cache/PHPStan/ff/bb/ffbbe44382b6e85ba89ef07a178b77f49ce5fb147554b8d48f3583b7086cd0ac.php
No syntax errors detected in ./.tmp/phpstan/cache/PHPStan/ff/ba/ffba58b2678fdb9733fd02f89f2d5b111e3ddcc23e848318993f8144730b7460.php
No syntax errors detected in ./.tmp/phpstan/cache/PHPStan/ff/7b/ff7b165967801ae8d2dd5e6ee5ad9ca78b19eb33dc7ebe720247116aaf9c76f4.php
No syntax errors detected in ./.tmp/phpstan/cache/PHPStan/ff/2c/ff2c4590c0a2ed8fcdcd970a0a2e4e9703326886becd5745a117d34a8b4fc1b6.php
No syntax errors detected in ./.tmp/phpstan/cache/PHPStan/42/d6/42d6ff99ec6dc63973569fb8f11fcf13bc0485bbf805d7d52aee1a9c1c16ec31.php
No syntax errors detected in ./.tmp/phpstan/cache/PHPStan/42/5b/425b6e4c73d66f131d8d13fff37cebd4c7f9a5b2fb515fccedf4ff254909b9f8.php
No syntax errors detected in ./.tmp/phpstan/cache/PHPStan/42/6a/426a7634d55ee6a4a408066448abdf65e223efa97c622d7bb2b5d966231303d4.php
No syntax errors detected in ./.tmp/phpstan/cache/PHPStan/42/0b/420b72f8ac8e79c0d962b5b26faee268112a7c875b5da3faf3851ce4a13c9b8d.php
No syntax errors detected in ./.tmp/phpstan/cache/PHPStan/42/a4/42a4ffd21e542a6549d61997deb3e1cdcfffcdfa4ae980e6eefc84c925826297.php
No syntax errors detected in ./.tmp/phpstan/cache/PHPStan/42/71/4271407436a9087a11e84b9e77850cb56bd5d5de0f443050c895a781acd174e9.php
No syntax errors detected in ./.tmp/phpstan/cache/PHPStan/42/b6/42b6463da0cd6e7d3b1fe55f7aa078e8b4cffac35676bff5af43ff5918c79964.php
No syntax errors detected in ./.tmp/phpstan/cache/PHPStan/d0/a8/d0a8ed8116a2178f10dc883e73cbf6b6564cb7f86ca792afc2f2a13c3f22cac0.php
No syntax errors detected in ./.tmp/phpstan/cache/PHPStan/d0/86/d086fa5355ee9dc3cbc8a049a38a88297824bfce39a80dd358e38f51415cb79c.php
No syntax errors detected in ./.tmp/phpstan/cache/PHPStan/d0/f2/d0f2d6a0ad5a22f33c2b0aec0f6b26edf3a927afb5188277db742e573a44003f.php
No syntax errors detected in ./.tmp/phpstan/cache/PHPStan/d0/9c/d09ce73a9c1c5dc63ce9d3f79602b4953b84f498133d7176f7b9d589ff7b89e4.php
No syntax errors detected in ./.tmp/phpstan/cache/PHPStan/d0/9b/d09b3520152d92da3baeb2f0b406356677b39000bab5d5e6712f7005461bd6f0.php
No syntax errors detected in ./.tmp/phpstan/cache/PHPStan/d0/58/d05833fee2a28b75f4957cf2d2ac2f288df2cddad656e9801991cf7c96cdaf08.php
No syntax errors detected in ./.tmp/phpstan/cache/PHPStan/d0/85/d085435dc9c0ce7519bf36e4a7c00b024c8538a2aac31dc1b52c01ae83687f8d.php
No syntax errors detected in ./.tmp/phpstan/cache/PHPStan/d0/67/d0673c98413477c7ab6042edf11029fd80862844efa21300b21df4eb4e6a126c.php
No syntax errors detected in ./.tmp/phpstan/cache/PHPStan/d0/78/d0789fa2d43d4efbd2f59a5b01e2ab5025854bd9bca2ad646ce82bc1f71cd23f.php
No syntax errors detected in ./.tmp/phpstan/cache/PHPStan/d0/d4/d0d4d764c8858e1294d688ae2f9e702a5932f0106cee533b2c10f936d839fa15.php
No syntax errors detected in ./.tmp/phpstan/cache/PHPStan/da/f7/daf7a7c3cc43a3742df572ccaeeea0fdb3e6eba9bc767b3f62cb9e072ef78aa2.php
No syntax errors detected in ./.tmp/phpstan/cache/PHPStan/da/98/da983ea4544149f3abc07253541dfcfb9d3a37364b8eb80dd011cca94622ad92.php
No syntax errors detected in ./.tmp/phpstan/cache/PHPStan/da/bc/dabc453bab074e25db70148f8d17ae7562fe01b9dc3d80bc77342e6e3d709e9b.php
No syntax errors detected in ./.tmp/phpstan/cache/PHPStan/da/50/da50e9ee4591913627d10a91516c680ace43397c363d6ff10a48931d66a5cfd5.php
No syntax errors detected in ./.tmp/phpstan/cache/PHPStan/da/d9/dad9944b9db9ee5987664f7d49c4e809c797adfed08caf979cf18a756958ee54.php
No syntax errors detected in ./.tmp/phpstan/cache/PHPStan/da/d4/dad40e591471019a18654a56a8c41d7bd532d42d1fe4a5300d9fc683cc2883f5.php
No syntax errors detected in ./.tmp/phpstan/cache/PHPStan/33/20/332044f1a87e44548200ec5e90555c6e73de72b79b74079f76a3b76de71b7e9a.php
No syntax errors detected in ./.tmp/phpstan/cache/PHPStan/33/7c/337c07bab33cb795661c8d65e7ef7a40b85a733c4a123138483af922d3eafce9.php
No syntax errors detected in ./.tmp/phpstan/cache/PHPStan/33/3c/333cb371db8ba7a5269d54685f9f4df213eee221a9c68c2830f554a829b3004d.php
No syntax errors detected in ./.tmp/phpstan/cache/PHPStan/33/9a/339a61f8bbfc16745cc07342a3e2cf021bb44cceebbba234ad3f267dcb34b660.php
No syntax errors detected in ./.tmp/phpstan/cache/PHPStan/33/93/3393cfd69a131502dc3df9c521bf13f49184dd0911addb7fa461994f16bbda7a.php
No syntax errors detected in ./.tmp/phpstan/cache/PHPStan/33/13/33130ae7a4242b90a7eaa224ec07a50bf91420bbb07cab43bcd12d846c9bcb8a.php
No syntax errors detected in ./.tmp/phpstan/cache/PHPStan/33/43/3343a271ee4d4a4d61e70846a195e284b80e3ede0ee935189488849b5086d464.php
No syntax errors detected in ./.tmp/phpstan/cache/PHPStan/fd/53/fd53122329faa09cb30ccfb424e5a69c8bd86fda02c85e704d7a9495605d9563.php
No syntax errors detected in ./.tmp/phpstan/cache/PHPStan/fd/f2/fdf2148f74a910c7d491a965301e39b2181e66518af63f67f07d93e76f8d063d.php
No syntax errors detected in ./.tmp/phpstan/cache/PHPStan/fd/7e/fd7ec3d9490aaa1d870d7875ce13129586b1b54b6a81cd3df8b6eebd44e0ff4a.php
No syntax errors detected in ./.tmp/phpstan/cache/PHPStan/fd/72/fd7238aff785bace19da12068e0b428dc0748ec98b601ec06e0ccbbb4b021f84.php
No syntax errors detected in ./.tmp/phpstan/cache/PHPStan/fd/41/fd41b39917462fc51f478866a3462ac10d43edefcedce777fd2560008dc25ef6.php
No syntax errors detected in ./.tmp/phpstan/cache/PHPStan/fd/f1/fdf16c8782463e19e22fe1fd30c5f51e06218e04750bf6c75c2bf59c2c9a3834.php
No syntax errors detected in ./.tmp/phpstan/cache/PHPStan/fd/83/fd83b6049dcc5d7636126ec8808fa7c657b56ece158633287f144401a81b628e.php
No syntax errors detected in ./.tmp/phpstan/cache/PHPStan/fd/18/fd18add9b65913c4a0b9355fca0a1cc07ce57444c4cb8b63d9800a0d07e60fc9.php
No syntax errors detected in ./.tmp/phpstan/cache/PHPStan/0b/44/0b446f0a35ef75b4c0da8c62c6a41cd31ae43cb7a8242689faea70f2a56eaeeb.php
No syntax errors detected in ./.tmp/phpstan/cache/PHPStan/0b/b0/0bb080802bf8e1d58cc0cfa558cc64dcfb09bf56b6390832ef9a71152f14a624.php
No syntax errors detected in ./.tmp/phpstan/cache/PHPStan/40/4c/404c7c3855352827f6a1e8011e6702947fee81377dcb80ea3c192f7a4e3f53a7.php
No syntax errors detected in ./.tmp/phpstan/cache/PHPStan/40/24/4024ab7f271691b5ed8716cfd0a88befe91c57588143d748cdbef1b0c4007a51.php
No syntax errors detected in ./.tmp/phpstan/cache/PHPStan/40/56/40566cadbac0a2bddbf90a40b6df152443ee9c19ea0952cf16223a09b2fda3a0.php
No syntax errors detected in ./.tmp/phpstan/cache/PHPStan/40/9c/409c9d8e0368255fc31fceabab91b2d99d10c14aa32c06cde3eb3b1ec3b1ae49.php
No syntax errors detected in ./.tmp/phpstan/cache/PHPStan/40/74/40746a6fc63c32f78bed6fe12ade1d84dcc4e8d8c91700b5d0de1547c5034d03.php
No syntax errors detected in ./.tmp/phpstan/cache/PHPStan/40/0f/400fbdf2be63b9c4d0616eeb0f6615b2ca6b4d4b9d44fb9adaa546040fb3c4de.php
No syntax errors detected in ./.tmp/phpstan/cache/PHPStan/40/1b/401b87ec4265df2e85cfe04a8e22e69c048313aeb74e6a02c32ae8093371f288.php
No syntax errors detected in ./.tmp/phpstan/cache/PHPStan/40/83/40838fc888f38278467fe35109536c6ac10c4e34d849a62e91035f6fba248d8b.php
No syntax errors detected in ./.tmp/phpstan/cache/PHPStan/58/8e/588e315d1d90df7d6725ccec8274bfd342221e15cdf2d55b466dca226e0633e8.php
No syntax errors detected in ./.tmp/phpstan/cache/PHPStan/58/25/5825e86ce64bef307407c21389660a31e0cddbe51c56c9db38a29dd97424fa13.php
No syntax errors detected in ./.tmp/phpstan/cache/PHPStan/58/71/5871cd4caf6939ddc9fd289bc6d2aa5a60361fd8f1bb9f8f1c6f62c1cde29562.php
No syntax errors detected in ./.tmp/phpstan/cache/PHPStan/58/7a/587a4576d32e84bd58b5cd1c3e19ebfa786c5acd6b6828bddc1865cb535c8c76.php
No syntax errors detected in ./.tmp/phpstan/cache/PHPStan/00/51/00512ece88047183ce09e92177a530ecabc9cd2595acbf7fc33808bc08d3881c.php
No syntax errors detected in ./.tmp/phpstan/cache/PHPStan/00/66/00669acf09c14c9e340282d8928e9f015e201f7fe407d216b16520c394753427.php
No syntax errors detected in ./.tmp/phpstan/cache/PHPStan/00/3c/003c54e18b7fce27f3af39b2ba612a94297f7ad5a7ac6a2341cc65cf19b74162.php
No syntax errors detected in ./.tmp/phpstan/cache/PHPStan/00/3c/003cd8ebc0604c7ff69bb0d28e1674457e3b78f2f585953accf11d50fe2f8254.php
No syntax errors detected in ./.tmp/phpstan/cache/PHPStan/00/9e/009e0a7da0421ab95ffe9170a536c0a010637f83222a8a2d6e0c768b0e354ad3.php
No syntax errors detected in ./.tmp/phpstan/cache/PHPStan/00/e4/00e4e82e2cd017502dce3f14593cb81e6a906a29a3e2692f183f49d9844e7c40.php
No syntax errors detected in ./.tmp/phpstan/cache/PHPStan/00/03/0003db1e38f3400510d4959ced0e011fa9a25bdec0b0857f9ac2be123ed1d54d.php
No syntax errors detected in ./.tmp/phpstan/cache/PHPStan/00/2c/002c3d324b64d59564333c5531ab27f8fb1b39ebb9d271800704403d73bc0bd2.php
No syntax errors detected in ./.tmp/phpstan/cache/PHPStan/2e/1c/2e1c4156fd145fb6c55ad5a86432344f0be96936cf74115643d074aa2df95589.php
No syntax errors detected in ./.tmp/phpstan/cache/PHPStan/2e/cc/2eccd0720a5f6298db0d88b0b3a97bf5dcd3b54715a2f532e63cdad7267a9cf7.php
No syntax errors detected in ./.tmp/phpstan/cache/PHPStan/2e/a8/2ea8eeab076a936bab2540e421e6f06e4bed20ff678222f9a0793588501f36f1.php
No syntax errors detected in ./.tmp/phpstan/cache/PHPStan/2e/f2/2ef2eac54fd2761008282966ee5e2758e1eeacdcb55b4ae21355e94141085e2f.php
No syntax errors detected in ./.tmp/phpstan/cache/PHPStan/2e/05/2e05970d8c57bc6e8a68c302842789fbfdb6cae606c2c3d213cd1bf4c332bd9c.php
No syntax errors detected in ./.tmp/phpstan/cache/PHPStan/2e/b5/2eb51b9d12adaa139053651c01ace82248aeaa6ea9994a95dbcfed085571751e.php
No syntax errors detected in ./.tmp/phpstan/cache/PHPStan/2e/c6/2ec66d1c332af49996347856767f97f3c1d743af768817e78c43fefbd6b703c1.php
No syntax errors detected in ./.tmp/phpstan/cache/PHPStan/2e/1b/2e1b633c0035996bfca85a45c6fca77e27c181823e53a4eb590299083172d3b9.php
No syntax errors detected in ./.tmp/phpstan/cache/PHPStan/2e/19/2e1996757341347f88147e04f119adaca543450f1c0d245b8f0274dff767b7d1.php
No syntax errors detected in ./.tmp/phpstan/cache/PHPStan/2e/63/2e63e224a45f6001bd5fa528d0a1bfa121e5edfc374eacdd04164e91290e5692.php
No syntax errors detected in ./.tmp/phpstan/cache/PHPStan/2e/0d/2e0d38d139fc4926ffcc03a2648b0860b8b8e999e5124b1b0f708a943641005e.php
No syntax errors detected in ./.tmp/phpstan/cache/PHPStan/2e/d4/2ed4e0361277740e06b23bb191fe04bc9acd0398cbd121d9b9c241d06b6fd076.php
No syntax errors detected in ./.tmp/phpstan/cache/PHPStan/2e/b3/2eb34a5686eff6c397ad6d2882b7450d65ce54507768c61165ff14f123c10116.php
No syntax errors detected in ./.tmp/phpstan/cache/PHPStan/36/5b/365bdc4093682310829e5726aa1417048304091afabb9d25f720be79f95fc661.php
No syntax errors detected in ./.tmp/phpstan/cache/PHPStan/36/47/3647033a3e55c12d1ee6b195ed4cc4c9a3934f4c1518a1277f242ee704414b60.php
No syntax errors detected in ./.tmp/phpstan/cache/PHPStan/36/5a/365a2c6025197d1212da56c8faabd378ed1ad4dea5c426557df7943b0eecc62c.php
No syntax errors detected in ./.tmp/phpstan/cache/PHPStan/36/fd/36fd998f5543b5f132ba61028446220354d198220a27d3d15598c280364de7a6.php
No syntax errors detected in ./.tmp/phpstan/cache/PHPStan/36/f0/36f01f57ff00c44806415684d9ff8c37542d2f38fceff08190ebd8900211fea9.php
No syntax errors detected in ./.tmp/phpstan/cache/PHPStan/36/ac/36acc980014c431aabee37ebb22a851aa1280eee7a7e73df115eab0170126911.php
No syntax errors detected in ./.tmp/phpstan/cache/PHPStan/36/ac/36ac10d179a90d6766e125fdf7d0a810343013e0cfbee8ff6876e5e5d5646d3e.php
No syntax errors detected in ./.tmp/phpstan/cache/PHPStan/36/34/36345c50e48675809e184ab7e42ebebbf4b8a99ccdf37365678dcdaa39842892.php
No syntax errors detected in ./.tmp/phpstan/cache/PHPStan/36/fa/36fa0397103ab751fa851cf99c4b9471ecfb57ec3ef82d1a50d71da59fd5f02f.php
No syntax errors detected in ./.tmp/phpstan/cache/PHPStan/36/68/3668db25e0c70fb00fd583c0a7940010854f3c0fe362e68e743555c8c740c8f9.php
No syntax errors detected in ./.tmp/phpstan/cache/PHPStan/36/2f/362feb9645b28beb7a18863be2a0f3e0de144bfc260b813834bd6a2d2dfe02bc.php
No syntax errors detected in ./.tmp/phpstan/cache/PHPStan/77/a1/77a10aa37d285b1fa82f3a46527c6df50fbf57d1da3d6df96861619e83be5ab6.php
No syntax errors detected in ./.tmp/phpstan/cache/PHPStan/77/c9/77c9a97fdd2a471c681b0d7807a74c0fad86fcbd55d1ecdaf6b8c5cce344ac87.php
No syntax errors detected in ./.tmp/phpstan/cache/PHPStan/77/10/771050bd5efafe7b6eecd0622107c418d80055a549a46671098c5270e0c36612.php
No syntax errors detected in ./.tmp/phpstan/cache/PHPStan/3d/7d/3d7d45b383a3e0c8eec08276016fc94e449190e271c74cfc0808e715595c3b46.php
No syntax errors detected in ./.tmp/phpstan/cache/PHPStan/3d/a1/3da13f6e4fc0432f95fe0cea17d64ec2c4616817d2230f4d8bb408ddcaf758c8.php
No syntax errors detected in ./.tmp/phpstan/cache/PHPStan/3d/28/3d286701f92d656d1f9edb5375bb2ba85a580abed66d86bf70d7e8c63755f819.php
No syntax errors detected in ./.tmp/phpstan/cache/PHPStan/3d/02/3d028738e9406f994e999df05cbfc30b14da57bb4bd70fbd359e91d645440403.php
No syntax errors detected in ./.tmp/phpstan/cache/PHPStan/3d/42/3d42c151934eb3d121b76747729411f948602fe507527c44cd1d8dac79197c4f.php
No syntax errors detected in ./.tmp/phpstan/cache/PHPStan/3d/d1/3dd1326cf62d7631f9caa9fb75766e7a6bdddef79208ed6b5eff41b96a8704cc.php
No syntax errors detected in ./.tmp/phpstan/cache/PHPStan/3d/d1/3dd10b62522d35807a603fb35b7e3a30542f9f3ba0b6226c3036703f5071e044.php
No syntax errors detected in ./.tmp/phpstan/cache/PHPStan/4f/44/4f448914611a2029ac3da1f49cf9469c1d14fd8056b6ab89448bc458ae61b68f.php
No syntax errors detected in ./.tmp/phpstan/cache/PHPStan/4f/5a/4f5aea183bb0092d212654d6687d1a127bf864ca3d3e90395cd5b7a080fa20ac.php
No syntax errors detected in ./.tmp/phpstan/cache/PHPStan/4f/bc/4fbc0b0cf0d41573954d71abf085949e58f5454bef15158f22800c78f09a14ec.php
No syntax errors detected in ./.tmp/phpstan/cache/PHPStan/4f/5c/4f5c2a238dd60fdf9964d0484b96ee1eca479054b52321a1e4aef522a02c30d7.php
No syntax errors detected in ./.tmp/phpstan/cache/PHPStan/4f/8a/4f8a01d8edb7ff5410fbb427f51fe7e61577367e48fe6c3d43d26901a7ac3837.php
No syntax errors detected in ./.tmp/phpstan/cache/PHPStan/4f/2d/4f2d5b4ec93fceed77dededd15f5f5b781558bcc07377936b4f0d8f3148d805f.php
No syntax errors detected in ./.tmp/phpstan/cache/PHPStan/4f/99/4f99bda89b03efc827e690b8e6b140c11c52b9edafaa91c6ff61f7d22d59db0d.php
No syntax errors detected in ./.tmp/phpstan/cache/PHPStan/d5/66/d566acc53129f331e172e53bef00596794f30f6a8f959f06bc06752e9832f06f.php
No syntax errors detected in ./.tmp/phpstan/cache/PHPStan/d5/a4/d5a4a3e469a452507b1886af7a64840fbe115e1b18f7077e13ab6c2f95916c5a.php
No syntax errors detected in ./.tmp/phpstan/cache/PHPStan/d5/4b/d54b2fd7075592eaa6e0319d98e52b8b4b67e35b36e04424e6249b818713387d.php
No syntax errors detected in ./.tmp/phpstan/cache/PHPStan/d5/b9/d5b92197c98ccb02dcd65c4c69a5c331aceebb52fc882323123ceb3ac0939bcd.php
No syntax errors detected in ./.tmp/phpstan/cache/PHPStan/e1/53/e1532a30955ddda43303b5694ed68985e3609353fc051f0d4028e131a5033f13.php
No syntax errors detected in ./.tmp/phpstan/cache/PHPStan/e1/d6/e1d6a4425e75cc92151ef7eae8ef9104159097ee478f5fa593697ace52ae52e2.php
No syntax errors detected in ./.tmp/phpstan/cache/PHPStan/e1/55/e155c4154c831397136f29148736743fac076163f26a7aa30abbb28865022c57.php
No syntax errors detected in ./.tmp/phpstan/cache/PHPStan/e1/35/e135afb2b3475129899f85bb439f8e15e13f32d6ea3431d4f745bdf9125c674e.php
No syntax errors detected in ./.tmp/phpstan/cache/PHPStan/e1/81/e181c7772003193b0073bfb7b3eb5ad0607e4cb552b83563d795772c38d3acf7.php
No syntax errors detected in ./.tmp/phpstan/cache/PHPStan/e1/8a/e18a72e29e31e7a9096e96d88e83850eefe61254e6fb907fa719e82e190854ca.php
No syntax errors detected in ./.tmp/phpstan/cache/PHPStan/e1/11/e1118582ec821ac86e5f212a7404760fe6d3fcb5f0bed8d85a9493e0ecf8624f.php
No syntax errors detected in ./.tmp/phpstan/cache/PHPStan/e1/13/e113d733559098fbef192b6c62f4ac3d26461ddc8839d6fb8f5900047175dd52.php
No syntax errors detected in ./.tmp/phpstan/cache/PHPStan/e1/a0/e1a0de833ee59305d633e433cfe38cab45cb34e94ee1af8eccf0432f5ccfb033.php
No syntax errors detected in ./.tmp/phpstan/cache/PHPStan/e1/22/e122d2b4f78bb2d1d2579bedafba3b3cd17d87d33f550cc4f5e0942eee2e41e5.php
No syntax errors detected in ./.tmp/phpstan/cache/PHPStan/d8/96/d89633c71dd778ca8c51bbb5f102fec30460109f988bedc72aaea4376ccefdec.php
No syntax errors detected in ./.tmp/phpstan/cache/PHPStan/d8/a3/d8a3e9e2b95ae57c28eab1a8060b1a61ac09a22d82df25f16802885c6b9e68bb.php
No syntax errors detected in ./.tmp/phpstan/cache/PHPStan/d8/89/d88933d39088711890a40e5c74504f8f5924ce9a37839fc5d4dba9c3933a0953.php
No syntax errors detected in ./.tmp/phpstan/cache/PHPStan/d8/61/d8612d35285a97f31fc56128fd4e9ccb778b699e59cdb851670560dd8bab2366.php
No syntax errors detected in ./.tmp/phpstan/cache/PHPStan/d8/80/d880244bee087aee65b50564282c0a2c9bb76837e4b7d04386c364c6c0633559.php
No syntax errors detected in ./.tmp/phpstan/cache/PHPStan/d8/31/d831a27869b90b40bd4a5d01a418ff8909723362ca31cc075e6068354df4d5ef.php
No syntax errors detected in ./.tmp/phpstan/cache/PHPStan/76/8b/768b7ce4e3935c7b538e4eafe525f58be09e79dad9b63690a2006e09d8d63902.php
No syntax errors detected in ./.tmp/phpstan/cache/PHPStan/76/64/7664301f294908679efee780cdc38f637e49a1a5e7bf4dced452a2c0ce59cb80.php
No syntax errors detected in ./.tmp/phpstan/cache/PHPStan/76/42/764239e5b79dffa141994ef11abe14d33006a9cccb478ed5218c211e5cec2652.php
No syntax errors detected in ./.tmp/phpstan/cache/PHPStan/76/9e/769e8a88b257ed933f8db37eb4db0638dabdf81d7ae3ef4aebf70149023875d5.php
No syntax errors detected in ./.tmp/phpstan/cache/PHPStan/76/03/7603c03e5e7e10223b65ccdf3fb8f8b3383c2bf9acb78542a665273f5e482821.php
No syntax errors detected in ./.tmp/phpstan/cache/PHPStan/76/54/7654868f993b2fd25be1d5cc2eeea5b8397592c01ae18caf2a636ee380068c49.php
No syntax errors detected in ./.tmp/phpstan/cache/PHPStan/76/68/7668843c0f1d408883d0a4603195c08fc1fd91e2b0549e4c0785a2182a60fa88.php
No syntax errors detected in ./.tmp/phpstan/cache/PHPStan/76/38/76382d7d24ec1cb2a4def25643fa67e2010ea42dbd731cf3d23db9a7d2b8277a.php
No syntax errors detected in ./.tmp/phpstan/cache/PHPStan/f0/6a/f06a4287721adb1f38e6791406e5b80328902c3da4b94d863fd5e2bfc8daa390.php
No syntax errors detected in ./.tmp/phpstan/cache/PHPStan/f0/37/f037295e7f3fff4a61ea147499ff5a1d2969c1a15170bb44f0cdfd7f92413c53.php
No syntax errors detected in ./.tmp/phpstan/cache/PHPStan/f0/93/f0933fc0b8f60e7905fc055a61763a9c3816e02211fffa73f843b03fe68adbae.php
No syntax errors detected in ./.tmp/phpstan/cache/PHPStan/f0/90/f090fbea9d240f88465e7cc11fa842b538b8c87775bf935bd78432dd2a3671ac.php
No syntax errors detected in ./.tmp/phpstan/cache/PHPStan/f0/54/f054008a4283b0fe610cc8e26b5a6ec3725fdc73cfa8b793e57773987f854ddd.php
No syntax errors detected in ./.tmp/phpstan/cache/PHPStan/9e/1c/9e1c3f3f050f7b7b9fc5fa476a4f6fbe11179d33c59c2f7526aa39832df0d7c3.php
No syntax errors detected in ./.tmp/phpstan/cache/PHPStan/9e/a3/9ea347425848fc71c6704312f5a8b37af4a94577da6469843353dec39ee095ec.php
No syntax errors detected in ./.tmp/phpstan/cache/PHPStan/9e/f5/9ef5a309ab164d1b631e78b30a5e2d53634e8e1a1d55d30c5474cbb0f69f2ff7.php
No syntax errors detected in ./.tmp/phpstan/cache/PHPStan/9e/fb/9efb75aba22d22590aada54c47b6de7b0d98c4a8b1b1c6d5aec8a8ee7751ee60.php
No syntax errors detected in ./.tmp/phpstan/cache/PHPStan/9e/6a/9e6a19db43b5cbd66a6b2ce8f1596ef31f17de41982279e122951f7dca76c4aa.php
No syntax errors detected in ./.tmp/phpstan/cache/PHPStan/9e/ed/9eedd68d086be972deff0bc33a295f09c239116169abaa07e373e737520d7bf9.php
No syntax errors detected in ./.tmp/phpstan/cache/PHPStan/9e/77/9e7758884c0c69842ea21f5d0963b0e74ad9428396776af21785497b0c92abab.php
No syntax errors detected in ./.tmp/phpstan/cache/PHPStan/9e/dc/9edc55d0c06aa4b5ae59636e9e0cd3b101d32711d40b0d01046d2e46bb86cccd.php
No syntax errors detected in ./.tmp/phpstan/cache/PHPStan/9e/41/9e41d9553837447142a1fad5c26342e5e57b8c083475fa60d4ed0f7650f2b561.php
No syntax errors detected in ./.tmp/phpstan/cache/PHPStan/9e/19/9e190c952c5013899414ea1848ad9c61f36d072ee146abfde6952ddd45620b90.php
No syntax errors detected in ./.tmp/phpstan/cache/PHPStan/9e/e7/9ee71d0699a9d4a729cc07ac6a8fd21c93c36745f4d0f7aafeefe1068fdaaa4c.php
No syntax errors detected in ./.tmp/phpstan/cache/PHPStan/9e/e5/9ee5f416237762d30e0505ec7920b0a181841a35f5168d29dfe92729a60a176a.php
No syntax errors detected in ./.tmp/phpstan/cache/PHPStan/a4/27/a42789578461169f68e11c678370d6b40a0a47a3ca4d77d02840a8005cae9635.php
No syntax errors detected in ./.tmp/phpstan/cache/PHPStan/a4/82/a482e5173b472d380d2432e90a3cdd47552a3147ad30952b45a10db0363e3d14.php
No syntax errors detected in ./.tmp/phpstan/cache/PHPStan/a4/a2/a4a2c3bb9c3c6a04def8d673f0f5f4c336c606e12e39083c9cbbccf4007fa9fd.php
No syntax errors detected in ./.tmp/phpstan/cache/PHPStan/a4/b4/a4b44f66deb2b50c69e448ae5f6aeba77edae9b023568ef2b813b44e389121d0.php
No syntax errors detected in ./.tmp/phpstan/cache/PHPStan/a4/07/a4079805acac875a340677f037e0f555353b90b55fc3a61cab6b0ef45539b28c.php
No syntax errors detected in ./.tmp/phpstan/cache/PHPStan/a4/64/a4648d9563f063e77a9b36cbaa71f1f794cfd1f8bd940e43bff7d397ae9ad479.php
No syntax errors detected in ./.tmp/phpstan/cache/PHPStan/a4/92/a49268c29813d40372a6e1f609c25673a1a036b2620e1d76d2cff2cd2a071f06.php
No syntax errors detected in ./.tmp/phpstan/cache/PHPStan/a4/4d/a44de312963f68b68265be19c567cea610700395e561228ce25aa6c5d4346995.php
No syntax errors detected in ./.tmp/phpstan/cache/PHPStan/a4/dc/a4dcc3c02cff5b17c77d85e286e79e647449d07c57524ecb54c0c1c1300e1d4f.php
No syntax errors detected in ./.tmp/phpstan/cache/PHPStan/a4/1d/a41d669ff42d25ed2471e7f2d60981e5981b54a9e5ca48f92325fe16ceeb74b3.php
No syntax errors detected in ./.tmp/phpstan/cache/PHPStan/a4/5e/a45e9c9c89933f297edbb87f15f19214cab8a7277d8e3617569a7b12c349536b.php
No syntax errors detected in ./.tmp/phpstan/cache/PHPStan/05/a8/05a8f691e95b822d806fe8d9b1673db2b9c4279cb71926320f5ce172d7237017.php
No syntax errors detected in ./.tmp/phpstan/cache/PHPStan/05/88/0588149594296ac2b936cd4a095990ba2027c83b581d766f9f5f372e44c94590.php
No syntax errors detected in ./.tmp/phpstan/cache/PHPStan/05/79/0579b164d513e89480142f1e50ddc92f28613f7a908eed406ef951cbb8af0ecb.php
No syntax errors detected in ./.tmp/phpstan/cache/PHPStan/05/d0/05d01defee83357b2b540bd716cdeb4bd92abc5b9bb8cff36e78309eb81fc114.php
No syntax errors detected in ./.tmp/phpstan/cache/PHPStan/05/c7/05c7c367f88883877c24c028f82b509efcb917088fd2f47fa9a021f06c7d36f7.php
No syntax errors detected in ./.tmp/phpstan/cache/PHPStan/8a/9e/8a9e8cf0efaef9e72a30821f25e9f131281444382deaa6601958192c8d43d2ce.php
No syntax errors detected in ./.tmp/phpstan/cache/PHPStan/8a/4d/8a4dc2c495e3fd63b2145a9ea09e2d3a64fb431b619a7a4888df02c22e3edfa9.php
No syntax errors detected in ./.tmp/phpstan/cache/PHPStan/8a/ba/8aba3006644ec56e4f006c1b5bd806c4bd3e692b55311241b5ab9a5bb553efb2.php
No syntax errors detected in ./.tmp/phpstan/cache/PHPStan/8a/ec/8aec3f201c0d62f04c0fbd07b2b7dda2959bc5a9e0ded91682765ce13ea03b79.php
No syntax errors detected in ./.tmp/phpstan/cache/PHPStan/8a/e7/8ae797083ef48651e239e27261967b957bf50f7bcb860560eb4fd2ffc4a9a379.php
No syntax errors detected in ./.tmp/phpstan/cache/PHPStan/8a/f1/8af17633b86e159a7faea7e458a66126596412b6c6a8e9fb2dad068c53824019.php
No syntax errors detected in ./.tmp/phpstan/cache/PHPStan/cd/fb/cdfba5620189d8301bbdedab129ea1e52537cb46a988302094d30e8105894139.php
No syntax errors detected in ./.tmp/phpstan/cache/PHPStan/cd/36/cd366deb17f14cf292766a50116efcda0cfeb0cb0234e86fdf6f7615a4d2d4b4.php
No syntax errors detected in ./.tmp/phpstan/cache/PHPStan/cd/b2/cdb25ecf316d9ee5685dbf6c6bbbb2f88e34c1a92ec8afc3c1c3d11c4946ee16.php
No syntax errors detected in ./.tmp/phpstan/cache/PHPStan/cd/ab/cdabb79c6dffab0ced42c6f2cf59adf49565b7554bcd7e141286c5072fb70493.php
No syntax errors detected in ./.tmp/phpstan/cache/PHPStan/cd/1a/cd1a1d4ebbbb2a7c66a928374c3fa0657f762bfc65417e76e8edf28b4d4ddcb8.php
No syntax errors detected in ./.tmp/phpstan/cache/PHPStan/cd/2f/cd2f04ca2f21d991e77af3419aa02bc3d86743cf2ed7cbe69d68fc9eb488c7b4.php
No syntax errors detected in ./.tmp/phpstan/cache/PHPStan/b5/3e/b53eaa552eecdd0d3d38182dcb18b64d74e6a86e9623ff1c876170fe77573ba2.php
No syntax errors detected in ./.tmp/phpstan/cache/PHPStan/b5/02/b502b4f8e200ca262552f181d7f39394dc78f884c6dfd2bc44d3c838c8f8f333.php
No syntax errors detected in ./.tmp/phpstan/cache/PHPStan/b5/50/b550bcdc96de2fb59d1adadff58a8348c6c9e95053aa883b4b45246a5d1eea70.php
No syntax errors detected in ./.tmp/phpstan/cache/PHPStan/b5/f3/b5f32ad980b917b151d22ebaeb737ce1380de812c87ab65af523d10f447b22f6.php
No syntax errors detected in ./.tmp/phpstan/cache/PHPStan/b5/80/b5807d9a7b3d5506ce7de26b95d3cb482598a152bb70c7f764fcb2b04a7cea53.php
No syntax errors detected in ./.tmp/phpstan/cache/PHPStan/b5/41/b5412ad2ed723240a56fcb14e56315b6fa4abb0f6f5e2ce009318ac1e4a9ea01.php
No syntax errors detected in ./.tmp/phpstan/cache/PHPStan/b5/d9/b5d99481baed226cab6e88f2a52b312e8dbd7314488373a2c7c197aa6961131f.php
No syntax errors detected in ./.tmp/phpstan/cache/PHPStan/b5/0d/b50dde61fff6ffbbabc083f2113295f2283b1ceff66c7feaf9c71a419142785e.php
No syntax errors detected in ./.tmp/phpstan/cache/PHPStan/4e/20/4e2098247dcd5f1def97a449ae4f48949dbc62e3f4f7784868defa8c0e5a04dc.php
No syntax errors detected in ./.tmp/phpstan/cache/PHPStan/4e/cc/4ecc96c7379892fe755604448394b0abcd92a3ceb6338c2f14625cafcdde2da5.php
No syntax errors detected in ./.tmp/phpstan/cache/PHPStan/4e/47/4e47fb35dbe167b716f6150e24d67b82734c43f3e5e2de884eea790e07362461.php
No syntax errors detected in ./.tmp/phpstan/cache/PHPStan/4e/7f/4e7fc3da450644c98c0ca39862b2dbdbd04fe550a4ad3453007e11e0a89c9674.php
No syntax errors detected in ./.tmp/phpstan/cache/PHPStan/4e/39/4e39c8f76930e386534ad99db6f5575e0fb73e55a28f7dbf39be43f62baac597.php
No syntax errors detected in ./.tmp/phpstan/cache/PHPStan/4e/a9/4ea91bc1ec8536c4eb0b23a4fa054c894ae0e27b23242dc9b528dc58c39b2628.php
No syntax errors detected in ./.tmp/phpstan/cache/PHPStan/4e/db/4edbcd8b730f021d02d23773b4fac543228e10be02bea76d3a6b8af3b2b0d957.php
No syntax errors detected in ./.tmp/phpstan/cache/PHPStan/4e/3d/4e3dfbd6d62fb3016ad48fd020e3cc59f122224f8fa182a455da3dbd1026ab32.php
No syntax errors detected in ./.tmp/phpstan/cache/PHPStan/4e/34/4e34f847c434fc12af628f8229b57e230bfd9e6d360d585d7e331ae16fe28fd8.php
No syntax errors detected in ./.tmp/phpstan/cache/PHPStan/4e/54/4e54905dffb8ba34a03c23834499d683263905be251b9eefd55e72a013470271.php
No syntax errors detected in ./.tmp/phpstan/cache/PHPStan/4e/62/4e62743044b1f171b23d82c30d11813a12d503f3a80e2d0f254b3c0cb569a6ff.php
No syntax errors detected in ./.tmp/phpstan/cache/PHPStan/57/fb/57fb761c5fb3d62420d1ab20e9546bf20a732975043f75966169460cbaf5039f.php
No syntax errors detected in ./.tmp/phpstan/cache/PHPStan/57/25/5725f059facd94c160a43b3092a5e5eedbe90b8799f56c3dc317bf3c0ab98028.php
No syntax errors detected in ./.tmp/phpstan/cache/PHPStan/57/bb/57bb301937fe07e054d37ef0fe4f23a20d5c33069bbebd0707d7b7cf05724a00.php
No syntax errors detected in ./.tmp/phpstan/cache/PHPStan/57/f6/57f64b885c20c769bd608cf58f18d8fbc45808adbc1c68d1fa4151861d3cbae4.php
No syntax errors detected in ./.tmp/phpstan/cache/PHPStan/57/69/57690de8039cae860f978c96d6401f72be80680b26326e7ec4fcf4f1bf221750.php
No syntax errors detected in ./.tmp/phpstan/cache/PHPStan/57/78/5778cc37492727c364863aa5331bdfa519f6923f6dd562dffc07997a6587a1f6.php
No syntax errors detected in ./.tmp/phpstan/cache/PHPStan/57/e5/57e5d11afbc5c09107c47cf2e354de9293679cfab96ba3670fd872904c5e2dca.php
No syntax errors detected in ./.tmp/phpstan/cache/PHPStan/1f/3b/1f3bf4299b5b2e2b17b663f6ed3cf9d71a5e0ca4779120881e35f8168c1b5518.php
No syntax errors detected in ./.tmp/phpstan/cache/PHPStan/1f/2a/1f2a843bcb4eb5323187eb705a9e4bad0e4d1932bac9ce6207c58b1f378c4823.php
No syntax errors detected in ./.tmp/phpstan/cache/PHPStan/1f/1f/1f1fb4c33e843c160244ddcdc6541a2f82e897ffde77fa1957b0930a2b41245b.php
No syntax errors detected in ./.tmp/phpstan/cache/PHPStan/1f/4a/1f4ad27a870ac052eb4c0d4bb03bd8d5d6f71e0d78322b261495ee71c28b8030.php
No syntax errors detected in ./.tmp/phpstan/cache/PHPStan/1f/70/1f70e969bfd47feae51283ed359f19191cce52a9e40c21db9db76c07098cd220.php
No syntax errors detected in ./.tmp/phpstan/cache/PHPStan/1f/f9/1ff9758f149aa5803d14df5744c306205717b81a0218553ed6109655dba434bd.php
No syntax errors detected in ./.tmp/phpstan/cache/PHPStan/1f/c6/1fc6ff4ff9e64eb77e84643d4578f61189ea13d64f32d0816434b73468af024b.php
No syntax errors detected in ./.tmp/phpstan/cache/PHPStan/1f/72/1f726b7f6dc99d1e28f7d0be1e06bb2961f7208774792a32c795d654a3211682.php
No syntax errors detected in ./.tmp/phpstan/cache/PHPStan/1f/41/1f4101cdaa0b490a234d06bf90000077af082cee9b0504825b9215eea67f1c0d.php
No syntax errors detected in ./.tmp/phpstan/cache/PHPStan/1f/bf/1fbfa3bd24395622bbc9c857c6842abf59740ef2d84504ed6dc36fd6f59d14ef.php
No syntax errors detected in ./.tmp/phpstan/cache/PHPStan/1f/21/1f21b3a2359b36dacefdccc23254628c42d0215fccbecddaa4d0533db6321e3f.php
No syntax errors detected in ./.tmp/phpstan/cache/PHPStan/1f/2b/1f2bd127f05f199dc532dd6babb7ee7fb448afa46c50a4dc32c1153812bfa4bb.php
No syntax errors detected in ./.tmp/phpstan/cache/PHPStan/1f/6c/1f6c89dbbcb8c2f48f675dc1582bd62485dadc16f20672786aa034780bcb4750.php
No syntax errors detected in ./.tmp/phpstan/cache/PHPStan/9f/a9/9fa9dcf90a5439af620eaa722a856f02bb6d13da9d27a7022370e156c1404f6e.php
No syntax errors detected in ./.tmp/phpstan/cache/PHPStan/9f/9c/9f9c9c857f941d8906958455ba3466497e187d22b742da8965d6f4ecd5b1a8c2.php
No syntax errors detected in ./.tmp/phpstan/cache/PHPStan/9f/3a/9f3af3c3bc96fbb5266ee0ce3392d2a81eee6bafa43f3ad30f0acf122c16299f.php
No syntax errors detected in ./.tmp/phpstan/cache/PHPStan/9f/34/9f3486186893276b34b4fca3d7124e3de8a27d65f05ab2ff2060356a1ebfb0cf.php
No syntax errors detected in ./.tmp/phpstan/cache/PHPStan/9f/ab/9fab73f8c2084ea4dc5901346e1f80cc71348305f1733b0d3b0f485359836702.php
No syntax errors detected in ./.tmp/phpstan/cache/PHPStan/9f/65/9f65eec90f2995ab3cb06e4048e3faa4af3f1a3944a7a77ed0522d8e0f053759.php
No syntax errors detected in ./.tmp/phpstan/cache/PHPStan/9f/65/9f65c4b36d59928b69f7e8c8ed3c06133d701b77e5893db4a44e7c0c0e1bebb5.php
No syntax errors detected in ./.tmp/phpstan/cache/PHPStan/9f/ca/9fcae51948ac694cf274c993bfe262300ceeb6f4c2e52c3eadd2636f15e43660.php
No syntax errors detected in ./.tmp/phpstan/cache/PHPStan/71/27/71279de7bc51fd03b97ead489c7f46d8639324737592818027041ab1f0fcb0f8.php
No syntax errors detected in ./.tmp/phpstan/cache/PHPStan/71/44/7144127ff0ecbdce9f4216bad8a0caa2f1ed185a69a1a069098e42d463033502.php
No syntax errors detected in ./.tmp/phpstan/cache/PHPStan/71/12/7112bb52b877d7e32ec1922a6f50f78dd523e5eb5c64e382aa99023ace7c4145.php
No syntax errors detected in ./.tmp/phpstan/cache/PHPStan/71/8f/718fb86b18672b4e658bf060eeb38e062e82dd4920c6ee07e5821e197850e7e3.php
No syntax errors detected in ./.tmp/phpstan/cache/PHPStan/71/ff/71ff862b7b7fb943dd27acff047ee29b92e5289258fac7846fe624c411dddf95.php
No syntax errors detected in ./.tmp/phpstan/cache/PHPStan/71/92/7192fe8336bbafee20686abc079cca1f2dbbfe18e27d6c362c04ff3f7206b0e1.php
No syntax errors detected in ./.tmp/phpstan/cache/PHPStan/71/92/7192fc0e0217d96745bf3fdf37ff0b147798a1a3285bf66820357484139b40fd.php
No syntax errors detected in ./.tmp/phpstan/cache/PHPStan/71/67/7167388a5b4f23c53425e1cae410f7451a1326c2e3b279f8185981cdaafc7a26.php
No syntax errors detected in ./.tmp/phpstan/cache/PHPStan/71/08/710825a39e2a316abc6826ba34bc436bd13570e4c02b654507d09b1af9869f88.php
No syntax errors detected in ./.tmp/phpstan/cache/PHPStan/71/63/7163183592892fd5cdcbb717c79792d9133d0cd9e11663a43405107e9082db80.php
No syntax errors detected in ./.tmp/phpstan/cache/PHPStan/2d/b4/2db4c61fbb10922373a65950367348e568b5f54bc7de635abd0e5db03ca5d584.php
No syntax errors detected in ./.tmp/phpstan/cache/PHPStan/2d/66/2d66ea764b1972282db371aca4a3c542fc8f82ddeceb0c09e211be77d86b51d7.php
No syntax errors detected in ./.tmp/phpstan/cache/PHPStan/2d/11/2d112ad632bfeebe7325d6e2fce246b57b86cebe13c88a7305a19b4d20865483.php
No syntax errors detected in ./.tmp/phpstan/cache/PHPStan/2d/72/2d721825545e8619c0f58cf7654afde936d37873acae3eae665608100540845c.php
No syntax errors detected in ./.tmp/phpstan/cache/PHPStan/2d/7b/2d7b35f978a450e05de908bd9a3e41c58d563065bf95098026a2f808a7261b26.php
No syntax errors detected in ./.tmp/phpstan/cache/PHPStan/2d/c7/2dc722a90efecfa03e76643cc5b5bed8f9c54749d37e0fb851da9a3dbbedb17f.php
No syntax errors detected in ./.tmp/phpstan/cache/PHPStan/2d/10/2d1004ef7747c688a56e8ea2fea1aa8b3cd176883d2d77c9b8edb4e6b7907530.php
No syntax errors detected in ./.tmp/phpstan/cache/PHPStan/7a/a5/7aa5417117078ae796cf8241ed936044dbfb4253046b5f4495d3a6c52cf26eda.php
No syntax errors detected in ./.tmp/phpstan/cache/PHPStan/7a/29/7a29775a3915dd9f074a1077ef44554c5124ea9ff9a4d5f7f165325c3c494cc4.php
No syntax errors detected in ./.tmp/phpstan/cache/PHPStan/7a/39/7a39638953bc1b6489829353f6dc0291a81e856469c5bb3af639543ae96640a2.php
No syntax errors detected in ./.tmp/phpstan/cache/PHPStan/7a/7e/7a7edc2b7e23772708786e461ab999f34d38d9c6492340bd38e5cc66b8ea0206.php
No syntax errors detected in ./.tmp/phpstan/cache/PHPStan/7a/ba/7aba8a31cad22383064a7d8bb3ca5f200f6a1e49643ad13e22d17587110676c9.php
No syntax errors detected in ./.tmp/phpstan/cache/PHPStan/7a/ca/7acad175812ab96d1c8433e1e6ef227a2a431e23bb3d26eff234ca047d3e3a8c.php
No syntax errors detected in ./.tmp/phpstan/cache/PHPStan/9a/8e/9a8e9eaa63421d2b1d7f03350310bbbcb1202db1e8ba59aa7a98c418cc4016b6.php
No syntax errors detected in ./.tmp/phpstan/cache/PHPStan/9a/7c/9a7cf48c6a52c2e77d781ddc29d9fcad8678f26a8304438c23422ba162d19087.php
No syntax errors detected in ./.tmp/phpstan/cache/PHPStan/9a/53/9a5334dafda81561b463025b07324a85f718b2b6b400066e2eb75476c28a2050.php
No syntax errors detected in ./.tmp/phpstan/cache/PHPStan/9a/a3/9aa3309523902be5351b450b4a45e67cedee8d3bb756351ebb441373e1c2029e.php
No syntax errors detected in ./.tmp/phpstan/cache/PHPStan/9a/f7/9af7a5531d6eb0305087706c2b9ff15898a2e7ef89ed9b3636aa2b5d3ed3fb7b.php
No syntax errors detected in ./.tmp/phpstan/cache/PHPStan/9a/b0/9ab0a7becf49190670e28e611778d816979375a44d9bccbd2c4fb4178a77f84a.php
No syntax errors detected in ./.tmp/phpstan/cache/PHPStan/9a/86/9a86b90b26ddfea5d986ee02e728e15bc5237b6a86931d653700f28d1bb4db04.php
No syntax errors detected in ./.tmp/phpstan/cache/PHPStan/9a/78/9a7817df9410393e679a6ae30ef06548b76b16585dae8ed9a243d4c6e75d612e.php
No syntax errors detected in ./.tmp/phpstan/cache/PHPStan/9a/97/9a9724f1687e995991e547a5b714a54bbf1cdd5f8d29be719e240ac21d6482a2.php
No syntax errors detected in ./.tmp/phpstan/cache/PHPStan/9a/18/9a18247e8b5c04757b016aa5f4c9766c79c083a56f59fffc826072b464e39083.php
No syntax errors detected in ./.tmp/phpstan/cache/PHPStan/87/c9/87c9cf74d9d511b49ea18fdbfb4df566348037bcff02cd4c8715aef0ba34f539.php
No syntax errors detected in ./.tmp/phpstan/cache/PHPStan/87/f2/87f2c3e74a9d8c5fcacc4394ccd5476739cc32419a135a670be7c0ce2890748a.php
No syntax errors detected in ./.tmp/phpstan/cache/PHPStan/87/01/87016bd43bea2eabf33c563fa81794f2a378686e1ac72a82e3b74f6922b48659.php
No syntax errors detected in ./.tmp/phpstan/cache/PHPStan/87/94/87944292852e5f2a30471763b0493f7450debff66af6f538886b7ede64c3578c.php
No syntax errors detected in ./.tmp/phpstan/cache/PHPStan/87/e7/87e7c63916c898174898edbd34ca53ab14f6edbfffe6d57b9c223f00674fd034.php
No syntax errors detected in ./.tmp/phpstan/cache/PHPStan/87/6e/876ed2eed6aceb85883d8b28cceb891b324fb785385380a4a2070942ca2d2329.php
No syntax errors detected in ./.tmp/phpstan/cache/PHPStan/d1/7c/d17cbedf8f3deed21b0de136641849e38263b60613acb9fb358443e6537b5140.php
No syntax errors detected in ./.tmp/phpstan/cache/PHPStan/d1/02/d102afc36086520716f6f43db83bcc82432990a16e50d2fbb95eea098643ef7e.php
No syntax errors detected in ./.tmp/phpstan/cache/PHPStan/d1/9c/d19cefbe85cfbb17d4a66275500259a18483d707f19bbe958a6c71dc150921c5.php
No syntax errors detected in ./.tmp/phpstan/cache/PHPStan/d1/61/d161ee2f439f1bee77a5e53944e7f7f7666d7cfb2e3ba51eca20b08ac9f2c1f4.php
No syntax errors detected in ./.tmp/phpstan/cache/PHPStan/d1/4f/d14fe35053be0d0f0918e6e8932c2975777363f784c4b70be32824465f0f5af6.php
No syntax errors detected in ./.tmp/phpstan/cache/PHPStan/d1/d5/d1d53455b06b861ebeb9fdc03cdfccee57d2b2132af0e0e5cd7f43e727fd1c88.php
No syntax errors detected in ./.tmp/phpstan/cache/PHPStan/d1/1f/d11f352e94acd80dfeb237f4c54aadeddb4eaca3c1adbbf009b1f660021e36f1.php
No syntax errors detected in ./.tmp/phpstan/cache/PHPStan/d1/91/d191338f671ea1a67ecaa3ab7b5b0c34f339f9707104724383c940475adb3e89.php
No syntax errors detected in ./.tmp/phpstan/cache/PHPStan/d1/03/d103e5b37f4c3c5a729f9a60f1577c965d19208ee2273050de3eb4d9550023dc.php
No syntax errors detected in ./.tmp/phpstan/cache/PHPStan/d1/2b/d12bcf1ec963c16916be7d94e002dc9e891884916a481c155bbe5a179c186925.php
No syntax errors detected in ./.tmp/phpstan/cache/PHPStan/d1/e6/d1e682bde0fc63685b8e3c67db8c4a2676e0afbccc23a201f0fba4dd3f160bbd.php
No syntax errors detected in ./.tmp/phpstan/cache/PHPStan/d1/17/d1177058a53183032dbcdb2580dc3f09596da8845b54cce4e36fc033817d26f9.php
No syntax errors detected in ./.tmp/phpstan/cache/PHPStan/c4/7c/c47c1cc55f66831100145178b01da6c5fdecdf0fec089e130b3f710307b38d70.php
No syntax errors detected in ./.tmp/phpstan/cache/PHPStan/c4/5b/c45b1330e0078d5405ba99e5c353d7aa967bee3f92eb2280a318c9ad71b3a9c2.php
No syntax errors detected in ./.tmp/phpstan/cache/PHPStan/c4/39/c43943ab357e28bef57dbcc2b732624e4f5b56b5f003f3518f2b647ad797031f.php
No syntax errors detected in ./.tmp/phpstan/cache/PHPStan/c4/4f/c44f0c3b425964830a82551f4649fcc28108e3e28e062211fbcb8a2798ea6e27.php
No syntax errors detected in ./.tmp/phpstan/cache/PHPStan/c4/9e/c49e5a589c00867c666c219b6c8dc1cb48db41780ecce8896c41959bda3aad20.php
No syntax errors detected in ./.tmp/phpstan/cache/PHPStan/c4/cd/c4cd1988bacaadbf7d97be8832b3663249b90d20adc0dbc28edc2700fab11ac8.php
No syntax errors detected in ./.tmp/phpstan/cache/PHPStan/c4/1d/c41d5201df43aa5f1b691676a7b3f0b62576657e4607b175165b865c876a7fa7.php
No syntax errors detected in ./.tmp/phpstan/cache/PHPStan/c4/e0/c4e0c203cc192db239610ca4f7a2da34bd71bf3833a152d86b59272cfed579df.php
No syntax errors detected in ./.tmp/phpstan/cache/PHPStan/c4/83/c483d4ff7977519dbc6c8d447c337f15456ecb39447da6bfafcd37d062ba0739.php
No syntax errors detected in ./.tmp/phpstan/cache/PHPStan/11/4c/114c9ef12069b9f1e7b86e3b5aace22ef471b716efd12dde125c88f22000cd3e.php
No syntax errors detected in ./.tmp/phpstan/cache/PHPStan/11/a1/11a1b611bd808336ebf9cf9f4a41b6ceec7dba719e911d056d6b49fb3f0887c8.php
No syntax errors detected in ./.tmp/phpstan/cache/PHPStan/11/64/1164aece70d701eb0c568252b66860e43db6db8e1338589b911cb77cd033cc48.php
No syntax errors detected in ./.tmp/phpstan/cache/PHPStan/11/f8/11f80e6af72b44f8ce943cdab676d095225760ca8feb22b67f1efdffc7addf96.php
No syntax errors detected in ./.tmp/phpstan/cache/PHPStan/11/42/1142442a126b845978f6756f299cef4021871881a28156ec88fae61df4ca13a8.php
No syntax errors detected in ./.tmp/phpstan/cache/PHPStan/11/8a/118aead2e0e079035f3c1404a86656d3fb60225536fdca9e7fbc5aa036f26fa3.php
No syntax errors detected in ./.tmp/phpstan/cache/PHPStan/11/f6/11f677e13f4c61e72cca29b447335446dd20700ec71ee3381db77c4ea72feb52.php
No syntax errors detected in ./.tmp/phpstan/cache/PHPStan/11/b2/11b2b9b423cd7a5b096e8229a597cce811765da7f5c62246f80d0609d18c1a24.php
No syntax errors detected in ./.tmp/phpstan/cache/PHPStan/11/32/1132c023eed252de9e9d3a876dd056ec4973d93a49fee3befbc6ad2501778f1b.php
No syntax errors detected in ./.tmp/phpstan/cache/PHPStan/11/e5/11e5a8ef03bd0c62efb7885f4f3b2985901f0cef403a9a40b91db3cdb77aeb35.php
No syntax errors detected in ./.tmp/phpstan/cache/PHPStan/4a/49/4a491806f55dcf5ca554047706576801e4ab965ac2db79a2ccb28d09f6718440.php
No syntax errors detected in ./.tmp/phpstan/cache/PHPStan/4a/52/4a52b3dbd268aeba814c644da3554743d212a138bf831be7b53327d02f4fe0e8.php
No syntax errors detected in ./.tmp/phpstan/cache/PHPStan/4a/96/4a96c1781007f5b63103ca3e39f77bc3a3afb7dee9acb9a466986a7681e851ed.php
No syntax errors detected in ./.tmp/phpstan/cache/PHPStan/4a/33/4a3344932a87a9f8bea675ab5c746408a8f0cbcfafbe1e07ec90707e2216db70.php
No syntax errors detected in ./.tmp/phpstan/cache/PHPStan/4a/93/4a937c7c9bd95b903c4ff0ffa04f081658efcf5345c1e71c37ce1f6fa1f29486.php
No syntax errors detected in ./.tmp/phpstan/cache/PHPStan/4a/1d/4a1d98fae7f11e3c64bb1ed11e6b8857bf08a65428665a9c43bf779a7869e673.php
No syntax errors detected in ./.tmp/phpstan/cache/PHPStan/e2/c3/e2c3d09f347143a8e39102d77a7a7704a8a27f1ad4bcf2e95663cc643e2d548a.php
No syntax errors detected in ./.tmp/phpstan/cache/PHPStan/e2/98/e2981bf2b0ad4cfc7d494a48199d2f7d4b663d77ef05f47dde92f60df4da4b24.php
No syntax errors detected in ./.tmp/phpstan/cache/PHPStan/e2/33/e233256978fd80339336eaa8a6e2c877fca7ed1576f707de822056087ff23036.php
No syntax errors detected in ./.tmp/phpstan/cache/PHPStan/e2/4a/e24aa696d4de29a1e00a1c682a78f944a5133bb38de018549c782fb9b41cf9bd.php
No syntax errors detected in ./.tmp/phpstan/cache/PHPStan/e2/09/e209a33ae138a986ec4ff48a67006d39925f5967014861c57498b4134423a6fe.php
No syntax errors detected in ./.tmp/phpstan/cache/PHPStan/e2/0f/e20fd432e5832a4a216e992737dff7912513909ae9c0d192435522dda3ad1d93.php
No syntax errors detected in ./.tmp/phpstan/cache/PHPStan/e2/b3/e2b3929a9f51845dfb312113e9c7c0597b48d8bb451f6c7167eaf3568837e5a5.php
No syntax errors detected in ./.tmp/phpstan/cache/PHPStan/04/cc/04cc1a3518158a824be173cbf78ea658d5701dd78e93c80143c920a0d9b623f7.php
No syntax errors detected in ./.tmp/phpstan/cache/PHPStan/04/7c/047c12bb2b81f94d0f3a999bf5e51cf5d1129d219c8dce32a941d2d3c49aa038.php
No syntax errors detected in ./.tmp/phpstan/cache/PHPStan/04/46/044633d34b14669a517db16fb2b0535468417960dc61deafd39c11350b5dc662.php
No syntax errors detected in ./.tmp/phpstan/cache/PHPStan/04/8a/048a8fe15dabf4d9ce05674fac167bf30d2b0634a71a63628aa43529407959b9.php
No syntax errors detected in ./.tmp/phpstan/cache/PHPStan/04/9f/049f27c7b44dadf121bbfc9d4864b63fe2b3b625c889a7b6705a1f1cdff75eb6.php
No syntax errors detected in ./.tmp/phpstan/cache/PHPStan/04/91/0491a65d8657db02e40c365aee5192b471b7694a38da108250b723356eacdd66.php
No syntax errors detected in ./.tmp/phpstan/cache/PHPStan/93/a5/93a5c27dca4327b858c8fa61b4e462434d9a666e6dd5fd0687e11e1143611e63.php
No syntax errors detected in ./.tmp/phpstan/cache/PHPStan/93/b8/93b89dc5adeac5d0053919e0859e167f4e3467c250daabe26abd117449be2109.php
No syntax errors detected in ./.tmp/phpstan/cache/PHPStan/93/af/93afe63825edfcebe1931c232dead51dbf293d082084fd65aed445aafeec3569.php
No syntax errors detected in ./.tmp/phpstan/cache/PHPStan/93/3f/933f94686b763242332b91f833476c1c25890f7fc084d03bc8201e273600d0e1.php
No syntax errors detected in ./.tmp/phpstan/cache/PHPStan/93/10/9310b57860363f9957ab84125c4555f424be542eeadaa608f745651c97bb1387.php
No syntax errors detected in ./.tmp/phpstan/cache/PHPStan/ef/4c/ef4c017974898a8b777643451f5c864e5b86bc7bd6995a94557fc47d5d367ce1.php
No syntax errors detected in ./.tmp/phpstan/cache/PHPStan/ef/3e/ef3e3c39dcc3747853b7863b7fd7d1e8df732f4a473889fdd5c95e104961a6c3.php
No syntax errors detected in ./.tmp/phpstan/cache/PHPStan/ef/8c/ef8c22dae4444a1602702ac3fe443d67ad7bccea9f10a31bd7935421e7e71054.php
No syntax errors detected in ./.tmp/phpstan/cache/PHPStan/ef/6b/ef6b58d7f64943e3c7d88bfdd1f37d83716a76ecba52fd5ec6685c8529702523.php
No syntax errors detected in ./.tmp/phpstan/cache/PHPStan/ef/f8/eff891a0a0d17f07286400331f1774403c2809474084879dd37e07c76af3cf41.php
No syntax errors detected in ./.tmp/phpstan/cache/PHPStan/ef/8f/ef8f1365f8af39067edfe97c6d7d5bbc2b23bfd210da8666e14806eb6e6429f7.php
No syntax errors detected in ./.tmp/phpstan/cache/PHPStan/ef/a4/efa4bafde8b65d82f96a91fb7713a07b0ba0e03cc93dc9dd9947d776e12b47b8.php
No syntax errors detected in ./.tmp/phpstan/cache/PHPStan/ef/11/ef11529dc333683fe067ba1da9ae09ee430058fd4b8353fc29b8183bd8575ed5.php
No syntax errors detected in ./.tmp/phpstan/cache/PHPStan/ef/04/ef0447dc63d43f1a839bc49b6522943fe2db8476648f60cc267acb83825cc9a7.php
No syntax errors detected in ./.tmp/phpstan/cache/PHPStan/ef/cb/efcb7e78593d7883f139d3b3d17ff842de98eee80033e250ebf03ba4c2d709cb.php
No syntax errors detected in ./.tmp/phpstan/cache/PHPStan/ef/19/ef19405bae1c5d7d593c07a46ad19bba61167e540925479a51874461b3b14566.php
No syntax errors detected in ./.tmp/phpstan/cache/PHPStan/ef/a6/efa67fe174f8eb37f01308b4db7536a7fdf7d37763c4906fa024ecdbc2532e97.php
No syntax errors detected in ./.tmp/phpstan/cache/PHPStan/91/bd/91bd978624e7464ee560e0033df69ec1455e722d3a114312e020893eaef8aa8e.php
No syntax errors detected in ./.tmp/phpstan/cache/PHPStan/91/39/91396a3ae8f1d354898b72f431798b679e4974f893dd097a1c23cbe7560fd28f.php
No syntax errors detected in ./.tmp/phpstan/cache/PHPStan/91/3f/913f8ad84e9067e78a214c36461aaed6d696b81ec1b5ed4068f1e24b7e661b38.php
No syntax errors detected in ./.tmp/phpstan/cache/PHPStan/91/c6/91c66ccdf8f62c88e01990a9ec8d7720ebf8e8830eefe1f45ca9cda0960bd116.php
No syntax errors detected in ./.tmp/phpstan/cache/PHPStan/91/c6/91c673146004f51abe9de1c2e28c9e4ce9ca2ec21a286ac06cbd042716ed6029.php
No syntax errors detected in ./.tmp/phpstan/cache/PHPStan/91/a0/91a027b2ed86f8a1134f8a34192ffeaab05f589b2d343117681d4c00c2e836fd.php
No syntax errors detected in ./.tmp/phpstan/cache/PHPStan/91/e0/91e09eb6efb906479347c4bae54b41a9ec0d0cf16e5ef784b502dc4eb51b5e40.php
No syntax errors detected in ./.tmp/phpstan/cache/PHPStan/91/2c/912c9f7b87cb8c2847ee13810e077f827d21b8e37cd7bffa59e2cdf406f508a3.php
No syntax errors detected in ./.tmp/phpstan/cache/PHPStan/91/18/911825099ce12b93341c557c33c4623f083f5074069210e0436de9bd1498687b.php
No syntax errors detected in ./.tmp/phpstan/cache/PHPStan/e4/e3/e4e354f56269965e62b95e5c8b84e350b9901e2053ee30f85edb095dbdb1c150.php
No syntax errors detected in ./.tmp/phpstan/cache/PHPStan/e4/3b/e43b9eeef5226aa934c62fecd41659152dbd6f7322cf62def41483f3d0f828e9.php
No syntax errors detected in ./.tmp/phpstan/cache/PHPStan/e4/dc/e4dcd98e636ae6c6ea370160963ec1a780131e75bd8d2aa08a33a8ab5462aef6.php
No syntax errors detected in ./.tmp/phpstan/cache/PHPStan/e4/ac/e4ac800cfbb62b7dd5832271f44c8ba375b7282dddbf6a8b79b63e88a6182318.php
No syntax errors detected in ./.tmp/phpstan/cache/PHPStan/e4/95/e4959d1681f4df2ff225d15aeb95adb497a1732f9beb1c3c63e8caad6377e438.php
No syntax errors detected in ./.tmp/phpstan/cache/PHPStan/ae/49/ae497d0252c1976acf910af28924c8aa6fa2663bc34504988bb5b4d2707556eb.php
No syntax errors detected in ./.tmp/phpstan/cache/PHPStan/ae/51/ae517b989a725d765d51e9cc973ecc44514086c56aac933474e5e2e4ab8d0907.php
No syntax errors detected in ./.tmp/phpstan/cache/PHPStan/ae/39/ae392049854a23f4b13dc7dea162e40356fe16b593574269239d5d0eb6590f90.php
No syntax errors detected in ./.tmp/phpstan/cache/PHPStan/ae/02/ae0262d70c6a991e89ce5c5aa8ff80e3c80c59df50179250ee694afe9fac62d7.php
No syntax errors detected in ./.tmp/phpstan/cache/PHPStan/ae/c6/aec61ea41b36cd4f015ae878032dd33bee24761b3fd73d137248672b77a70c39.php
No syntax errors detected in ./.tmp/phpstan/cache/PHPStan/ae/43/ae435b02338073ec2ccd71ee6897b4300b00491e4c01ec52aa35d3a4cb3e9125.php
No syntax errors detected in ./.tmp/phpstan/cache/PHPStan/ae/0d/ae0d112857f9215490324132ecabc03f34bbb97605e7349e873d463a6f454886.php
No syntax errors detected in ./.tmp/phpstan/cache/PHPStan/af/e3/afe372a8c3bb216d1880b0f5a986e5de6d3699ebe653d430e4c69d16e22c9949.php
No syntax errors detected in ./.tmp/phpstan/cache/PHPStan/af/cc/afccc5733a9370ed145134a66a23b75adf00540e1dbdf21eea18f538716ba255.php
No syntax errors detected in ./.tmp/phpstan/cache/PHPStan/af/f2/aff2ebf5e45bf1aa69046104ccb0b7323bdb282e14f3af57b9f7f8096d6981d8.php
No syntax errors detected in ./.tmp/phpstan/cache/PHPStan/af/02/af02b01e2bcda2e43a92a54740bb044d9b6801e3f1bf0989115c848afecd0079.php
No syntax errors detected in ./.tmp/phpstan/cache/PHPStan/af/37/af37a41cccf38e32b3f078811749685118a7a334a168ab17584db64225c71228.php
No syntax errors detected in ./.tmp/phpstan/cache/PHPStan/af/d0/afd01badc6831322ed9740f2bf74c5cb6bf39db8d5c1d7916a1865d3358607d8.php
No syntax errors detected in ./.tmp/phpstan/cache/PHPStan/af/7a/af7aab09bf8bc189633eb6d832879d14bd7d8f9da42cf3c51a82cf0ab3c90066.php
No syntax errors detected in ./.tmp/phpstan/cache/PHPStan/af/e4/afe4eca28d74c956628d771406137bd3c8db2849cfacea84b49571295052f35b.php
No syntax errors detected in ./.tmp/phpstan/cache/PHPStan/01/a2/01a2e361d7860bb67ea7027da9919017d3c4c344e3d239163a90bd3af8695cec.php
No syntax errors detected in ./.tmp/phpstan/cache/PHPStan/01/3b/013b51b8473f022663cdf7e314d4c20a3e849f8aca9f88f983eec680ff9dcead.php
No syntax errors detected in ./.tmp/phpstan/cache/PHPStan/01/fe/01fedcdc837e5d81a61ce4db729d2730bfe128c3a16a672ff77db843c6f447c6.php
No syntax errors detected in ./.tmp/phpstan/cache/PHPStan/01/a4/01a4e2f7550262b00eeda8b878a390ba0a0d19c170e0a71c8135b15065035c37.php
No syntax errors detected in ./.tmp/phpstan/cache/PHPStan/01/50/01508c2e64edd0c7bfde41ddc7391250fb14e2fc61c7d44733ba220e5a450c65.php
No syntax errors detected in ./.tmp/phpstan/cache/PHPStan/01/50/0150ed62340a4e1c9320515436448e7afe18f94f685e4681c82dec4843a0285e.php
No syntax errors detected in ./.tmp/phpstan/cache/PHPStan/01/85/018541a26a2f10aaceb42e2ba47b3cb62e2809920070b4815dffc891fd007207.php
No syntax errors detected in ./.tmp/phpstan/cache/PHPStan/01/69/0169f4f181eff0753a2fc773a841bbf712fc384e366ee8e0d57bd22110dbbee8.php
No syntax errors detected in ./.tmp/phpstan/cache/PHPStan/01/1b/011b78333f005263096a6c8051e7614a213e39023748887a0f66428ba06e6f5f.php
No syntax errors detected in ./.tmp/phpstan/cache/PHPStan/01/5e/015e287090ef06f2169cce9ae77574d5861c0ea0425065501302195e7917876a.php
No syntax errors detected in ./.tmp/phpstan/cache/PHPStan/01/eb/01eb4129f0ff6e2374229cfd0745acf386763cb22981b4fdb00e474942ff24b9.php
No syntax errors detected in ./.tmp/phpstan/cache/PHPStan/01/84/0184d46d42bbad0207715aef6a4b3819f809f34f3f3cc7ace51a73133a6344b3.php
No syntax errors detected in ./.tmp/phpstan/cache/PHPStan/70/66/706674c657b707c1171a8c883b2246b08f597eaaf120f77bb39a26b905de52e8.php
No syntax errors detected in ./.tmp/phpstan/cache/PHPStan/70/66/70662335d80f20bc641d554868358954ad02b2831c57e8601428668b0ae92a3f.php
No syntax errors detected in ./.tmp/phpstan/cache/PHPStan/70/aa/70aa65f2128cc71d1c5b27d6993b4285029fec2eaad6dc15bfc21ce766cfd815.php
No syntax errors detected in ./.tmp/phpstan/cache/PHPStan/70/80/708066fec47238ceb14ac8308ca7694c047eb98850da2d9d1d6301f2870536ea.php
No syntax errors detected in ./.tmp/phpstan/cache/PHPStan/70/b1/70b17a4e54ef1baa67f82e47f64aba8627642074520ed07bb820151a549985df.php
No syntax errors detected in ./.tmp/phpstan/cache/PHPStan/f9/4c/f94c3054d67ca281b6cfcfc99b0899c441be25ddfafdd2008862271eb1afea68.php
No syntax errors detected in ./.tmp/phpstan/cache/PHPStan/f9/7c/f97c4fe8a840e58abf764e58d7268bea577a98e5479cffa81544ac111b22b185.php
No syntax errors detected in ./.tmp/phpstan/cache/PHPStan/f9/5a/f95a38831c6f17caccdc2ba4aff8761a7c0e5fa1e9782b1f3738ffb69fed7d99.php
No syntax errors detected in ./.tmp/phpstan/cache/PHPStan/f9/55/f955e99cf4e0e1d9296627ba014d6d89de04bd4e56810764349398236cf1f147.php
No syntax errors detected in ./.tmp/phpstan/cache/PHPStan/f9/45/f94553d68b036997db61e41a6dc635dff91e23efae8fb8cfde569bf1966b3a48.php
No syntax errors detected in ./.tmp/phpstan/cache/PHPStan/f9/81/f9813528329767594e633ac724ac02d16470532174aca0f84ae51e9d402e38ac.php
No syntax errors detected in ./.tmp/phpstan/cache/PHPStan/f9/ce/f9ce7f5e3335d1b3d7e5e9e0cde4cafe895fcfeda0ff06df706625a2edeea654.php
No syntax errors detected in ./.tmp/phpstan/cache/PHPStan/f9/28/f928cfd81628b49173d2303cd0de2dfb2f41d79b59663f753510cfee79bbdad7.php
No syntax errors detected in ./.tmp/phpstan/cache/PHPStan/f9/04/f904846bff5da5d4d64a638988376b8df3aec29764a85729a858a8d51ad892e0.php
No syntax errors detected in ./.tmp/phpstan/cache/PHPStan/f9/5e/f95ee0e92896adfdb17c2641106173b24cbe7cff2d8b2e8f6eb86cfab7be65ce.php
No syntax errors detected in ./.tmp/phpstan/cache/PHPStan/f9/e5/f9e5ad047a2dd5f94ec2a88b84aa8467bf5d2a33275c676da4027d5880afe7ad.php
No syntax errors detected in ./.tmp/phpstan/cache/PHPStan/f9/e9/f9e95a2340e8f8131ac309a997832d793c3e97ed1545451cb495d4fbe8680b27.php
No syntax errors detected in ./.tmp/phpstan/cache/PHPStan/7e/ad/7eada07675bfd9357ca63552d0af8760df6e7e4d86d92b2a149a0f556f302265.php
No syntax errors detected in ./.tmp/phpstan/cache/PHPStan/7e/2a/7e2ad6529cf0003829619b8e79b24a3ded1b88268e1d33c30950ecc522be8f42.php
No syntax errors detected in ./.tmp/phpstan/cache/PHPStan/7e/fd/7efd5f77f0a930f1e7efbb030a1d4f0508ecb0bab15e9874e8e7de3dc687290b.php
No syntax errors detected in ./.tmp/phpstan/cache/PHPStan/7e/77/7e7758fe03f4adfa56d38064331ae0e20ceaebde70e53c27651648da28afe040.php
No syntax errors detected in ./.tmp/phpstan/cache/PHPStan/7e/8a/7e8af99721c7d1cb0e056bcd8e4a415715c5603a7086fea7c82fb4ffe15688b9.php
No syntax errors detected in ./.tmp/phpstan/cache/PHPStan/7e/e2/7ee274c3b1e8f3505e320092680a8eb658bacbe78571cddcec84b531fd52d7f2.php
No syntax errors detected in ./.tmp/phpstan/cache/PHPStan/92/51/9251b0ed9b9fba467f802ae8b19dca63c9ac341a1399af6468bb84e23e4433a7.php
No syntax errors detected in ./.tmp/phpstan/cache/PHPStan/92/36/9236bf241dd4aa5fde867e3acdc96008e3ddd26ef1b6cc4be6232389df139fd1.php
No syntax errors detected in ./.tmp/phpstan/cache/PHPStan/92/60/9260e3d4224bad5ffed4b44bd6d41bf9f250c6de4c0d2a32a40257fd4762829b.php
No syntax errors detected in ./.tmp/phpstan/cache/PHPStan/92/f4/92f41246efed28ed6d7a790edacc0cf9668788aec7bb0bae88bfae2e405cac75.php
No syntax errors detected in ./.tmp/phpstan/cache/PHPStan/92/83/9283854fd2f0010b508f7b6bb0eb8e3ac600b288c41336c664a111d653bfad64.php
No syntax errors detected in ./.tmp/phpstan/cache/PHPStan/3f/ad/3fad3be5498638798b2ff35670af7f440a46fb2ca4ec7329a796c4fbaaa4fd39.php
No syntax errors detected in ./.tmp/phpstan/cache/PHPStan/3f/73/3f7343d917d5f84e7272c8178b9610ae0ad030c765705c5bc7734b9552788de5.php
No syntax errors detected in ./.tmp/phpstan/cache/PHPStan/3f/fb/3ffb0a3b1d6b244d5641be912350cebdd8ee56497ab5c934e1340088e9c6dfa5.php
No syntax errors detected in ./.tmp/phpstan/cache/PHPStan/3f/f9/3ff9d17ec6b95288d6197999d144007a51751d6462f0490e177732570c79a34a.php
No syntax errors detected in ./.tmp/phpstan/cache/PHPStan/3f/ea/3fea7542bd0da09af698ca8bf510695e25e3ab240d50ef44579b334ae6f4622f.php
No syntax errors detected in ./.tmp/phpstan/cache/PHPStan/3f/9d/3f9df904f643bba5e371b14c99e5df2c13fdf8efbc361fb6829c5d327ebd4b8e.php
No syntax errors detected in ./.tmp/phpstan/cache/PHPStan/3f/9d/3f9d70430932990ab1f937625d00e5e114f542b96f823c38e67032f256b0e740.php
No syntax errors detected in ./.tmp/phpstan/cache/PHPStan/3f/d9/3fd95d357271e68e3881fb2f039130d3932ecab333f57c8bb0548b5d57f82aac.php
No syntax errors detected in ./.tmp/phpstan/cache/PHPStan/3f/e9/3fe978655d505ae8ca222776613f0d1b98dd810fe61e8370a2b9b7e6e966fcb0.php
No syntax errors detected in ./.tmp/phpstan/cache/PHPStan/74/f7/74f700d5f6dd52658b94ae649d709244d8d71835edc83cc3e5a8cd08a994a08c.php
No syntax errors detected in ./.tmp/phpstan/cache/PHPStan/74/bc/74bce1cdd338e14689a94db633e52515e6d3edc3e472669b659ab792f22318c1.php
No syntax errors detected in ./.tmp/phpstan/cache/PHPStan/74/37/74375f1d2c525919d0976fb736a4413cd0110307925903e10ddbf3291bf73366.php
No syntax errors detected in ./.tmp/phpstan/cache/PHPStan/74/38/7438315c18fadec57cb7b06b84b9690327b784abbc4cea5fd36858fcb766b2d3.php
No syntax errors detected in ./.tmp/phpstan/cache/PHPStan/de/c5/dec5e19c3c31c37830162c73f659672479d4f9c7066811bb8d004e5fe4db439e.php
No syntax errors detected in ./.tmp/phpstan/cache/PHPStan/de/ee/deeec2a1cb976f23f37586e78ac4dec34c64dbc1a12617064fc0880d73b7b380.php
No syntax errors detected in ./.tmp/phpstan/cache/PHPStan/de/cd/decdfdf9e3d994c0a5dae24b924a32c4091dc7ca477988cc0923036d4a87f553.php
No syntax errors detected in ./.tmp/phpstan/cache/PHPStan/de/04/de04c7d354680bd91a0ad29ac4d54a061708daeed1b01ef18d1c5081ae3bbc4b.php
No syntax errors detected in ./.tmp/phpstan/cache/PHPStan/de/0e/de0e7ddd8ce2821926a86cf0b97ad9ce660c911fdd66957935bf96c939cd5f30.php
No syntax errors detected in ./.tmp/phpstan/cache/PHPStan/de/0f/de0f6c95534fdc8c30ce179f3073f6d59124cb06705ddab930018cc0caabbf97.php
No syntax errors detected in ./.tmp/phpstan/cache/PHPStan/de/eb/deebc162395d6901a4cd049183c934d9c8b6bd23eda467a356185c5f9855b30d.php
No syntax errors detected in ./.tmp/phpstan/cache/PHPStan/f6/6b/f66b03af125233122f62a1180eafd6dbf3ab9b5b5f39316b7b9f205b85037199.php
No syntax errors detected in ./.tmp/phpstan/cache/PHPStan/f6/7f/f67f236fb7766ee3838ab7f7e0b07a5ecfbeaaed6575bce474a61ef04a4a8f61.php
No syntax errors detected in ./.tmp/phpstan/cache/PHPStan/f6/86/f6869a9cc68835059179de86fbb53d1ef192ca5fdfe462dda12a34235d15fb1e.php
No syntax errors detected in ./.tmp/phpstan/cache/PHPStan/f6/61/f66145d3aac2c94c9d57d098de4ecd13731f1b7b398d7275c0c9e9b272106b09.php
No syntax errors detected in ./.tmp/phpstan/cache/PHPStan/f6/40/f6404cb9d57cf30ea5ceac3d59f8ae217a1799b4e3ae5a2a71807fba3735f50b.php
No syntax errors detected in ./.tmp/phpstan/cache/PHPStan/f6/d8/f6d863a042a86d4025a1cb22e4380f922a4e20eb483154788b45b455cf73ef5a.php
No syntax errors detected in ./.tmp/phpstan/cache/PHPStan/f6/76/f676e1b77dc0a9183b7cb5e429537bd6374ea22878a8530f3a7fa2dd10264b30.php
No syntax errors detected in ./.tmp/phpstan/cache/PHPStan/f6/1f/f61f4767b114e2f2c3c988f37f3a00c915350810cd94ddf998e352df58a19ac0.php
No syntax errors detected in ./.tmp/phpstan/cache/PHPStan/f6/ac/f6acdfcab02b43fefbee570dc32856a76c6203ef423f5261014a30341b7f2751.php
No syntax errors detected in ./.tmp/phpstan/cache/PHPStan/f6/e8/f6e8f9def487a99111927382fd278ab56d0b686ec1e9d0773acc42378b964896.php
No syntax errors detected in ./.tmp/phpstan/cache/PHPStan/f6/26/f626caa15a814a38699b1fd91369f46eccd46c026de56c67b560f16cd60455ce.php
No syntax errors detected in ./.tmp/phpstan/cache/PHPStan/f6/6c/f66cd4545d549e6a89e1c8b51b4a534f9c1208893f19a564604fcf0590856269.php
No syntax errors detected in ./.tmp/phpstan/cache/PHPStan/50/7d/507d8e833f21fa8f865c9d9632f621e0af587999526e37e9a2549c0d6411de69.php
No syntax errors detected in ./.tmp/phpstan/cache/PHPStan/50/53/50533c67017529ea4ab54b83cebfc9eb63859a5027f00de07db00cfd5864cf33.php
No syntax errors detected in ./.tmp/phpstan/cache/PHPStan/50/d7/50d799341ae20eeecc71f202b99a7dcca2bc9503c511f01d6938d3be7655c4e4.php
No syntax errors detected in ./.tmp/phpstan/cache/PHPStan/50/f5/50f56749c8f498645073a0b0dd0859e6334a964274d6f5b34f07958a162fc675.php
No syntax errors detected in ./.tmp/phpstan/cache/PHPStan/50/98/5098c06efe920789bd1c3b5b6785e80f61391f1edb31f374c93bb40eac914011.php
No syntax errors detected in ./.tmp/phpstan/cache/PHPStan/50/29/5029ce225262f73de2592ff11cb69fbdeed2396d482d53183e445f3d5a1537af.php
No syntax errors detected in ./.tmp/phpstan/cache/PHPStan/50/67/5067a15af95b581433758c136b27b6510713cac2a5ae29dedcf9f26bb49b753c.php
No syntax errors detected in ./.tmp/phpstan/cache/PHPStan/50/e0/50e01244d9ad1cdb4b38928dbd6c129a9a9e70a87c3a20065797e61e061f0b17.php
No syntax errors detected in ./.tmp/phpstan/cache/PHPStan/0e/27/0e27c86eb1a869716eb00a3093adc582a99c056582aeb28522f5fba5b4f1e604.php
No syntax errors detected in ./.tmp/phpstan/cache/PHPStan/0e/53/0e532fa99d819efd672bf3f5a67929688928766d348e4ecd0357584423f0a56a.php
No syntax errors detected in ./.tmp/phpstan/cache/PHPStan/0e/8d/0e8d515ed6819094039fba7311581b681730075c996d76c507a925b00f0377a8.php
No syntax errors detected in ./.tmp/phpstan/cache/PHPStan/0e/3c/0e3cbe6c5b9b950fc90cc6222d39efe4463a921b34d7e06f7cfa21de6363056c.php
No syntax errors detected in ./.tmp/phpstan/cache/PHPStan/0e/42/0e42a669edd4cb7739787298b122c4a7091d965852d6af8ce3a5a2c214e3574f.php
No syntax errors detected in ./.tmp/phpstan/cache/PHPStan/0e/0b/0e0b1e61fba68b6af03a24f5664a445a7b7db4a032f56ae1d88476b24e0c19e7.php
No syntax errors detected in ./.tmp/phpstan/cache/PHPStan/0e/92/0e921ee1a8bc12486880843d8957dff083f838cbb43060f7bf5c2e6a118d710b.php
No syntax errors detected in ./.tmp/phpstan/cache/PHPStan/0e/d2/0ed2d29131d007face701d9c110f6b32d39a67245e9f642e553475e4dfe58c71.php
No syntax errors detected in ./.tmp/phpstan/cache/PHPStan/0e/17/0e1791ed164ab562e5329989fa236739d43b09ff0280939fe08c420ed90fefcd.php
No syntax errors detected in ./.tmp/phpstan/cache/PHPStan/c6/a3/c6a31a493abd0c41d5c233614023caae7f98ec19e74fa7ca032230639abe24ab.php
No syntax errors detected in ./.tmp/phpstan/cache/PHPStan/c6/8d/c68d79301b09656fdd05f2f65c6dbd6e52c17fa313e56d7cb0bf539103424f9c.php
No syntax errors detected in ./.tmp/phpstan/cache/PHPStan/c6/88/c688f6e9c451532d11b76feb5119f102cdc6506a8f5565fd539ed45cca5d70f7.php
No syntax errors detected in ./.tmp/phpstan/cache/PHPStan/c6/00/c600ba4a73dd089042f25efbdf72943166150383a2134f3f1a839dc96cbdded8.php
No syntax errors detected in ./.tmp/phpstan/cache/PHPStan/c6/36/c6363cfb8987fb863b13308b004bdb0b2ac7fb4b3e1fd155a795795da261cdb9.php
No syntax errors detected in ./.tmp/phpstan/cache/PHPStan/c6/3f/c63fdf5a18736482d6262fd8850eb198c9f28b7c9578dda539e0fbac7efd0502.php
No syntax errors detected in ./.tmp/phpstan/cache/PHPStan/c6/85/c685246ad298e4b978f880024121e08479993307c9f7e9c68415ec1b00398f07.php
No syntax errors detected in ./.tmp/phpstan/cache/PHPStan/c6/bf/c6bfe6d9dd5a5ca6b74ede1934262187feae16bf99428d468d623e4506f59fb4.php
No syntax errors detected in ./.tmp/phpstan/cache/PHPStan/c6/34/c6341ac1d337523b7f680e870f857baf1e6cbb41d95f4419ac21f93e515777e0.php
No syntax errors detected in ./.tmp/phpstan/cache/PHPStan/4d/7f/4d7fd5505685d1be5023d48a51a33f83beb450a886c39c6e1bf396b2cee79492.php
No syntax errors detected in ./.tmp/phpstan/cache/PHPStan/4d/0b/4d0bdc052c486f9344e6b8aed2c79d1119d95658ef16565344ff59eaae3dba70.php
No syntax errors detected in ./.tmp/phpstan/cache/PHPStan/4d/3d/4d3de9e754b000eb1da7d093b8b4d73d677e71972fb5a8adb943a1da51a21163.php
No syntax errors detected in ./.tmp/phpstan/cache/PHPStan/4d/16/4d16ecad9fa538403a03e1cd9748eaa0e0a61894de1d7c7fd551d80393e94446.php
No syntax errors detected in ./.tmp/phpstan/cache/PHPStan/4d/03/4d033c2c4798cbc264a5663a01a4fb9ce36b6af044a9a7b2c5234f582f9410e0.php
No syntax errors detected in ./.tmp/phpstan/cache/PHPStan/4d/4b/4d4baf3b56b9052df846f51aab094c31d35ca55314f599cb50c7a3d06a7b576a.php
No syntax errors detected in ./.tmp/phpstan/cache/PHPStan/4d/e0/4de04693b7a1112218c76e90d7345e9e2ab320404585de62c04cbc2c6bcd04a8.php
No syntax errors detected in ./.tmp/phpstan/cache/PHPStan/4d/c0/4dc0aafccb48e3279d15b9b5eac50d87ec46fbe5a6e3b9df38d2bebf613c6220.php
No syntax errors detected in ./.tmp/phpstan/cache/PHPStan/4d/68/4d68a8578f807b6dfa46e07044c27619ad4574e0df40ff6e42123348aa785ead.php
No syntax errors detected in ./.tmp/phpstan/cache/PHPStan/4d/68/4d68e353a950820db3c093374ae6833410e3e3f0640196536000cb4877c89158.php
No syntax errors detected in ./.tmp/phpstan/cache/PHPStan/16/8e/168e72e03f94246f99662ef88b0815233f306722338efc1ec245a5127f356e67.php
No syntax errors detected in ./.tmp/phpstan/cache/PHPStan/16/8e/168e58be62fbcb4dea44c72ed563e5c9a0bf204cc8b1341b64c4e6e4eb40daeb.php
No syntax errors detected in ./.tmp/phpstan/cache/PHPStan/16/3e/163e6b05da34d9061fbaee990d4654cc252a1391887dc38207f962d6cef03b79.php
No syntax errors detected in ./.tmp/phpstan/cache/PHPStan/16/5f/165f0521fe6a2c30a67a2d0cac46b8e1ee4c687755757119b42da3c1c835cbd9.php
No syntax errors detected in ./.tmp/phpstan/cache/PHPStan/16/f5/16f504757f3574c77a6f7e124d503b9e1fb7c8b0dc3552a3c08993f70da002e7.php
No syntax errors detected in ./.tmp/phpstan/cache/PHPStan/16/07/16070e16db009c25df0166beaab09f8ec7f2245a8203b98228f889abd683c2ce.php
No syntax errors detected in ./.tmp/phpstan/cache/PHPStan/16/8a/168a45817f30ef8d89745e12194b800d984676f16cdd74ba8a89e51d5da3dabc.php
No syntax errors detected in ./.tmp/phpstan/cache/PHPStan/16/4e/164e9e4c77b4e29006dcf24ba43ac098ba67c6f3b427f71f0c729b7af4089690.php
No syntax errors detected in ./.tmp/phpstan/cache/PHPStan/16/0e/160e862a5a1d7cded5468834ec56667f72e78b18824d0912916d8824623c3ca2.php
No syntax errors detected in ./.tmp/phpstan/cache/PHPStan/16/85/1685d81af58be481211126307156b4297ad82c551109626d56ff1469acb9fbd5.php
No syntax errors detected in ./.tmp/phpstan/cache/PHPStan/16/f4/16f4c4858169d842b61b177d76423ab880975ee251b0e23c565d6222180ce8ef.php
No syntax errors detected in ./.tmp/phpstan/cache/PHPStan/16/1b/161b18df3565c64185876db3dcbc0f2d3c46b33acf131a29569738191f1bce68.php
No syntax errors detected in ./.tmp/phpstan/cache/PHPStan/16/0c/160c60315be7ac4d6f3f363c85369ae019156297cc97650722e03a0d8ad7fb6b.php
No syntax errors detected in ./.tmp/phpstan/cache/PHPStan/16/e9/16e96d686681de0437f8c979b0698a690838dd11c299e2bc51086bb3381d99de.php
No syntax errors detected in ./.tmp/phpstan/cache/PHPStan/f3/d6/f3d678bd6b9de4e03f2aeac5216133706b1c03b8cde5ad9cf916689fa73c6099.php
No syntax errors detected in ./.tmp/phpstan/cache/PHPStan/f3/f7/f3f772ae64e6fcd45492ab6a5f0fe00729bce5c04ca8fd290cbe7805cd70bb90.php
No syntax errors detected in ./.tmp/phpstan/cache/PHPStan/f3/6b/f36beef4310e2e6b6ba9767705576749cb7113d9ba8ef92a8d1b4c5744c57a15.php
No syntax errors detected in ./.tmp/phpstan/cache/PHPStan/f3/29/f3299109eb9b2f80a4d4b1425181cb9e08a5e609abfcad24549ecc51952def21.php
No syntax errors detected in ./.tmp/phpstan/cache/PHPStan/f3/4f/f34fa38991b24e680142088faa8bb5f3e23a2003bea01ef362664be972ee091f.php
No syntax errors detected in ./.tmp/phpstan/cache/PHPStan/f3/d8/f3d8244a2c4bab1830ecc7a93aa78977d14ec4eca2eeaa69103ea3b0856dc871.php
No syntax errors detected in ./.tmp/phpstan/cache/PHPStan/f3/0e/f30ea81121ee20fe64a9cc943434adff6e03c2bc4882ed8a089e61901b63579f.php
No syntax errors detected in ./.tmp/phpstan/cache/PHPStan/f3/ec/f3ec0e1903bef07fe60791e0c46f2b3c296b01450232c81561647a4a02fccfec.php
No syntax errors detected in ./.tmp/phpstan/cache/PHPStan/f3/4b/f34b1bca5d453f011c26bf939e522287145bf68099f3f3e2036937c02ca93741.php
No syntax errors detected in ./.tmp/phpstan/cache/PHPStan/dc/3e/dc3ea91aed871677ed6f4ad8942c75d86832409623e3f4431b0807a754a079d1.php
No syntax errors detected in ./.tmp/phpstan/cache/PHPStan/dc/48/dc48e900e402e72a482f60e8b84a5df4ec59746824e30470689cb30ddd054e13.php
No syntax errors detected in ./.tmp/phpstan/cache/PHPStan/dc/9b/dc9bf852c5a96cc85e05fd2ace58902912399999f99b18e0fc3ef6e296a937e3.php
No syntax errors detected in ./.tmp/phpstan/cache/PHPStan/dc/42/dc4298bb542e6122bd3c6d828168a1b4db77fcc1e5c26386d0c3c508ba7e7b24.php
No syntax errors detected in ./.tmp/phpstan/cache/PHPStan/dc/0b/dc0b350edc3d7e23ed78db78f5b412ad68a36a2b7de66fbb9ddd9123f979e2e2.php
No syntax errors detected in ./.tmp/phpstan/cache/PHPStan/dc/90/dc90ec4674b1981737a7ca650967d45bba9977b97c039dd36ce8a17fe9afa205.php
No syntax errors detected in ./.tmp/phpstan/cache/PHPStan/dc/a7/dca7fd49b7d55ad4200416e58c2ec737966ba4ff4b6400668b992c1274641085.php
No syntax errors detected in ./.tmp/phpstan/cache/PHPStan/dc/32/dc3298fab3c2f8c7b5994e2ce4f6cb7d68b53c126c8d44025f09caef3e48fe5a.php
No syntax errors detected in ./.tmp/phpstan/cache/PHPStan/dc/4b/dc4b6c882c6077a5d00cf381caab90034b9c0c2cb21b96bcb1033b4e1e65ff6d.php
No syntax errors detected in ./.tmp/phpstan/cache/PHPStan/dc/84/dc84cb7a53043bf233e565cebfb432c09500ca50997d0b595643d568fdcc0567.php
No syntax errors detected in ./.tmp/phpstan/cache/PHPStan/dc/dd/dcdd52871b55fec33f4032db11e34992aea1c388c7ba6ded0bedd6d7141f7643.php
No syntax errors detected in ./.tmp/phpstan/cache/PHPStan/dc/75/dc75702003491a5b7ec55f663df8b328fe21e3adb8d3f7c34949af3eca515f41.php
No syntax errors detected in ./.tmp/phpstan/cache/PHPStan/dc/a6/dca6b99e1b85e9f6cb68184f85fd1b93de04aaa41da6ce7c98b932f669034ced.php
No syntax errors detected in ./.tmp/phpstan/cache/PHPStan/dc/22/dc2275891a8cb56acb71b62b57998797e812fbba2646a15271c63fd72423853f.php
No syntax errors detected in ./.tmp/phpstan/cache/PHPStan/dc/95/dc958c323a67d9378375a8bd40d82cfc7c6ac73ba090911aa61414c7098b79a0.php
No syntax errors detected in ./.tmp/phpstan/cache/PHPStan/b2/d7/b2d7307106245741719d6790ec46b9fb5488ae5f0045a697c2d02f79590423a2.php
No syntax errors detected in ./.tmp/phpstan/cache/PHPStan/b2/73/b27334bc25470ece810f630dbb138462950541fd45762668e0e986b9844e7fee.php
No syntax errors detected in ./.tmp/phpstan/cache/PHPStan/b2/12/b212525034839cfc7bf23dab043519305cc4d7cc3070d487bd6f73204b7d65b1.php
No syntax errors detected in ./.tmp/phpstan/cache/PHPStan/b2/4a/b24a61cde5754b2187ea57745eb9f669967633f9bcf076e88c06e7796b542e91.php
No syntax errors detected in ./.tmp/phpstan/cache/PHPStan/b2/aa/b2aaad072fe9ee39121c3b4a4a168b4bd6c9af3b75fa87e5116cd4e2fad49e7a.php
No syntax errors detected in ./.tmp/phpstan/cache/PHPStan/b2/eb/b2ebc48d61091506bbcf561b89f3fe5845a26987f2f8a5d2dde946c2fbc08ca2.php
No syntax errors detected in ./.tmp/phpstan/cache/PHPStan/b2/0d/b20decd6dabae6a5e50b139b0e908a61c488eafef74b434b30dd428b6af1594b.php
No syntax errors detected in ./.tmp/phpstan/cache/PHPStan/b2/c8/b2c8a1b7fe3665a61ccaf3103385afde4c6f8f818ad8682a430f16990a2eb182.php
No syntax errors detected in ./.tmp/phpstan/cache/PHPStan/cb/0a/cb0ab6f9b5e02b61c4573af617eed25f1e860a1c32fd733a7eee69c34f8b16f7.php
No syntax errors detected in ./.tmp/phpstan/cache/PHPStan/cb/4c/cb4cfdc08e4e9706be72b6b3108eb3f8e414e0435993dd36ff0e135a78bc6013.php
No syntax errors detected in ./.tmp/phpstan/cache/PHPStan/cb/f7/cbf7c8a09a9955b2f4b22fca18e54924291b53dc21285bbd05d2857e9a77785c.php
No syntax errors detected in ./.tmp/phpstan/cache/PHPStan/cb/6a/cb6ad701c0872dddedd70d6d177d40be97d7b2f2f398341340faabda5b949a58.php
No syntax errors detected in ./.tmp/phpstan/cache/PHPStan/cb/77/cb770a029cebceb4dd633d646ae6ec207458715b6d2a97b161e8f0ea16ee47b2.php
No syntax errors detected in ./.tmp/phpstan/cache/PHPStan/cb/71/cb7128d70870efcd5904b8db80bcd95637590bcc697ecd6856d6173b37307f33.php
No syntax errors detected in ./.tmp/phpstan/cache/PHPStan/cb/4a/cb4ae4261ad20deffd627b3631c698a6670e208ba80c3ec25319b0f475b20584.php
No syntax errors detected in ./.tmp/phpstan/cache/PHPStan/cb/72/cb72e6a2079994a3e2a5bc1e40e87a9546eadbe4dfc7c74a41d3349872c017b9.php
No syntax errors detected in ./.tmp/phpstan/cache/PHPStan/cb/fc/cbfc041f6e305f66cf8a095b043a4b8bbcd08b0f072a6dc9ab4e2c3af2779be5.php
No syntax errors detected in ./.tmp/phpstan/cache/PHPStan/cb/ca/cbca625cf0dd768f520c66994129c2b5ef769681d480b874ad28de6a349e35ff.php
No syntax errors detected in ./.tmp/phpstan/cache/PHPStan/3a/49/3a49f3504d02d9cca9567a96afe0fcb582bf9785b758b225e1018fda14a92e8f.php
No syntax errors detected in ./.tmp/phpstan/cache/PHPStan/3a/82/3a822b7c34968debf254970b7214b19d4ba902e8805327c98347f5ccf1521851.php
No syntax errors detected in ./.tmp/phpstan/cache/PHPStan/3a/73/3a73cd0ee1ab67fc2be8df0aaad6901f32d7b4d06b314573fe3a8bfd03408f4a.php
No syntax errors detected in ./.tmp/phpstan/cache/PHPStan/3a/47/3a475fb187ffe4c5057f274053d4fb169b29406ccc6fb3b2ae4193039f83867b.php
No syntax errors detected in ./.tmp/phpstan/cache/PHPStan/3a/14/3a14f5fd517e13a5c1de4e2d72c7e1abd9e731b6c233299e291e678c44133891.php
No syntax errors detected in ./.tmp/phpstan/cache/PHPStan/3a/37/3a376611b8c8dd69e8495f2fb722901ff63e5a1012555163ccd2663fe58dd750.php
No syntax errors detected in ./.tmp/phpstan/cache/PHPStan/3a/ae/3aae194dab39406a978d9d3b62b9a5fd31b88e492ce0bb5f48173c334819807f.php
No syntax errors detected in ./.tmp/phpstan/cache/PHPStan/3a/60/3a6042fc537d7de862ecfd6b8a36999fdb3b56d1ba47f5115bd2a83012e61843.php
No syntax errors detected in ./.tmp/phpstan/cache/PHPStan/85/4c/854cda6479e27d35ead6d55defcc949ee097c9c0c58f5f7c03c0799d6873f81a.php
No syntax errors detected in ./.tmp/phpstan/cache/PHPStan/85/7f/857fa67c257e91c3760984b8969f2c47e89ebe7de328f8bb28c34a97fcc00691.php
No syntax errors detected in ./.tmp/phpstan/cache/PHPStan/85/24/8524527e6b76976149d89fdc58546e29a66b95597c98262325faf397797ec35b.php
No syntax errors detected in ./.tmp/phpstan/cache/PHPStan/85/8f/858fa837458fa04895b29af0798a7aab7b7723204d4e87abfe86e8060a17460f.php
No syntax errors detected in ./.tmp/phpstan/cache/PHPStan/85/58/8558b20e4a5d5243bf1d743454f0beacac1c9a8d3dcb82c873798303b95b4449.php
No syntax errors detected in ./.tmp/phpstan/cache/PHPStan/85/3d/853d2b0589b12895e90c7a7816cedd1a5c581fb872e63fd899c99789a6cdf5f5.php
No syntax errors detected in ./.tmp/phpstan/cache/PHPStan/85/d1/85d1cd8cebdfbfe9fa0281a963e5302dbeafe72459a3eeace1204b4a9ae6116d.php
No syntax errors detected in ./.tmp/phpstan/cache/PHPStan/85/f9/85f95c2fa945de38658aa22a63c47e4e52622f513c4696155bb3715ccc12309f.php
No syntax errors detected in ./.tmp/phpstan/cache/PHPStan/85/f9/85f9ab6fa886c255356e24c61988f64af23e185f1319cf3b12cbc851669a9c98.php
No syntax errors detected in ./.tmp/phpstan/cache/PHPStan/85/bf/85bf857847c2d34371830bed11dc3d2be94660863784719f3b20252229971529.php
No syntax errors detected in ./.tmp/phpstan/cache/PHPStan/85/c8/85c8eb8940217d026c846a0cd882eaaffbbe76ddeade09b89b6c68976ac5ad0d.php
No syntax errors detected in ./.tmp/phpstan/cache/PHPStan/aa/46/aa46b78c6fd0f07b24eb5794d8eec32ae2ec5509499925e8be7e622cbb47d257.php
No syntax errors detected in ./.tmp/phpstan/cache/PHPStan/aa/35/aa35be063362d2cb171cb8fc3dfde012017d2cdc22d4ca86e8a181023ac57b0f.php
No syntax errors detected in ./.tmp/phpstan/cache/PHPStan/aa/79/aa7935adc4090b0e13c3b33ab4621647e0fb7ea1a94c339a3fa4b99ab25cca95.php
No syntax errors detected in ./.tmp/phpstan/cache/PHPStan/aa/42/aa42290ed157b706821a528ac570b35a90599795c8a81e833615267a0dde1b5c.php
No syntax errors detected in ./.tmp/phpstan/cache/PHPStan/aa/9a/aa9a27652a32b7ccdc030e2ca88c126a100db479d46479e703a2cf8aa8022b89.php
No syntax errors detected in ./.tmp/phpstan/cache/PHPStan/aa/01/aa0104e2fce27b6b7d3b0f2b19d280657dbefa05688b0647ac0fd1f3ef0ca8f5.php
No syntax errors detected in ./.tmp/phpstan/cache/PHPStan/aa/74/aa748dce90ee5acfa94907e3eb5c693cac108ec546fe03882eee9092740bc196.php
No syntax errors detected in ./.tmp/phpstan/cache/PHPStan/aa/97/aa97ede7774d927da5bc3f06bc64ac32a40dc8ce6cea8e3553b33b7d12d351f3.php
No syntax errors detected in ./.tmp/phpstan/cache/PHPStan/aa/c1/aac17080e3a1f396c5636408c0244fe0f8dd81be3456e7d02efcf4a9f33e0285.php
No syntax errors detected in ./.tmp/phpstan/cache/PHPStan/03/be/03be8ce0d1b71941f28092bb941df130bcb29fe1d5189abf980fe813e5174300.php
No syntax errors detected in ./.tmp/phpstan/cache/PHPStan/03/66/03665a9d8753a13e6d76860ec27e45880dc3d686abc3dfb402787d769499ee37.php
No syntax errors detected in ./.tmp/phpstan/cache/PHPStan/03/fb/03fb102b576af5179a38635b52d7cee19f7f748ce8b4574210c08689a119fbdd.php
No syntax errors detected in ./.tmp/phpstan/cache/PHPStan/03/33/0333d71d5d116f9f50ac6e1468e3b103d4accc0686817255ee372bbab291c966.php
No syntax errors detected in ./.tmp/phpstan/cache/PHPStan/03/40/0340b0c461a3ceb3c883fd793bf55083d34eef7933e7f10de8c1984658207c5a.php
No syntax errors detected in ./.tmp/phpstan/cache/PHPStan/03/d1/03d129edf0a7ab678456075bbbbe6a69e14978fd975ef835a0e769fcb1b37be2.php
No syntax errors detected in ./.tmp/phpstan/cache/PHPStan/03/04/0304046702a12f4aede0f2bcfe1408c89a80b22a824486ce1b7b8c96aafdafa4.php
No syntax errors detected in ./.tmp/phpstan/cache/PHPStan/03/0e/030ec334eae82ef89636b7fd2ff8b229d611014fdfe1eaeac353783c05eca440.php
No syntax errors detected in ./.tmp/phpstan/cache/PHPStan/03/4d/034dd2b664818703259c0163acfdb0420e83eb77651c6991523657172c0ca7e9.php
No syntax errors detected in ./.tmp/phpstan/cache/PHPStan/03/34/03343818e2dfdcc9312fd27db7123fe20ccd55019c051c032d44e1f410ac5713.php
No syntax errors detected in ./.tmp/phpstan/cache/PHPStan/03/0f/030f046cd7d83954b3c40658d687f7c19ca246661f5263a351a159ca6791ad04.php
No syntax errors detected in ./.tmp/phpstan/cache/PHPStan/03/ca/03ca796618dd929f9def65c1d6c28ff2a02f0534632058ad15621e18f8e91f8c.php
No syntax errors detected in ./.tmp/phpstan/cache/PHPStan/60/79/60798cd2f0edeb1eb80f19ab5c0663ccd465f3cb6262f4877623baf70d69df0a.php
No syntax errors detected in ./.tmp/phpstan/cache/PHPStan/60/fd/60fdfbac6429ff6aff7a2f19ea9624f849462a25b0c5c8a38214425826e125af.php
No syntax errors detected in ./.tmp/phpstan/cache/PHPStan/60/a0/60a008ab372b4285d34a53f8c42a2db7d5a2f1e945433efd493edae7041f2e7e.php
No syntax errors detected in ./.tmp/phpstan/cache/PHPStan/60/ca/60ca9e82ed1ff43573d1703e0f06d7669e7d6f160ac736e1337e3ac96e794914.php
No syntax errors detected in ./.tmp/phpstan/cache/PHPStan/60/62/6062bb2ed52c7543bac7fba0451d988116d971d6b4d5cbd635917f4190db89fb.php
No syntax errors detected in ./.tmp/phpstan/cache/PHPStan/60/2f/602f03d657a06bd83446eb5b303d3d3bfd3bb16c17071acedab76b518c7f5d23.php
No syntax errors detected in ./.tmp/phpstan/cache/PHPStan/ba/be/babed13a729347a150ff6a230486b165e68c83a3d2bae479d3391d0d3251e8bd.php
No syntax errors detected in ./.tmp/phpstan/cache/PHPStan/ba/da/bada5b3775b72c5d73650747986247fbfa5baaffceca2b7f6f4d8ca424351428.php
No syntax errors detected in ./.tmp/phpstan/cache/PHPStan/ba/85/ba854e29594d2d2e130cefe388d920b96ab0380b7f815f70f8242c09e2e3c448.php
No syntax errors detected in ./.tmp/phpstan/cache/PHPStan/ba/1d/ba1db1fa9cf74c087fcc8032eef383b48c089b7928238ead857522336a16a7ae.php
No syntax errors detected in ./.tmp/phpstan/cache/PHPStan/ba/2b/ba2bf0b2db74acd30da1ff54bda33ef00f558facbbd2c769fa86be68da56ab45.php
No syntax errors detected in ./.tmp/phpstan/cache/PHPStan/ba/c2/bac2baa7643d395db4103083369f680bd0d119a922a5b77581663fdf002c5f07.php
No syntax errors detected in ./.tmp/phpstan/cache/PHPStan/ec/06/ec06cd7532ca24a449276be5fa388225c8c7ae5a0eebe6d35ab170a6cdc95f8d.php
No syntax errors detected in ./.tmp/phpstan/cache/PHPStan/ec/a5/eca517d1d63316bc1876922a9d83996613562ff4258bd8fc85db77bd7084e225.php
No syntax errors detected in ./.tmp/phpstan/cache/PHPStan/ec/5b/ec5bca1cde147e21b8970b6285a63196493a8d3d75350c37fcab42caea66663a.php
No syntax errors detected in ./.tmp/phpstan/cache/PHPStan/ec/bd/ecbd8274175a56041dbd25660baac65b1e413ba88ccad03a3654ef445ddc9900.php
No syntax errors detected in ./.tmp/phpstan/cache/PHPStan/ec/24/ec24e251ccf117cff59c87e7c113f843d5a30ab0934c35c4a45f47eccbdf7cb0.php
No syntax errors detected in ./.tmp/phpstan/cache/PHPStan/ec/24/ec247b24cc1055edf77e742a387f6493f6d7da482951590f6e8e56ff605b2d87.php
No syntax errors detected in ./.tmp/phpstan/cache/PHPStan/ec/3b/ec3bd676f25ff1e27b8ca4e89e8f6a1a999508e2995e1631d75d743566d7a2ce.php
No syntax errors detected in ./.tmp/phpstan/cache/PHPStan/ec/7a/ec7ae297008e575e252e6e5c97ba8d00955ea229b91776826fd00d63764c421a.php
No syntax errors detected in ./.tmp/phpstan/cache/PHPStan/ec/cb/eccb593908e2cb760dd1d9588896710fbf36cb76dbf2e104ef6c5bce170fd308.php
No syntax errors detected in ./.tmp/phpstan/cache/PHPStan/ec/ba/ecbab0617a1a80180d60657bbd98bd00c2d69b15b0f1784e6c6dfae503f965f9.php
No syntax errors detected in ./.tmp/phpstan/cache/PHPStan/ec/b6/ecb6deac3a415495c1f96487df0ab76b8381fd44b3676e5e92fadd1b46c0b949.php
No syntax errors detected in ./.tmp/phpstan/cache/PHPStan/ec/84/ec84ae28e5325feec408fdd361aca47e4505bdfc1a584b0388196ba31e6f9765.php
No syntax errors detected in ./.tmp/phpstan/cache/PHPStan/6f/27/6f27ed537d9ac790e60ddd25387a804b1422d9ccf987a06b0e3cceecfae79e28.php
No syntax errors detected in ./.tmp/phpstan/cache/PHPStan/6f/88/6f888d358ec00f3166ec0c0e3b1148c25bd4e9c788a09cf9084a0741c6d4736f.php
No syntax errors detected in ./.tmp/phpstan/cache/PHPStan/6f/33/6f3392a92d6f8527895d69e33eb5f351f8643b6c682558a9b8d2eb9d119b870a.php
No syntax errors detected in ./.tmp/phpstan/cache/PHPStan/6f/92/6f92835fc7179e6bd730d891e188ac4a1c77fe35a421eaf8d84a45cc247aed38.php
No syntax errors detected in ./.tmp/phpstan/cache/PHPStan/6f/ec/6fec924275c2ca102e8ae8e0a0c2a55a045c1fd981d339bdf1dfdc8d8bae2c9c.php
No syntax errors detected in ./.tmp/phpstan/cache/PHPStan/6f/ec/6fec8b119463bd25c582c5ee69c555ebaeeaf4dcbe1d651f1f926184e22ba383.php
No syntax errors detected in ./.tmp/phpstan/cache/PHPStan/6f/21/6f213e7916fbfc34bbef896c6743c991eb8526176e9d9aee040e0f284713151c.php
No syntax errors detected in ./.tmp/phpstan/cache/PHPStan/6f/e5/6fe5144560c48a6d6932b4382efeb7fdf8da482ce83c29f8f6e6ecc1d369246a.php
No syntax errors detected in ./.tmp/phpstan/cache/PHPStan/72/15/72150688bc3a907dbc4aade17c1e47db67ab376003fd23b5146ed02b688c90da.php
No syntax errors detected in ./.tmp/phpstan/cache/PHPStan/72/37/723789d3bc96cbb1f95490b5492375ed576b90d0118a236f9f39dc31a6141504.php
No syntax errors detected in ./.tmp/phpstan/cache/PHPStan/72/d8/72d8094e1814e6b5150f2a4b092a49ae42ff5032239df6ee13731d28d81772ff.php
No syntax errors detected in ./.tmp/phpstan/cache/PHPStan/72/70/7270300f18e599bd89a7d432eae0ecfe68ede45a2c7b07f05fc54c1efbb72808.php
No syntax errors detected in ./.tmp/phpstan/cache/PHPStan/72/ea/72eafc678f4e151b4da9e867d5402e9523302ba6ae9c3a070de0b6f1baec831f.php
No syntax errors detected in ./.tmp/phpstan/cache/PHPStan/72/1d/721d756bf29e4282f5064d28f44f4c7d14117a68bd06e06a45bebbaae9dcafe1.php
No syntax errors detected in ./.tmp/phpstan/cache/PHPStan/72/99/7299cf942dadec50b4169b4108a748596fdbb25f84dc4a2d384cf956bf176ad3.php
No syntax errors detected in ./.tmp/phpstan/cache/PHPStan/72/2b/722bcbab80039296fa92cc6f4b57536f435b700f8e1cdce6104d4bccf6a9febd.php
No syntax errors detected in ./.tmp/phpstan/cache/PHPStan/72/5e/725e79d489a191403cf3f9510ad2e1da2f15a1cf59eabdf6f21dbfbdab4bd2f5.php
No syntax errors detected in ./.tmp/phpstan/cache/PHPStan/ea/a2/eaa240d918bf6d8781a84839ee21d70b00fe72151d9733292c2bbeccb05ff078.php
No syntax errors detected in ./.tmp/phpstan/cache/PHPStan/ea/8b/ea8bfa8bb26b9d8f3e133b4dd51b028da1b097959044257ddaacdd930ef44d5f.php
No syntax errors detected in ./.tmp/phpstan/cache/PHPStan/ea/8b/ea8b67759d396ba3ecb7d4e26e61e22709c3a7cc8af492c1169acbf45a605b80.php
No syntax errors detected in ./.tmp/phpstan/cache/PHPStan/ea/02/ea020e628acd39d01e1a5c0bba1c745bf0000626caf32b8e7d5d57d2e2bc7e1a.php
No syntax errors detected in ./.tmp/phpstan/cache/PHPStan/ea/58/ea58a5dd2d44827585ad3892aa57f649bf2bfd364e038c4225aa608bc73627e3.php
No syntax errors detected in ./.tmp/phpstan/cache/PHPStan/ea/26/ea26fe4f633b130e68fc328262513ebef542772dd1595374a3c9870031b0f963.php
No syntax errors detected in ./.tmp/phpstan/cache/PHPStan/ea/dd/eaddec82194b1d94cb3ee4ca58a32e739d7e404ba9f717de59a8c2aa719e8522.php
No syntax errors detected in ./.tmp/phpstan/cache/PHPStan/09/d6/09d6090935a84c2c84d3fe90fd5ff1cf14d419d0efd0dfef36761a0709e89ff1.php
No syntax errors detected in ./.tmp/phpstan/cache/PHPStan/09/f7/09f70980cd70c3039099066bc9aab57f55f83572a79922f7bf6bd6e699df578f.php
No syntax errors detected in ./.tmp/phpstan/cache/PHPStan/09/15/0915856890eaa8a70e675a482be3a2cfd7c4c3041ee6821ee06227a406ce2825.php
No syntax errors detected in ./.tmp/phpstan/cache/PHPStan/09/81/0981f15f7f23362fbfd9f0028a6a40cd2860e32f756b8afd21b8bfa1ffab23ff.php
No syntax errors detected in ./.tmp/phpstan/cache/PHPStan/09/a9/09a95ef4f90103839bdfaf52d4c037af31d5347c23f614f5e7885088303f1148.php
No syntax errors detected in ./.tmp/phpstan/cache/PHPStan/09/9c/099cde595d45668a91a648505bdf953cd1033af198fcf3193d6b296c8afa3905.php
No syntax errors detected in ./.tmp/phpstan/cache/PHPStan/09/8f/098fdd5721363cc8e47c2df254a5b15f3f3d8173c27e4fbfcc22731e93b74c42.php
No syntax errors detected in ./.tmp/phpstan/cache/PHPStan/09/77/0977a2d0071378364b1958486cd7e823d13114f92d566a8c8adb73eb11a984c3.php
No syntax errors detected in ./.tmp/phpstan/cache/PHPStan/09/ef/09efc7897212c53d6bca95f6dc1ab2296f43747a0b7cc62182d04c5f9715ea60.php
No syntax errors detected in ./.tmp/phpstan/cache/PHPStan/09/03/090305bedd12ab16264aad2f54cff5a316a0ac9e08e3e2224f8986562cffac31.php
No syntax errors detected in ./.tmp/phpstan/cache/PHPStan/09/f4/09f411609d3653f22957f7befb04ea93a8f2e2db1611f0cc28e29c8b07d6a0c1.php
No syntax errors detected in ./.tmp/phpstan/cache/PHPStan/09/1a/091a80b1d7dfa4babeb197380b89f5741285bf885908817f7aefb256dbb3d2f5.php
No syntax errors detected in ./.tmp/phpstan/cache/PHPStan/09/2c/092c7b355fad4274439586cb84874902be81a70900224a6595ace671e324b2fa.php
No syntax errors detected in ./.tmp/phpstan/cache/PHPStan/09/59/0959551ee98b18873736a337ce62b6660973d45988763f864e7bf1ec89846071.php
No syntax errors detected in ./.tmp/phpstan/cache/PHPStan/80/53/80539f46acd34565e5780390f3156124b10388a54e6ab779c427e37003a304c6.php
No syntax errors detected in ./.tmp/phpstan/cache/PHPStan/80/8c/808cd0ec79a1de72b845c20dfb78a6dff50627c6869eeabf71d2cf6f0bb15dde.php
No syntax errors detected in ./.tmp/phpstan/cache/PHPStan/80/b8/80b8adbc049edd5b2a88c529ce38e9d07d8481770c45062558b4495f9b185f9e.php
No syntax errors detected in ./.tmp/phpstan/cache/PHPStan/80/24/8024e91d53929b0e67d6539cbca2c4892f470f279bf61d7664deb49b14e74543.php
No syntax errors detected in ./.tmp/phpstan/cache/PHPStan/80/f2/80f23d880b0115265ce85539f3c0b2d5ee42327b69dd218b71745c7bc7a09da0.php
No syntax errors detected in ./.tmp/phpstan/cache/PHPStan/80/fe/80fe18486e7a9de4c846e97af4a73b395a55aebc0384a04cb47e8c971ddd9260.php
No syntax errors detected in ./.tmp/phpstan/cache/PHPStan/80/8f/808fcab5d7e0dfa116bf2b75e1a2f81b0a7105ce94ddadea24816d3d0c012ce9.php
No syntax errors detected in ./.tmp/phpstan/cache/PHPStan/80/f0/80f0c3f82861a8db88719fb3f93a8bfdf55c9e8dee8ba2c0e298d7a45c058e31.php
No syntax errors detected in ./.tmp/phpstan/cache/PHPStan/80/4e/804ef744329377ab988933b7472dbed4faa8b13993cf4885c07aa0907799455b.php
No syntax errors detected in ./.tmp/phpstan/cache/PHPStan/80/1f/801f8a2e92def3790c858f0aefe520c64718d43edd0ba39d85f88e11b8a8d47a.php
No syntax errors detected in ./.tmp/phpstan/cache/PHPStan/80/de/80de7f31b85e27426ad6b1366a752b99b65cea35550a9ad03e1a4a5523245edf.php
No syntax errors detected in ./.tmp/phpstan/cache/PHPStan/80/32/8032d8e5accc869975f857ad9ede065073b1775e559b3d7e462d4b57eaa034b4.php
No syntax errors detected in ./.tmp/phpstan/cache/PHPStan/80/6c/806cc6c836de1b21753a7c2af52691e33e3eeee68493403befb2895b4c743dde.php
No syntax errors detected in ./.tmp/phpstan/cache/PHPStan/ac/1c/ac1cddc2f8eb62e9e7c233c5a97033a280e69d92ee24baa7e02a29f8db785e5b.php
No syntax errors detected in ./.tmp/phpstan/cache/PHPStan/ac/25/ac25bb532acbad5d6e8a6b631f7b25ae39e1265cd6b5ecd45c04d3bb5e5f7c2a.php
No syntax errors detected in ./.tmp/phpstan/cache/PHPStan/ac/9e/ac9e2c85fbf78e75130394c1f4149c0900f6cb9b5a1baa1373b3fd1a44f74dc8.php
No syntax errors detected in ./.tmp/phpstan/cache/PHPStan/ac/9e/ac9ea24614b251e85451fee35c7c8fc0f32a983cbfb1d5cbbfae5a282740ea69.php
No syntax errors detected in ./.tmp/phpstan/cache/PHPStan/ac/9a/ac9afce29d3876692e217775a39b090d1ae50bf2ab7cfccc277b490e35de8dcf.php
No syntax errors detected in ./.tmp/phpstan/cache/PHPStan/ac/3a/ac3a6673f45063f9b552b9d18e7c008aa0c3c690a99df19b183aced18c5180dd.php
No syntax errors detected in ./.tmp/phpstan/cache/PHPStan/ac/3a/ac3a69e7525066e7a7463e572655814db1ac738ca711ea38d0ad1594c59450be.php
No syntax errors detected in ./.tmp/phpstan/cache/PHPStan/ac/85/ac85b8d3f1de96f95e7ca5c00dd79cb7acb75d98b0cd2de4cdeb0eb81f2d50dd.php
No syntax errors detected in ./.tmp/phpstan/cache/PHPStan/ac/0d/ac0d086399b34bb669dfd0fa561294a1c11621653f3005db59e57e91b4820bee.php
No syntax errors detected in ./.tmp/phpstan/cache/PHPStan/ac/22/ac22c0cbf1191687989341b5a2951b85bb9d66535e0c7111e6068e76c13db943.php
No syntax errors detected in ./.tmp/phpstan/cache/PHPStan/ac/b7/acb7a61225dc45084d1fb2d1fc940f8dd86f6a5a1f842c52c924f3cf0a0f6f2d.php
No syntax errors detected in ./.tmp/phpstan/cache/PHPStan/41/27/41274c1046a2bded0ee5736ab57a9f9688c592e4b0d7ff50686ec7749712bcf6.php
No syntax errors detected in ./.tmp/phpstan/cache/PHPStan/41/45/4145ab9d5957fe8910739caad31ea6a9d5f56c34ee881d6fcf7433c7aa709093.php
No syntax errors detected in ./.tmp/phpstan/cache/PHPStan/41/6a/416a7e1a79079927f578773cfa8efa72d861391507c1f41b993a3f39d78129e8.php
No syntax errors detected in ./.tmp/phpstan/cache/PHPStan/41/bc/41bca29619574a01891ea785b3d86ce5a2932f4631b0c58b1c10ce1e0d5c9eee.php
No syntax errors detected in ./.tmp/phpstan/cache/PHPStan/41/8f/418f4a737a9128556e01f9aa50d57c58ff7bd19deedbd436fa9139296165f445.php
No syntax errors detected in ./.tmp/phpstan/cache/PHPStan/41/ff/41ff15f78931dd27f9ecdb22087314ffeea54b64ee71a24ceffcffac15b9b646.php
No syntax errors detected in ./.tmp/phpstan/cache/PHPStan/41/ef/41efe1b8a77354dabbc992668c2685d15bce2c7e34d5f63ba5dfea2fb79ddbed.php
No syntax errors detected in ./.tmp/phpstan/cache/PHPStan/41/cb/41cb193e997c181e71d0a999db0b4981b6d9185e864cebd53b2f2f6b11c37646.php
No syntax errors detected in ./.tmp/phpstan/cache/PHPStan/41/09/4109de36d16964af5d6e6741f2cd5c7c3429f80d8a7e9f860bc476f1350bb3cd.php
No syntax errors detected in ./.tmp/phpstan/cache/PHPStan/41/80/41800919e53a31e5655673e9ecd21d6381f7eeb760acbd2ca0b9e5f67448686e.php
No syntax errors detected in ./.tmp/phpstan/cache/PHPStan/41/08/41082f49bb0e5edf037c05ce7bb70cd1c8cf2c7abc123065fa3186c76e796135.php
No syntax errors detected in ./.tmp/phpstan/cache/PHPStan/41/dd/41dd92a924f384b4c6ef181e5b55ef9ab204de22a006c8623e7e1a2dfbc8d8a9.php
No syntax errors detected in ./.tmp/phpstan/cache/PHPStan/67/15/67159ede91c3604c1bf550a1c5683f57b584050f49bbbd9194776f9cd8f2c7e4.php
No syntax errors detected in ./.tmp/phpstan/cache/PHPStan/67/a9/67a9baaec5e7f70016170fd3939090544a76ade5d073d5c54dfb39dce00f4755.php
No syntax errors detected in ./.tmp/phpstan/cache/PHPStan/67/b5/67b55b818a377244190b6ef1cd11f585434bb06966c7a8e29818b796536ff155.php
No syntax errors detected in ./.tmp/phpstan/cache/PHPStan/67/7e/677eddc7750c687be5e757a4692f59f792029a56735b64272b501c0617e6b8d0.php
No syntax errors detected in ./.tmp/phpstan/cache/PHPStan/67/3f/673fec7db0ef37ff39b741b03c0b0c23e348f64aad481927d01c87bf1f958117.php
No syntax errors detected in ./.tmp/phpstan/cache/PHPStan/67/3f/673fc77e4fd2d022bd9016a6b0490494d1ee0f0198eb5033a7e5cac7ea8af04e.php
No syntax errors detected in ./.tmp/phpstan/cache/PHPStan/67/b6/67b6dcc35f53b59810b76c87ffcdaee4e02059c628494d4c9fe0eb3b910d8b18.php
No syntax errors detected in ./.tmp/phpstan/cache/PHPStan/67/b1/67b12db4d7a0e8b773802919fe1814a011ba2a7cd5c6bbe9edca1582729854c2.php
No syntax errors detected in ./.tmp/phpstan/cache/PHPStan/67/a0/67a0daf3cfb3726155154f19b9eff21b6180cafcfc6bcbe26f68fe9c531dc6ba.php
No syntax errors detected in ./.tmp/phpstan/cache/PHPStan/67/18/6718dfd6eef926b7aabefa2702d7bfc99d3afeb8ca472f20775ce74e79e8f11f.php
No syntax errors detected in ./.tmp/phpstan/cache/PHPStan/67/b7/67b7c6a3a15f6c61bb9d6811244c1dc2cdb5ffa68029d4237863395faab6d691.php
No syntax errors detected in ./.tmp/phpstan/cache/PHPStan/94/c3/94c3a218e6b71ab068ac0709d3cc3c2c70f3c68bc8d4fd408e06eb83d796418e.php
No syntax errors detected in ./.tmp/phpstan/cache/PHPStan/94/fb/94fb3c5319334636baaff6ba5c68b226e09aca6be3bccaba3fb6c908c49cfac3.php
No syntax errors detected in ./.tmp/phpstan/cache/PHPStan/94/25/9425f457e60331bf36219419bb21d1c6648e18edc6e84dc5f5bdb0d4668c2777.php
No syntax errors detected in ./.tmp/phpstan/cache/PHPStan/94/39/94392dcf841f7bb67b7a35c9c5170618a0db536a46e34c5f9de8d3c956de4d09.php
No syntax errors detected in ./.tmp/phpstan/cache/PHPStan/94/39/9439b8da306680803289177242c70d564cfd1f066b2719bfe56ac4cdb3b8baf0.php
No syntax errors detected in ./.tmp/phpstan/cache/PHPStan/94/89/9489852678e9670514067bdcd3040f0202d612f5ebf7a7c9dc59e55345f332b2.php
No syntax errors detected in ./.tmp/phpstan/cache/PHPStan/94/57/9457715888dc1f6648d9d7da66aad2d8811146ed7a147b0147b8def0d2ae1fa1.php
No syntax errors detected in ./.tmp/phpstan/cache/PHPStan/94/04/9404d2932db79453f22f8a309a7b0a0faa6b189f5302db97c2e87b98a12474bb.php
No syntax errors detected in ./.tmp/phpstan/cache/PHPStan/94/f6/94f670b7a06a17696b4a1b4ce69cac3d988c4e91a65879f16a322848ac55dd16.php
No syntax errors detected in ./.tmp/phpstan/cache/PHPStan/94/03/9403d93ca6166781b5377794ecd07a615b6a6574b9e959402b1b6056dcd83e97.php
No syntax errors detected in ./.tmp/phpstan/cache/PHPStan/94/03/940326e000ba4e34d0d4c519366ac0d5ea91925c3ef0c79a277135d9afd78828.php
No syntax errors detected in ./.tmp/phpstan/cache/PHPStan/94/72/9472a3e45f6e7cd506cec34cdf9485c4819b20a0820e0e4fef2695d89297cd48.php
No syntax errors detected in ./.tmp/phpstan/cache/PHPStan/94/ab/94aba440b1e69ace127e9c08f399e27798da21a173e9c311a2f8b72bd6a4d5c3.php
No syntax errors detected in ./.tmp/phpstan/cache/PHPStan/94/68/94686c62afb214b99f15800f2f60a6c767e4cbe6e173bf054b793fdeaa0d3f39.php
No syntax errors detected in ./.tmp/phpstan/cache/PHPStan/90/a2/90a2a0b4dc3c37a1c58d4af30ec41754bd7194fced5b49e8e0a6ca5550376b77.php
No syntax errors detected in ./.tmp/phpstan/cache/PHPStan/90/24/9024a72e64ee333bbc0f2acb01a9f8d2813ac04577e354883f18a89e296af5a3.php
No syntax errors detected in ./.tmp/phpstan/cache/PHPStan/90/ff/90ff5fb01acb8c7d3ec79031d98beb778b1e72284966235c83b288e49506c5a3.php
No syntax errors detected in ./.tmp/phpstan/cache/PHPStan/90/9f/909f2ba0914c6a45b504e49f92129ff8c40687875c353e37735f053f601e582a.php
No syntax errors detected in ./.tmp/phpstan/cache/PHPStan/90/80/9080a06cad395ac6d5e985e8c25dcde0d565bd07079416274319f09832067452.php
No syntax errors detected in ./.tmp/phpstan/cache/PHPStan/90/69/9069abaa01e01bb895db6c58a909397e8b1ab9eb748adc35039fcbea560400f0.php
No syntax errors detected in ./.tmp/phpstan/cache/PHPStan/90/e0/90e038000cfe03242cdc0a635892cdfa52a52f39e524438d961d6a8f84ba88a8.php
No syntax errors detected in ./.tmp/phpstan/cache/PHPStan/90/ca/90ca0b196b5a9b72c27f811f69e6cde4a6141f75b57edf943d042d90f93da52d.php
No syntax errors detected in ./.tmp/phpstan/cache/PHPStan/9d/30/9d30e8c5c95057356e33a5d465800971ff3bf28b3808dbeb51938b2431775947.php
No syntax errors detected in ./.tmp/phpstan/cache/PHPStan/9d/79/9d79f9b8e6d682dd37cd7b076424efbc4162d9813bc3c56b713062ba3d57a114.php
No syntax errors detected in ./.tmp/phpstan/cache/PHPStan/9d/56/9d56e76222e401a28da90d9dbd1ee56040c2ac46c30e577f74752e7a8aafaa5e.php
No syntax errors detected in ./.tmp/phpstan/cache/PHPStan/9d/33/9d3399c8edc6caaf6f1fb0c770aa6f5568d27bc8f88a07e688da8914cfe3ddbd.php
No syntax errors detected in ./.tmp/phpstan/cache/PHPStan/9d/05/9d056b6510139da4da6d3ba8c003ac96884832ae1e439a3cac36bf4d521c6550.php
No syntax errors detected in ./.tmp/phpstan/cache/PHPStan/9d/65/9d6542f00fcf12602eda9bf5c2379fcd09a8e70252e2cee78f358399605685f3.php
No syntax errors detected in ./.tmp/phpstan/cache/PHPStan/a7/5c/a75cadb979b6f82885b29719eb32f16465ec865a5aed4ceb83e6d1970fe1d1ec.php
No syntax errors detected in ./.tmp/phpstan/cache/PHPStan/a7/ff/a7ffde553c770278a4e764d2f41807f55e5e6c8b40a0069888d11d1ab4cf98ab.php
No syntax errors detected in ./.tmp/phpstan/cache/PHPStan/a7/aa/a7aabb1e149590b68bb14b67b281866c21ae43b3ba75ce0e1a43ed4e9500d93f.php
No syntax errors detected in ./.tmp/phpstan/cache/PHPStan/a7/08/a7085edc033053583405c15da526756e6ad4b764c819870bad9356e7da596050.php
No syntax errors detected in ./.tmp/phpstan/cache/PHPStan/a7/c0/a7c0e53fb9e42dcfccb0b29bfd0bd72ab0d71a35cfc8c2ce589b43e4ba7eca5c.php
No syntax errors detected in ./.tmp/phpstan/cache/PHPStan/1d/a3/1da3c2989787ebdf0f56a57a66022049b1a1d2c4bf8c100363fa595be87f3ced.php
No syntax errors detected in ./.tmp/phpstan/cache/PHPStan/1d/7a/1d7a58c2309f795f7af3cc304152d5cec6de8b14fc59b65996cf259fe0954958.php
No syntax errors detected in ./.tmp/phpstan/cache/PHPStan/1d/af/1daf5beabdf9ecbfb25a0713975b76d1424faa11c8157baa59129289e129d8e3.php
No syntax errors detected in ./.tmp/phpstan/cache/PHPStan/1d/50/1d50103fb13e797eac442bad6cf6b5a7d7124438e04b01595775d1d1008d6dd0.php
No syntax errors detected in ./.tmp/phpstan/cache/PHPStan/1d/4d/1d4d40b8a8f250d8abaed9f53ab9c13061833aa2f76e6cfb66a707bc055c4a3b.php
No syntax errors detected in ./.tmp/phpstan/cache/PHPStan/1d/23/1d233e4d4b844333a85d92e9637b8f05fe690bfe1133f6a45d3cf680522c7abf.php
No syntax errors detected in ./.tmp/phpstan/cache/PHPStan/1d/c7/1dc7047df682d76ba40e7fb281e33a289fd0b137beacebdea2ae64dcaad18709.php
No syntax errors detected in ./.tmp/phpstan/cache/PHPStan/1d/2b/1d2bd67f8c6d3fcd6e6a432dc94ccae4e7d0e8c3ab41dbb295d95fabd06bffb9.php
No syntax errors detected in ./.tmp/phpstan/cache/PHPStan/1d/65/1d65388f1347d3ee581a85b63c5e4fa0ae6548d4ae82650776b496cc215bc813.php
No syntax errors detected in ./.tmp/phpstan/cache/PHPStan/08/f7/08f7761f7e7457a2a920aa20e9153ebde3910fd8c3403370eb206e3ebf27c32c.php
No syntax errors detected in ./.tmp/phpstan/cache/PHPStan/08/fb/08fb991ef4d6d75e257915a439e4d094e006f9e2b5e7497ebe12d9eb28f8da23.php
No syntax errors detected in ./.tmp/phpstan/cache/PHPStan/08/8d/088d1e7c624d81b7e7c1272d840e89bfa70823e984f064fe6cc15fae3046b2ef.php
No syntax errors detected in ./.tmp/phpstan/cache/PHPStan/08/79/08795ac48aa8280a5579f1a0958eabb219d5581c79636526793603f8220cb0c6.php
No syntax errors detected in ./.tmp/phpstan/cache/PHPStan/08/f2/08f267c94178775ff3fcddda35dc1ec06c1933a965cb41b9987481eef01d417e.php
No syntax errors detected in ./.tmp/phpstan/cache/PHPStan/08/cf/08cf2251d9f8ce32bf371192fbcbd0bac9ec389565a07d7ec30922c72c4fdb9a.php
No syntax errors detected in ./.tmp/phpstan/cache/PHPStan/08/d5/08d54b24414e1f2bcafb0678afa11c5aa773c928a6e6a042e981fc9e1bed8c75.php
No syntax errors detected in ./.tmp/phpstan/cache/PHPStan/08/e1/08e1b7edd81796a1697dbfc03550bc0f076ff4e38c53be63ebbf124e58d1b8a9.php
No syntax errors detected in ./.tmp/phpstan/cache/PHPStan/08/e1/08e11ea2cc735d3446d3a1d982f4219e4152694090f892badd3c5733bae4ccf8.php
No syntax errors detected in ./.tmp/phpstan/cache/PHPStan/08/9e/089e328ad8aadbe7bfa398306505f9db028210868f08a793d30dc23dc6f09c60.php
No syntax errors detected in ./.tmp/phpstan/cache/PHPStan/08/8a/088a31d64eb695be028d3591c984bf057759ba1a2fae778977386388401f415a.php
No syntax errors detected in ./.tmp/phpstan/cache/PHPStan/08/85/0885e12a53365989175beaa4032a75f383448f3d03f97ffbbd2bd2b04af6f1b3.php
No syntax errors detected in ./.tmp/phpstan/cache/PHPStan/08/43/08431c82257804916c05a266f0ddce13e8a668c38a6c3d85eabed3c5e96e809c.php
No syntax errors detected in ./.tmp/phpstan/cache/PHPStan/08/dd/08dde3c4c7cf1b50e3ed9a30417ac03ed7221674fe2e70a37ca2590e4f4ed05b.php
No syntax errors detected in ./.tmp/phpstan/cache/PHPStan/08/59/085916288860a7320cc3fe341a99ac5bac1fdd9fc111cfd51bff7475e606aee4.php
No syntax errors detected in ./.tmp/phpstan/cache/PHPStan/69/8c/698c4e3e2fbfa47e031468c5ab43240ea635a32a1b220f08863a0fdcff4ef0e2.php
No syntax errors detected in ./.tmp/phpstan/cache/PHPStan/69/3b/693b623f58c087ee8547610873e7f34fd604c106ac0d65bf633e98604f1fd2f5.php
No syntax errors detected in ./.tmp/phpstan/cache/PHPStan/69/f2/69f2f30bf3140d101476b30bc78da5376defc6ddeaab413b62d4694860c31266.php
No syntax errors detected in ./.tmp/phpstan/cache/PHPStan/69/ce/69ce8bf19730687c2c7b9a1df7f6d4bbc09b7643a3cf744049fa21db3bd0fab6.php
No syntax errors detected in ./.tmp/phpstan/cache/PHPStan/69/f8/69f8b405b6b0a252138e9d6563fd72d2c4ef2373a3150887bc6ab9bddd832aa4.php
No syntax errors detected in ./.tmp/phpstan/cache/PHPStan/69/e2/69e2ed67f67645e014b830418388981fb8823bb5a8a864d8f57abc7a26808e58.php
No syntax errors detected in ./.tmp/phpstan/cache/PHPStan/69/90/69909562da3e64289bbe8e851bdf2b736f2c2e56370239cdae56901487377156.php
No syntax errors detected in ./.tmp/phpstan/cache/PHPStan/69/78/6978ce97ef02bafcf3d633e658a1ca3b5cbd522bbb80076ea007f20c6a0319f3.php
No syntax errors detected in ./.tmp/phpstan/cache/PHPStan/69/0f/690f3275dd854d10294f2c87e92146b908ddd95d2c03e42af27b131024f47007.php
No syntax errors detected in ./.tmp/phpstan/cache/PHPStan/69/84/6984bad53a0dcfdd6e5cc643f3aeafe1b6d6f7d91b6dbc81ec0c9398ed18f682.php
No syntax errors detected in ./.tmp/phpstan/cache/PHPStan/69/f1/69f147b3c2ab1f949f217d311c5145430c3663f508f3c99d90b8463481f535c5.php
No syntax errors detected in ./.tmp/phpstan/cache/PHPStan/13/44/13443dbde55cfa95c34f6dc4efcc3a0b9aa21118049fc56d7ebc7c2c1509eba1.php
No syntax errors detected in ./.tmp/phpstan/cache/PHPStan/13/6b/136be24e33c5d2b8aed6f67bcba4f9419abe404f4f371951140d650380a00781.php
No syntax errors detected in ./.tmp/phpstan/cache/PHPStan/13/6a/136a19d08a65e71b3c40a3ea4ffea4142e57fc92de57d16034e607b641f6040c.php
No syntax errors detected in ./.tmp/phpstan/cache/PHPStan/13/28/1328d37d8b130a508f55a7ab042e3f6c46ccf85d94c38027f11035935e12ac5f.php
No syntax errors detected in ./.tmp/phpstan/cache/PHPStan/13/3d/133d448858d1dfa9f46c38c06260f765586324e18d9c32ecf975ad073964f314.php
No syntax errors detected in ./.tmp/phpstan/cache/PHPStan/13/60/1360ea366fc039701df24c4c052574e2f58d4ae046fb689028a007a2c02002b7.php
No syntax errors detected in ./.tmp/phpstan/cache/PHPStan/13/84/138480001dfd1622e29634d6eb4a4a51a64993b8c6deb4326a86f8fafbeccb4a.php
No syntax errors detected in ./.tmp/phpstan/cache/PHPStan/13/b7/13b784914b915abb0d9a8243fc29a4a1528d443dd4255cecc1504228a2d3480b.php
No syntax errors detected in ./.tmp/phpstan/cache/PHPStan/13/b7/13b70b7c372fd8141eb7f711b5d997be0fc15887c805655a578de7434773c0b7.php
No syntax errors detected in ./.tmp/phpstan/cache/PHPStan/bf/8c/bf8cc9aadcbd473891be68f2ea5d8067d52ffcc8ceb6f48519e3dd2ab53c28bf.php
No syntax errors detected in ./.tmp/phpstan/cache/PHPStan/bf/fb/bffbd9787f64da7effea7d68c17000b42d727baf61b18de382bbaabf99edbd87.php
No syntax errors detected in ./.tmp/phpstan/cache/PHPStan/bf/1e/bf1e0af7e41daa5d23d8ec7322ef4b05275c97b13a473ea0cb3201cce155a156.php
No syntax errors detected in ./.tmp/phpstan/cache/PHPStan/bf/3b/bf3bf3db9afc3ecdc07a3af3a69d49cb5378e00d3043d3c6cbc2d29b3b8f3211.php
No syntax errors detected in ./.tmp/phpstan/cache/PHPStan/bf/f8/bff8ed9f9101a6614e5d426cb79cc769e99761726644666c2be8087dacc87652.php
No syntax errors detected in ./.tmp/phpstan/cache/PHPStan/bf/9e/bf9e08c16e45f0d3c9917ca270d9e2eb3b0b0ed85a689d1f4cf68211ae4bc74b.php
No syntax errors detected in ./.tmp/phpstan/cache/PHPStan/bf/cd/bfcd0571ad870d63cfebe8c4027c30f4a65759c35e9e8e4817e564eeeb6ce9be.php
No syntax errors detected in ./.tmp/phpstan/cache/PHPStan/bf/7a/bf7a3b1611f15e116b2f1719f2ea4b74c848c3cfd281973bfa5c2847107dfdb8.php
No syntax errors detected in ./.tmp/phpstan/cache/PHPStan/bf/f3/bff3da0fc9771dc65fc29a1ab71f0fb07550ced351c1894a2c7b1b81ec4c361c.php
No syntax errors detected in ./.tmp/phpstan/cache/PHPStan/bf/ec/bfec6810281b32e0e0a3b94e7c8f0c8b01304dc1054bd1803b2e9b608ca7122c.php
No syntax errors detected in ./.tmp/phpstan/cache/PHPStan/bf/67/bf676b77a46f6bf939da82e0bf7383cc4553c4f2002e23491d934660d6a3f2db.php
No syntax errors detected in ./.tmp/phpstan/cache/PHPStan/bf/0c/bf0cf95e7c5dd8ba0022a9ca47892ef2ab4d64d47ca3e6c7b66ef18331904318.php
No syntax errors detected in ./.tmp/phpstan/cache/PHPStan/32/bd/32bd783f49f272678ec43fbd5556b3ad2a4e054519ff8507b356d09ef3320f2f.php
No syntax errors detected in ./.tmp/phpstan/cache/PHPStan/32/88/3288fcd921253bd44e5c02218d88442d838b4d2446e3d21487e58b7d9a28f0d1.php
No syntax errors detected in ./.tmp/phpstan/cache/PHPStan/32/12/32125e0676f530d7e93685b5b94c861c7366d9e68da8da60a2b91f081fecef67.php
No syntax errors detected in ./.tmp/phpstan/cache/PHPStan/32/cf/32cf105f4069eead2128569d0ac320f71b551443b8f9eb07313e757d37077800.php
No syntax errors detected in ./.tmp/phpstan/cache/PHPStan/32/cf/32cfb65711f750cd243741c9cdaa81a569656570ca35415f0b39c4d56f505e99.php
No syntax errors detected in ./.tmp/phpstan/cache/PHPStan/32/d0/32d060ab91c7f50a1a479ca6535f1b924c3ae237e7ed9058c2fb0a11907e861b.php
No syntax errors detected in ./.tmp/phpstan/cache/PHPStan/32/77/3277d11ab1e01643640fed8b05064e34830eac93623db788e8273c697c8d9e0b.php
No syntax errors detected in ./.tmp/phpstan/cache/PHPStan/32/09/32092514f684646285a6f9a67bf83fd57afb30a4494443a85af72bcc3e0bd0e1.php
No syntax errors detected in ./.tmp/phpstan/cache/PHPStan/32/75/3275f3332c1e0ae0cdb8bf68e62808f947e48f568ff9be99f50390b3e47309d5.php
No syntax errors detected in ./.tmp/phpstan/cache/PHPStan/4b/be/4bbe47d5bef0febef9309ffd187eb741f8c33396b5f5dbb0cd8657a0bab317fd.php
No syntax errors detected in ./.tmp/phpstan/cache/PHPStan/4b/25/4b25802741480abdaa04903e5748ad194e5855d254368e1a20178911b5c1a182.php
No syntax errors detected in ./.tmp/phpstan/cache/PHPStan/4b/89/4b89d17b1accd3228bd1527e607bbae42d649faab36a01cbf30e7e415e265632.php
No syntax errors detected in ./.tmp/phpstan/cache/PHPStan/4b/61/4b6192523bad2db4731128c81d67877777ae1dc19a54503a94ade2466bd29bb5.php
No syntax errors detected in ./.tmp/phpstan/cache/PHPStan/4b/1f/4b1f82f0b3d18c54b919ba7c103e306f36484a8e2ec98efb5f8d9a07b747a70f.php
No syntax errors detected in ./.tmp/phpstan/cache/PHPStan/4b/01/4b01b8d1da274deac4b23d7b23ddd40fdadc0b81236a506f82707f19dd70b6bd.php
No syntax errors detected in ./.tmp/phpstan/cache/PHPStan/4b/1a/4b1ac032e684ee51f017ffb27e2171e508d605ed6205add1812ee85c9b6e2faf.php
No syntax errors detected in ./.tmp/phpstan/cache/PHPStan/4b/7b/4b7bba87771ede281a8a30b4824c048b9831c0a298ebcc1492728d7dbeda8296.php
No syntax errors detected in ./.tmp/phpstan/cache/PHPStan/4b/e7/4be72c85dfee951bee0e6616a267131a432d9993caaab1cff74eb2756cc5b2dc.php
No syntax errors detected in ./.tmp/phpstan/cache/PHPStan/99/27/9927530fc9dce5c8f8014f5ff479fc5626d1daa564082aec949f5adef92c352f.php
No syntax errors detected in ./.tmp/phpstan/cache/PHPStan/99/6a/996af065a149ce74d138134a5fd2bae1986ab86f67e9cdcef8657fdd36bb9bda.php
No syntax errors detected in ./.tmp/phpstan/cache/PHPStan/99/2a/992a6e764d21773b84f4659b6f1c8d716803e2e9b7059944f4df759a77dec488.php
No syntax errors detected in ./.tmp/phpstan/cache/PHPStan/99/da/99dae2bad50784b6b8d6e6a32932ca8b0017af22413fa7c9f57d23c20c6ccbec.php
No syntax errors detected in ./.tmp/phpstan/cache/PHPStan/99/9a/999a1c8f2484889807e8e5b2a874a5d17831b1ea22625d27cc63b1fef4864e0f.php
No syntax errors detected in ./.tmp/phpstan/cache/PHPStan/99/74/99747ebc18df701c40c83ab029eb46cb9ebd4d4d04dc38250c867f123408cc55.php
No syntax errors detected in ./.tmp/phpstan/cache/PHPStan/99/60/99601a502906ce533676aff961f8542b564438ab6902e4cdeeef61dd59ca1ba9.php
No syntax errors detected in ./.tmp/phpstan/cache/PHPStan/99/60/99602b77182be00877804fc5c4f4328df02c87becfeebcc3ecbc1490935811c1.php
No syntax errors detected in ./.tmp/phpstan/cache/PHPStan/99/eb/99ebdaabdc94e5c602a9f0017c0f1fa9f404081bdadffafee91f9edc145f8bf9.php
No syntax errors detected in ./.tmp/phpstan/cache/PHPStan/99/e6/99e610af3d93780972dac566787187436e6b6f1ec8be586f797e4344c277cccc.php
No syntax errors detected in ./.tmp/phpstan/cache/PHPStan/99/2c/992c08965cb6e0d0504880956c31473db0c0364d00a23e1a642c631f8025f4ea.php
No syntax errors detected in ./.tmp/phpstan/cache/PHPStan/34/e3/34e3b3a38f988e68ce72a1c8282335a3662c291a94ce13b7a24acef994a775bf.php
No syntax errors detected in ./.tmp/phpstan/cache/PHPStan/34/30/3430c7fb559f3cc15d7d06392e019153095ba9e7e7bae3b366f04a5171969e62.php
No syntax errors detected in ./.tmp/phpstan/cache/PHPStan/34/f0/34f0e6d0d3a9b0584cd42c4ef766531cca4f4a805dd2eec606a82a26dee96a96.php
No syntax errors detected in ./.tmp/phpstan/cache/PHPStan/34/c4/34c45b0cfc94cb76648e0c8e67b28486acca4deb83c0d8228733968263111d37.php
No syntax errors detected in ./.tmp/phpstan/cache/PHPStan/34/ef/34eff628f9299055a9faa3b9ac9565e26b28394ef0036e45f3102a4539eef88a.php
No syntax errors detected in ./.tmp/phpstan/cache/PHPStan/34/de/34de0c4b91ce834ba8c470ea5b4d17ebb0620710aa77e6e8e5280ba9fd8339ac.php
No syntax errors detected in ./.tmp/phpstan/cache/PHPStan/34/16/341691218835f447f3a69608e8c34b59a3798be34ccd9129107dff2a6476b54d.php
No syntax errors detected in ./.tmp/phpstan/cache/PHPStan/34/aa/34aa4c7b093d53c81c078158a4414e0302022619204151cc735b8dea89892df9.php
No syntax errors detected in ./.tmp/phpstan/cache/PHPStan/34/03/34036cbd2a9c4615e7a69c65e570f0ef01de29e209a6ae063533cd8c13eff656.php
No syntax errors detected in ./.tmp/phpstan/cache/PHPStan/34/72/3472a4086daa9ccb4b290e6667462da8da061bfaef469256e42273de7463f417.php
No syntax errors detected in ./.tmp/phpstan/cache/PHPStan/34/65/3465a0f6c6d33adc3c907bca75e516cf0afcc04b980fa1a2ec67e6669a363cfe.php
No syntax errors detected in ./.tmp/phpstan/cache/PHPStan/34/38/34382080ac0c3a822cf4abbfefa41d214b30b04fdcbb39ca73b654fa19d2830a.php
No syntax errors detected in ./.tmp/phpstan/cache/PHPStan/d2/04/d204ce79e069417ab812f5d422a2bf7f7b699cd99e39fd9d96c3fb9de61fcebb.php
No syntax errors detected in ./.tmp/phpstan/cache/PHPStan/d2/50/d250e19f00dd35e7f4225ac409c5e4ed197b631337f0930826bbb8b223039fa3.php
No syntax errors detected in ./.tmp/phpstan/cache/PHPStan/d2/7b/d27bada67b65ac9f0301131e99d3b5b2c5b9d4759547e140d9fd39bdf082af7f.php
No syntax errors detected in ./.tmp/phpstan/cache/PHPStan/d2/19/d219f9a9364c7f788b8904f2928418e96179be7e5172d5eff8ce776d2e953c2e.php
No syntax errors detected in ./.tmp/phpstan/cache/PHPStan/d2/eb/d2ebaddaf9da3acfbc7e3cb6413762b5452447997c9b887750222d6c6fe6e701.php
No syntax errors detected in ./.tmp/phpstan/cache/PHPStan/d2/22/d2228cce37ebed28fe7c22d117a7d4d2ea0afcde14946109d92cb1d5efa4f69f.php
No syntax errors detected in ./.tmp/phpstan/cache/PHPStan/78/c5/78c56ac7ea4c95251c31d4b41c5fcd3f950b930ca1aaf757ad3c449fb90b7fc8.php
No syntax errors detected in ./.tmp/phpstan/cache/PHPStan/78/7c/787c0e1440233a940513566088275e4bce431720a8e654b311e0a556842e3dda.php
No syntax errors detected in ./.tmp/phpstan/cache/PHPStan/78/7c/787caa885b5bcd7dd3a8242dd704eda0268dc935cf490e25aa5bdebc0b866cab.php
No syntax errors detected in ./.tmp/phpstan/cache/PHPStan/78/8c/788c004bbec5b2579e5cd09d7c6619dc6943c38ee811fe707e747875e58dfd63.php
No syntax errors detected in ./.tmp/phpstan/cache/PHPStan/78/56/785668567a5774dff2a35dfae9867c69381905c93521345519ca8c5c4ab91fc4.php
No syntax errors detected in ./.tmp/phpstan/cache/PHPStan/78/87/78879fc791ee5f44ee67348c77a4c6b0017c412cc72b59f27621aaae9a1df677.php
No syntax errors detected in ./.tmp/phpstan/cache/PHPStan/78/7e/787e67576de489dd38a83ef66906eb4e9418a2e7c4f04ef4c64fca5a22edb2ad.php
No syntax errors detected in ./.tmp/phpstan/cache/PHPStan/78/1d/781d131a5423a78fcde3cc53c78e9989d7894293d32b73d2c69f340edf010635.php
No syntax errors detected in ./.tmp/phpstan/cache/PHPStan/78/65/786539cbd64ac8d66e19fe6ab72a6ed7bac3b88bd7a7cdd2c05c3e3bebb9ac58.php
No syntax errors detected in ./.tmp/phpstan/cache/PHPStan/0f/52/0f52a49d9cd3767469f0f6fee382c14881dbd5fc778ddf20c24df9eeac5e61e4.php
No syntax errors detected in ./.tmp/phpstan/cache/PHPStan/0f/8b/0f8bd14f218c91046d894382d873143096c23a37240488da5b59e5bf2077e8c0.php
No syntax errors detected in ./.tmp/phpstan/cache/PHPStan/0f/88/0f88fb0a9da915925c9d25e36f7aea384ed64dbed2789412fed060c43badd505.php
No syntax errors detected in ./.tmp/phpstan/cache/PHPStan/0f/8f/0f8fd03c6b5817a05635252eb38fae657e56edeabec81389a4740facd9603cc0.php
No syntax errors detected in ./.tmp/phpstan/cache/PHPStan/0f/05/0f05a50d8d2afdae5e966492bd44af5eb76e46e05a878d1ec3d920d7b010c62b.php
No syntax errors detected in ./.tmp/phpstan/cache/PHPStan/0f/c4/0fc462f54bc40db3556df4093f484276ef3a08cdeedd53bcd8f9ecd665e0bad5.php
No syntax errors detected in ./.tmp/phpstan/cache/PHPStan/0f/92/0f92708cc14d89ebdc4f3ae3c4e8866fd10623181d6f8ba69a1183f3af61ad40.php
No syntax errors detected in ./.tmp/phpstan/cache/PHPStan/0f/23/0f23e966d60a32e4f3a5f3a54c348c6af611f67fa13f2e5aa07229f51a600165.php
No syntax errors detected in ./.tmp/phpstan/cache/PHPStan/0f/17/0f1734ea7068e2052629f511ad622afa0e99c9cea668f6b1f830748add11eb9f.php
No syntax errors detected in ./.tmp/phpstan/cache/PHPStan/21/20/2120b0d779fc36dcea65ee5dec51bee59eea8d3e10aff9539d678853d69b676e.php
No syntax errors detected in ./.tmp/phpstan/cache/PHPStan/21/5a/215a9540c1cf1e138d16d9e268cea29f7e16b2f647e685e682b519d642dbc4dd.php
No syntax errors detected in ./.tmp/phpstan/cache/PHPStan/21/b0/21b0b90245e9ecd5fc0493a4424d9a1e40d77e7650966e2df77b3f2d806e45ce.php
No syntax errors detected in ./.tmp/phpstan/cache/PHPStan/21/46/2146fadf24a0252657853ee3f83a3e56424270fbb3e0cc9b8732eb2ea3858344.php
No syntax errors detected in ./.tmp/phpstan/cache/PHPStan/21/6a/216a8e9bd9536cb3e1eab215f79d38fdb6a042889eefb2674f43177ffc3fcd64.php
No syntax errors detected in ./.tmp/phpstan/cache/PHPStan/21/33/2133f9549b08e0716b667267e2859effddee56c2d500cffdd47e92f230861097.php
No syntax errors detected in ./.tmp/phpstan/cache/PHPStan/21/33/2133244483abf0e15c3204406da5b672469675ced3b60246cddf9a8804349369.php
No syntax errors detected in ./.tmp/phpstan/cache/PHPStan/21/4e/214e27e19064cb04c22105f672a7c27b6d9dac1f8e99f7533a0406f3798fb2a2.php
No syntax errors detected in ./.tmp/phpstan/cache/PHPStan/21/67/216703c47ac616de0d9ffc983d247429333075f39b5d4f4acf30b6a4ecf8b6fe.php
No syntax errors detected in ./.tmp/phpstan/cache/PHPStan/21/1d/211d2206b45514d1d34268a106a516844fe463c4b562b8245d6f0a57a571288b.php
No syntax errors detected in ./.tmp/phpstan/cache/PHPStan/21/b6/21b6bee1f381094288da83ab8d4bfef11ce7879fd555a7f7698f9e02c4d59906.php
No syntax errors detected in ./.tmp/phpstan/cache/PHPStan/21/e7/21e772fe109fee5262aa63f5c145e40ff91197fc965efaca48c087fb0055d66b.php
No syntax errors detected in ./.tmp/phpstan/cache/PHPStan/b6/7c/b67c68f72f3c361e5534e3d7747c951605735b9bf2ecc8622c2d8fbb2d692a29.php
No syntax errors detected in ./.tmp/phpstan/cache/PHPStan/b6/a3/b6a3989e13772c12e8cebe11bd24153d3c3b712bdfce8f00db9f685c1007e670.php
No syntax errors detected in ./.tmp/phpstan/cache/PHPStan/b6/8b/b68bdbe60ee28883c2d2e5c5ac6c8e626a167840409211397d202eb74fef525e.php
No syntax errors detected in ./.tmp/phpstan/cache/PHPStan/b6/f2/b6f275114047a36d76b6283b771605db7efacc3c9a6552d100279312f3b57d0e.php
No syntax errors detected in ./.tmp/phpstan/cache/PHPStan/b6/14/b614bedd34da13883be89f718146ccb48b286b0b700f7c589df0b8a6c8439b0b.php
No syntax errors detected in ./.tmp/phpstan/cache/PHPStan/b6/f3/b6f3aa23032e027b11e7e1df5be3b0fbf1a0bac82747c155f80f78e3282c7dfe.php
No syntax errors detected in ./.tmp/phpstan/cache/PHPStan/b6/b6/b6b603ba268a2000749caba54eb702c6b9ed03c5e128b3df65c05f447d1a7551.php
No syntax errors detected in ./.tmp/phpstan/cache/PHPStan/b6/2b/b62b8dc692cf404aa72eb0425437440e3c5af4cf9d5bce36ef83c2408a20a0e1.php
No syntax errors detected in ./.tmp/phpstan/cache/PHPStan/b6/eb/b6eb37d1b6f0ce8b7de4e58acd2d6ff6b4ef3b6d2df680cf20c814559d53922a.php
No syntax errors detected in ./.tmp/phpstan/cache/PHPStan/b6/68/b668b177991c451b60dd911dff047717cc6652deee3fb59fbd5268e2a7cfb023.php
No syntax errors detected in ./.tmp/phpstan/cache/PHPStan/23/5b/235bd242de25247431c1e1f5bd63810b3f7a2c3437b1199b586f821755787b80.php
No syntax errors detected in ./.tmp/phpstan/cache/PHPStan/23/2a/232a5a0964d773801ae1622130e416d981de2c3d380f8e22b9868a560e07e7be.php
No syntax errors detected in ./.tmp/phpstan/cache/PHPStan/23/40/2340e79ced9bbc73ee785e1c9d0e780c39fa7457aadfc913ee2ab2a4bca15dfe.php
No syntax errors detected in ./.tmp/phpstan/cache/PHPStan/23/b5/23b5f845d4bc00cd3c5e8c54280e6400a99b8d7d383e3562f3c78b61d922a418.php
No syntax errors detected in ./.tmp/phpstan/cache/PHPStan/23/ac/23ac2f671bcbf396690020b6ffe9b0f4348589fce2ca9ecff88d62217f84fa46.php
No syntax errors detected in ./.tmp/phpstan/cache/PHPStan/23/78/237879bac28c925218e5b5e15ee03d17f13f18f65fe6798cc4f9d49401f8d951.php
No syntax errors detected in ./.tmp/phpstan/cache/PHPStan/23/c1/23c178d60246c2264ea5914c9dec1929d011b51b3079d3bcf3cfd761c0b8ce0c.php
No syntax errors detected in ./.tmp/phpstan/cache/PHPStan/ab/52/ab521bc01402c25453b3cd1f3da6856e3020eca9e13a2b06067e05d558d81210.php
No syntax errors detected in ./.tmp/phpstan/cache/PHPStan/ab/c5/abc5da8f4fab3a518050c564bfe7a85e7138ea5ff4d8674d953e733c7d1325b7.php
No syntax errors detected in ./.tmp/phpstan/cache/PHPStan/ab/c3/abc39ce812179ec67c0a68e88fbe4a5afea26dbf8e25fcb45d5f559ff6b68554.php
No syntax errors detected in ./.tmp/phpstan/cache/PHPStan/ab/8c/ab8c66dd16a55b3a51b4da10b54c7e6486ab9e4d314c35c76401b8fb71d466cf.php
No syntax errors detected in ./.tmp/phpstan/cache/PHPStan/ab/64/ab64707bf526bd4da7831d1cc7da1a8fbf17ef9b84892953dcffe0f629439f3b.php
No syntax errors detected in ./.tmp/phpstan/cache/PHPStan/ab/ed/abed1f221406f18b0e0fad2ef9c2196408c75244cc9e8cfe2d7d975d57303cd1.php
No syntax errors detected in ./.tmp/phpstan/cache/PHPStan/ab/9c/ab9c317cf416f5c7bfb5e8b596f07291900d158bcd6e666dac985b956dd3051d.php
No syntax errors detected in ./.tmp/phpstan/cache/PHPStan/ab/33/ab33e166a10ca6d33a2e192778aa15b62a8a600a225f661779e305f338c5ab52.php
No syntax errors detected in ./.tmp/phpstan/cache/PHPStan/ab/04/ab04d14a67230903be29dfe331f5dbe63a108c419b1d8ae7845fb7ab1fe6feaa.php
No syntax errors detected in ./.tmp/phpstan/cache/PHPStan/f4/be/f4bed80e3126a0711850e0676b03dd684ce5d3a588bec148677588e254f37373.php
No syntax errors detected in ./.tmp/phpstan/cache/PHPStan/f4/12/f412ca667d19fab39f30d788284b04c9db4bfab1f7492f445831b33cc1692265.php
No syntax errors detected in ./.tmp/phpstan/cache/PHPStan/f4/ce/f4ce73022c43247b9fadbcb0bb162bade49011a7bed8c030e0ab7a97c66919a9.php
No syntax errors detected in ./.tmp/phpstan/cache/PHPStan/f4/37/f437c6ba3822a5b6167ac5760b2a7d2f7b61db4ee3076401329cdbe20398705a.php
No syntax errors detected in ./.tmp/phpstan/cache/PHPStan/f4/f0/f4f0bac3f4d0463971e964bcc66e3f67c82172b6ab50b172d9caecf2a35097f7.php
No syntax errors detected in ./.tmp/phpstan/cache/PHPStan/f4/01/f401c2f52baa48431d7c677a220349a4ee91594fc4fbfce5c16431334f37a522.php
No syntax errors detected in ./.tmp/phpstan/cache/PHPStan/f4/dc/f4dc6bc48745350ce9f6b6277bd3f14b8573f0c91b9f8596f9b3d5bc16463a7e.php
No syntax errors detected in ./.tmp/phpstan/cache/PHPStan/f4/08/f408b0643fc367469459120addc2ca65a297ee0fe489426753b0b4921ecc5050.php
No syntax errors detected in ./.tmp/phpstan/cache/PHPStan/f4/b1/f4b1268b6bd15086c3c791067b2f15e30878ea07c4f10574da3dd8b92e709800.php
No syntax errors detected in ./.tmp/phpstan/cache/PHPStan/f4/65/f4653b906923b3723a1885dec50db62d4149855c8eebf05606d004890a6e0efd.php
No syntax errors detected in ./.tmp/phpstan/cache/PHPStan/f4/dd/f4ddba73d9a24bb6bad5a8e938d8635c0d3c1ecee6357b5704b9610c8580b0a9.php
No syntax errors detected in ./.tmp/phpstan/cache/PHPStan/f4/75/f4755abea77e82961c8d8f2f3883e61d46329a9f7401d63d0504b66fc998e842.php
No syntax errors detected in ./.tmp/phpstan/cache/PHPStan/f4/18/f418b678f370d1a1da816888c959f57ada609dfe59c8b60d514bd302693a7305.php
No syntax errors detected in ./.tmp/phpstan/cache/PHPStan/e8/6d/e86d50445042a97e0b0a0cc34fb07d524e1b13596bd6c38f0b7b555bc17a5bf2.php
No syntax errors detected in ./.tmp/phpstan/cache/PHPStan/e8/f7/e8f7d8d22b258ede32b8715f7bd15998049739fa3adfd1e94f4e1ba59a772bd8.php
No syntax errors detected in ./.tmp/phpstan/cache/PHPStan/e8/cf/e8cfd658bce58937244afd4881ac7f3f9e93a9e22792a0f85d42b7e8a2519b8b.php
No syntax errors detected in ./.tmp/phpstan/cache/PHPStan/e8/61/e861efda8cb6d2f93fade931d6b98b31f1bbbc89962312df40d8cfb506709e9e.php
No syntax errors detected in ./.tmp/phpstan/cache/PHPStan/e8/a4/e8a4441afd455dcaf97d9001ee084402bb96c261cb3708ccb142123db2e4ba5e.php
No syntax errors detected in ./.tmp/phpstan/cache/PHPStan/e8/e4/e8e413f643926610dd6882041aab3029ce6de8a61f4fb0a5791be7ef451b0198.php
No syntax errors detected in ./.tmp/phpstan/cache/PHPStan/e8/aa/e8aa5e446d4311fef00b513ee3362687d854e919d6fad5a0a27b12778e48dbf6.php
No syntax errors detected in ./.tmp/phpstan/cache/PHPStan/e8/d2/e8d23cb702540dbd4c3038b57c5ff4f09edf38c53caa330b87794cefc4f0b8a7.php
No syntax errors detected in ./.tmp/phpstan/cache/PHPStan/e8/c8/e8c89806c913d4336f8bdcb654e5b807b09b0d45d4b6476f93c9d6bf86b8b41f.php
No syntax errors detected in ./.tmp/phpstan/cache/PHPStan/e8/2f/e82fbda962ab00ae142c177051d218b676c7fc517eb5cbce525166f2d97121bc.php
No syntax errors detected in ./.tmp/phpstan/cache/PHPStan/26/c5/26c525cad4647e8771d3877dbf719bbfe0ac91fd07dd234675b3c9c9d2e90075.php
No syntax errors detected in ./.tmp/phpstan/cache/PHPStan/26/1c/261c71039423aae6088f2ac166aaed37faba67f487bba18faa8762c158dbb6e5.php
No syntax errors detected in ./.tmp/phpstan/cache/PHPStan/26/15/2615c8fb6011591d638799917c1fc962703d8198fea6c8ebf779909ad38ac86a.php
No syntax errors detected in ./.tmp/phpstan/cache/PHPStan/26/e1/26e1e6ccc2c6977d0925dc9626f7aa005f459ed34b77efab4eb8038797d20f3c.php
No syntax errors detected in ./.tmp/phpstan/cache/PHPStan/26/0f/260fa54aa57ffc67d173ab17494ef5d115e58dd62763fbe831cd0f5a0b771fcc.php
No syntax errors detected in ./.tmp/phpstan/cache/PHPStan/26/23/2623b12eedf977569931e9ee68fa17dd2ac45992b58ebc6f3c3dbc85e3f1827a.php
No syntax errors detected in ./.tmp/phpstan/cache/PHPStan/26/5d/265d18a86531cc9e09a9ba0906598d205055c6a20ef43d6e4c028bd609eb403f.php
No syntax errors detected in ./.tmp/phpstan/cache/PHPStan/26/19/261913563ebd71e8da0dcec6130a1031130da0475556c98be2d44acdd13809e9.php
No syntax errors detected in ./.tmp/phpstan/cache/PHPStan/b1/96/b196b7d142bf6f1a81ae35f24108294784bc2a69055ab58107ef79be5cc55635.php
No syntax errors detected in ./.tmp/phpstan/cache/PHPStan/b1/96/b196409c73471bf2948cee3927a0b4945d2c35fcf29fc71e5ad41a52c0e74175.php
No syntax errors detected in ./.tmp/phpstan/cache/PHPStan/b1/44/b144faf82229ce0881d1809ce8e83eed178c746214d78a57fadc04fa400bcdbc.php
No syntax errors detected in ./.tmp/phpstan/cache/PHPStan/b1/35/b135a6800afee8f7a1ef1fc76d3a9cc9a483ce5b9938a9db96f0c7e328842d4d.php
No syntax errors detected in ./.tmp/phpstan/cache/PHPStan/b1/b8/b1b8473f816373be2f3248ef2635d3d80a9e08a7897a711b14564722a41577b8.php
No syntax errors detected in ./.tmp/phpstan/cache/PHPStan/b1/b8/b1b88805458d97816641769c9e8a90ca99e041e9f68e9a34216db821205c0858.php
No syntax errors detected in ./.tmp/phpstan/cache/PHPStan/b1/f2/b1f21b5eba67f6e0fad2f45e98aa2d55ab3b5d901140af23f4fd93d3e9c9a069.php
No syntax errors detected in ./.tmp/phpstan/cache/PHPStan/b1/42/b142f9ae197963663ee0ecc247b1b9185f0cfcfc1dda19e32f33a7182741c192.php
No syntax errors detected in ./.tmp/phpstan/cache/PHPStan/b1/da/b1da04cae7d1da3eaea66f8cfedff3d6d8b96f5433791f21ebdf74e0697b180e.php
No syntax errors detected in ./.tmp/phpstan/cache/PHPStan/b1/76/b176700d760ee0edfd0d230bce0430d7fd710b61ef2620d4a78b8ced1efb08d4.php
No syntax errors detected in ./.tmp/phpstan/cache/PHPStan/b1/d1/b1d12300c52075ca9cea10f988fd536fa203afda5b9c1beec9104a48c546da77.php
No syntax errors detected in ./.tmp/phpstan/cache/PHPStan/b1/0e/b10ea349dd618c904ac486cb3643ddb2fbc6f54438970d37e533d07b03e90dad.php
No syntax errors detected in ./.tmp/phpstan/cache/PHPStan/b1/41/b14131255eaa38b8650194684cd336185b9f8b42b2dc3441a9f49bc2c3637114.php
No syntax errors detected in ./.tmp/phpstan/cache/PHPStan/b1/99/b199909950918e5a32710116d32bd72550f5eb5d3e494112d2368740028188f9.php
No syntax errors detected in ./.tmp/phpstan/cache/PHPStan/b1/f4/b1f48e3e498d63afa6a235d9a28ea389174070daab925488f8a57590e5269425.php
No syntax errors detected in ./.tmp/phpstan/cache/PHPStan/b1/e7/b1e75e24286a53165875e7d7845a66bb0679c9e0abdd70516561a24f83731aa1.php
No syntax errors detected in ./.tmp/phpstan/cache/PHPStan/b1/eb/b1eb5077ea2afe00739728694077402cb9285a293c7548e7ac73e4027b71d5a7.php
No syntax errors detected in ./.tmp/phpstan/cache/PHPStan/a0/7f/a07f9d8c91d274210c50b942f07a582996fa900a13ed2a3b886ef27d0e234b03.php
No syntax errors detected in ./.tmp/phpstan/cache/PHPStan/a0/8d/a08df72b0fedeef2489a34f807bf70a38a79d6298d5b9d25dbd43e2c2ae0de5d.php
No syntax errors detected in ./.tmp/phpstan/cache/PHPStan/a0/5c/a05c9d32c7be6ded795f7316725d5eb66e2fe8aafd27e4a5d2f082dc62de488d.php
No syntax errors detected in ./.tmp/phpstan/cache/PHPStan/a0/11/a011fdd7430f4f013e0976b17cb11fcf215b3a64ab7f8c59dc3a0a8fba74544b.php
No syntax errors detected in ./.tmp/phpstan/cache/PHPStan/a0/85/a085ae94f40f1e0231559e555da7f711a71ad3e52ff41bc9949b30a7a1936f64.php
No syntax errors detected in ./.tmp/phpstan/cache/PHPStan/a0/94/a094db4f98f7b2fb677d066b67fa20b97e500fe8dbe8877b92c9e5ee11faf4af.php
No syntax errors detected in ./.tmp/phpstan/cache/PHPStan/a0/1a/a01a27c35f1f6c78be01d8cecb9d253ff2958534fe002bc0806dc2b3725296ab.php
No syntax errors detected in ./.tmp/phpstan/cache/PHPStan/1b/a1/1ba16969c8b5114acc08a709e9c0c61df58cf128b5d5fa112f1ec5da879d4dc5.php
No syntax errors detected in ./.tmp/phpstan/cache/PHPStan/1b/73/1b7370656b972ead172f1c48f8057def31fa7c3ba826f5f09f85d1d0ebc5f4b1.php
No syntax errors detected in ./.tmp/phpstan/cache/PHPStan/1b/66/1b669e0b9b658e314b546f4be16dbe6cd97f6df3ef0018504707feb75b9674ab.php
No syntax errors detected in ./.tmp/phpstan/cache/PHPStan/1b/55/1b55e4b88eb0b87c7a4239957a70f21793ed4cfdfca2f54db726b0ea099c7ad0.php
No syntax errors detected in ./.tmp/phpstan/cache/PHPStan/1b/2a/1b2a95712e69f7605962fa0b1c30ff552ce8b7f92620f0eebb74e3bddb571404.php
No syntax errors detected in ./.tmp/phpstan/cache/PHPStan/1b/0c/1b0c3872a57f8d2ebab91fc61e44f01d05b75c7281af7982c4ebec0bc2c496b8.php
No syntax errors detected in ./.tmp/phpstan/cache/PHPStan/e0/ed/e0edf2f8f1af14de0bae2ab10b3f00df146bc2f12fa7790c518c3e2e0d65b79b.php
No syntax errors detected in ./.tmp/phpstan/cache/PHPStan/e0/14/e014106c1fc38aeb0f11a89cb23cd29d4d3804ccb4b43bbcfc65a226d52596ec.php
No syntax errors detected in ./.tmp/phpstan/cache/PHPStan/e0/37/e0377162f4a0a0530f07d279ffaad2d7d9f3214afd9c95c9d8078ad8d05a5d49.php
No syntax errors detected in ./.tmp/phpstan/cache/PHPStan/e0/56/e056923b6bc013cc0eeb7cb5fa8faa9bc4c912dc1dced18f5a693289b1ead304.php
No syntax errors detected in ./.tmp/phpstan/cache/PHPStan/e0/3c/e03c580b0a42b13d6e84407ea8b8b750247afcf415773b8bde77a548e80b06b7.php
No syntax errors detected in ./.tmp/phpstan/cache/PHPStan/e0/5c/e05c9f981a3dfe187a40f4b7724f4be1f3b37ce24495e394f1690d471b4e2c42.php
No syntax errors detected in ./.tmp/phpstan/cache/PHPStan/e0/9f/e09f9715f4e5b640f7e27e5f313fa601efc6cb0a4bcfcb76a4a86723fb837e64.php
No syntax errors detected in ./.tmp/phpstan/cache/PHPStan/e0/50/e0503e7bc9426cf86d162d070350de3f53727f96951e37821ddfe6ca230c7196.php
No syntax errors detected in ./.tmp/phpstan/cache/PHPStan/e0/94/e09446f547dc484c07c94a88013bb0844cdbce1bbbe780b9d2b29d11b8c2ea1f.php
No syntax errors detected in ./.tmp/phpstan/cache/PHPStan/e0/9d/e09d341aafbe1acbd6ce6fdc8518fd44f10898ae8453f52ad7617c3dff6e52e9.php
No syntax errors detected in ./.tmp/phpstan/cache/PHPStan/e0/a7/e0a7089550a43003f800189efac46759822abdc998d759b1c096c89c88418aac.php
No syntax errors detected in ./.tmp/phpstan/cache/PHPStan/e0/34/e034301d4b8c76d9716be3daaec7e08421597259894d130bd69d2711ddeea4ad.php
No syntax errors detected in ./.tmp/phpstan/cache/PHPStan/e0/7b/e07bd17cd3e3f9a3360fc99fb9d889c365915daa89a0a8244876e7f8d0e0b4db.php
No syntax errors detected in ./.tmp/phpstan/cache/PHPStan/e0/97/e09767440ef8be5b64618ce3f1dbf859a2248326f624139a57dc0ed78346bdcc.php
No syntax errors detected in ./.tmp/phpstan/cache/PHPStan/e0/10/e01093fa967f3f2beaa9647327ad77ccfe0c9fb74cebe630b10c5b792e062354.php
No syntax errors detected in ./.tmp/phpstan/cache/PHPStan/0c/8e/0c8ed7596b27de3ad99996f191cc1af71540618a9a61c152a1d68490ced4ff7c.php
No syntax errors detected in ./.tmp/phpstan/cache/PHPStan/0c/4b/0c4b998024199f57e17012595ba91d92dba28ceb759c4e04c4bbfb58549817f4.php
No syntax errors detected in ./.tmp/phpstan/cache/PHPStan/0c/d2/0cd2ecf29379c2a7b603f7691de2999e353c4723c52208d31e82389ded2b3dec.php
No syntax errors detected in ./.tmp/phpstan/cache/PHPStan/0c/0f/0c0f66a083b6ece1d3f559ca21c7b5e35deaad55cf79d3827d28b7b6637768e2.php
No syntax errors detected in ./.tmp/phpstan/cache/PHPStan/0c/b6/0cb6670ad68762d8b33fdd3515faecc62fa0a0fcf0df805f88cd957955b81dae.php
No syntax errors detected in ./.tmp/phpstan/cache/PHPStan/0c/95/0c9568fb234a47c757e79968eeac16e470274325ffee3a53549ffec310fdac07.php
No syntax errors detected in ./.tmp/phpstan/cache/PHPStan/fa/1e/fa1ed84c5d4071f4e4f39bb7baf979a11a515ee252da4db6e8468bb0c0d32d4f.php
No syntax errors detected in ./.tmp/phpstan/cache/PHPStan/fa/2a/fa2a8edb376b7d89bcf4fab0be139c925838b781ede00af2d5fe8c538c7eba50.php
No syntax errors detected in ./.tmp/phpstan/cache/PHPStan/fa/db/fadbf3a151ae22580c85bb3d8e7d94f7a2a3a94d0c487806213395a6c85bdc11.php
No syntax errors detected in ./.tmp/phpstan/cache/PHPStan/fa/00/fa00ed8f70cba93d51f2cfafa7452ebd79351959302891fa861349de47336d2a.php
No syntax errors detected in ./.tmp/phpstan/cache/PHPStan/fa/77/fa77105eba485e02a27fa9a32afd8bc85e18a1d0d4229f8edfd2429d1e41ce9f.php
No syntax errors detected in ./.tmp/phpstan/cache/PHPStan/fa/34/fa34cdb5039b98153378bc521f9e2ad3bede20a275d9954bc56cd2b914d6418b.php
No syntax errors detected in ./.tmp/phpstan/cache/PHPStan/fa/17/fa17213f99d6a40c97bcb3b85d29e587dbd8148ae734656ee64b0494dae34237.php
No syntax errors detected in ./.tmp/phpstan/cache/PHPStan/5d/44/5d44239096a341a063da8954706fa865c89023757c3e802902389fede56101ab.php
No syntax errors detected in ./.tmp/phpstan/cache/PHPStan/5d/45/5d45cb23560bd65e13e0268b11dcd84514739e644ce71218bc58a06dc6383e0f.php
No syntax errors detected in ./.tmp/phpstan/cache/PHPStan/5d/cd/5dcdf955f183fa65c968228aab04d85d5b6f9913c248f0462409d182819e56a8.php
No syntax errors detected in ./.tmp/phpstan/cache/PHPStan/5d/41/5d417f98ccc37ffa141e032b642c5cf7d5bade66ff20679d94032ff056d1290b.php
No syntax errors detected in ./.tmp/phpstan/cache/PHPStan/5d/31/5d3152ffbabc80c442e6ac736c87ed2bef7f4ccb44638472c231b8517a171ab3.php
No syntax errors detected in ./.tmp/phpstan/cache/PHPStan/5d/a6/5da60b8656cef70ad7daa90dcd3df5e69a9e86d26c149e7aaa0a0d5526696bed.php
No syntax errors detected in ./.tmp/phpstan/cache/PHPStan/5d/c1/5dc19f1de5fa82493cd84da214f6efc8248648486d90782f5b9d65403698620f.php
No syntax errors detected in ./.tmp/phpstan/cache/PHPStan/1a/73/1a730a574f0c843067fd3be86721709753fee494e73f52a588ec7c49b20d2446.php
No syntax errors detected in ./.tmp/phpstan/cache/PHPStan/1a/79/1a79c87e2aeca3f32c9a6b949bde6109fa359be1e42e581fe93daa46a943ea57.php
No syntax errors detected in ./.tmp/phpstan/cache/PHPStan/1a/5c/1a5cff6f05c57eb5dc4c945d9afd436b65e27cf5336947c2aa33bb692e2d11b5.php
No syntax errors detected in ./.tmp/phpstan/cache/PHPStan/1a/5c/1a5cf9d197c3cfa2b93ee219f42e413ffbb661561b7b1c31bf2abe0ded02c117.php
No syntax errors detected in ./.tmp/phpstan/cache/PHPStan/1a/05/1a05465de55754a3c01ce410c31773f5ac67730b18dfdf545c86ca8d78a85dee.php
No syntax errors detected in ./.tmp/phpstan/cache/PHPStan/1a/32/1a329f26cdc189c9b3c0d526734e7de52dad851464989b02faa795605ff25277.php
No syntax errors detected in ./.tmp/phpstan/cache/PHPStan/1a/d9/1ad960e66870bea2ca43c8a0824c4ff7f4c46f81c9aee1eb3b22f03754c71815.php
No syntax errors detected in ./.tmp/phpstan/cache/PHPStan/7b/1f/7b1f949c6e79053a2771171d449ce7a1ab24e0b359ece5a238c40ba82f57e858.php
No syntax errors detected in ./.tmp/phpstan/cache/PHPStan/7b/09/7b093d049e6539cc872967bf3811e40e86cfec111affef3767b6fb751d80e0a7.php
No syntax errors detected in ./.tmp/phpstan/cache/PHPStan/7b/41/7b411c46e75f60679a5d1f87b53ce2989df7d2b2e87cfdcd2bddb99274b39361.php
No syntax errors detected in ./.tmp/phpstan/cache/PHPStan/7b/23/7b233c4d4a7eae72952e6f192a3e853e2e0a8a1f9a21ed022f80d4fb901d9965.php
No syntax errors detected in ./.tmp/phpstan/cache/PHPStan/7b/97/7b97f319899eb60fe2b92f9bcc2e2205e7d2696618721fe8e9b5a7fc2323d58c.php
No syntax errors detected in ./.tmp/phpstan/cache/PHPStan/7b/95/7b95a62be70a7e52359fc7201d92fdf2272d7872b3c0080afd61afc24e12f25c.php
No syntax errors detected in ./.tmp/phpstan/cache/PHPStan/43/c9/43c94c3b376fe53220ac9ac48a6862b89c9613497b10cb6934822403d7fd6de9.php
No syntax errors detected in ./.tmp/phpstan/cache/PHPStan/43/6b/436b5b39ec95daa97341ade987e299f10d3f1389bdee0156ac63aa7d714fa924.php
No syntax errors detected in ./.tmp/phpstan/cache/PHPStan/43/88/43883b2ae126fc3624eab1ede91a8219dace3cad22d73cd4417218cb6fe7b558.php
No syntax errors detected in ./.tmp/phpstan/cache/PHPStan/43/02/43024fd1239236147fe1ce17c24573a72b394e0cb6a54a736e6d5c454ec04a23.php
No syntax errors detected in ./.tmp/phpstan/cache/PHPStan/43/72/4372bfa561d1ae03ac935eb6b97ea5b84ba5b5425494d11f852a562c5d1ae7d3.php
No syntax errors detected in ./.tmp/phpstan/cache/PHPStan/43/1a/431a0722d9be264ac7797fc3fe26a0b96a493685eae7c35bd1d6e713e1492bd5.php
No syntax errors detected in ./.tmp/phpstan/cache/PHPStan/43/2b/432b0efaca69d970fbd574381d51d52fe36ef6e2a60ac362ea5b337f1b7ac95a.php
No syntax errors detected in ./.tmp/phpstan/cache/PHPStan/43/e7/43e71124f97688b12e03c9ba281c6b62567184ab85425ce2bbd3aeeff5c636a6.php
No syntax errors detected in ./.tmp/phpstan/cache/PHPStan/43/e9/43e90f473d5066976fe7e9fcb53fd060259d1a6533ad211879ff30b58737a428.php
No syntax errors detected in ./.tmp/phpstan/cache/PHPStan/c7/3b/c73baf7daa250274fddc899d3984085fda0ea09f7454cc2476a9dcf88dcd3784.php
No syntax errors detected in ./.tmp/phpstan/cache/PHPStan/c7/9e/c79e19081c9878c45090533f500cd4d12b9c580cd84c2a0d91c4f412171ff54a.php
No syntax errors detected in ./.tmp/phpstan/cache/PHPStan/c7/f6/c7f667fbe61f1b79aa96592697d919b612f5667d7825c002d3f64b360fd95123.php
No syntax errors detected in ./.tmp/phpstan/cache/PHPStan/c7/4d/c74d6eb86125fb21bf7b088a7897ff6e2416c97bb2fa4fbc8644e67af41ff368.php
No syntax errors detected in ./.tmp/phpstan/cache/PHPStan/c7/aa/c7aac047263a185035720c2df94848024a8b3a131b4a9bd1c16798b851cc83e2.php
No syntax errors detected in ./.tmp/phpstan/cache/PHPStan/c7/60/c760b9b48b4b2ac740044febc253534acaf6d0cd801985124fa27b46881e3d98.php
No syntax errors detected in ./.tmp/phpstan/cache/PHPStan/c7/9d/c79d7693e4cf93ade76f309406445e731125c017d8ee287cca9f3de9a911e6ad.php
No syntax errors detected in ./.tmp/phpstan/cache/PHPStan/c7/84/c784bf924ec37e243b6b5da13e9df735f2e080287f6982c767ccdd48529ec49f.php
No syntax errors detected in ./.tmp/phpstan/cache/PHPStan/c7/a6/c7a6585c265e08c9f1d2d61f2d78b5f3753e5b0af7efc966720810c69320449e.php
No syntax errors detected in ./.tmp/phpstan/cache/PHPStan/19/c5/19c5b3fdc6ca3c3f0dd5cb4522090f5db8d537a584b4bdefba7994d9ac3c0771.php
No syntax errors detected in ./.tmp/phpstan/cache/PHPStan/19/20/1920df51b19279391ba3f576ec515cac4887a6d68082005f61fbf3f125693b98.php
No syntax errors detected in ./.tmp/phpstan/cache/PHPStan/19/b8/19b840c25ef79f8ddbae0c989d0454e398c09094060629ccc0bbb0dc6b90b159.php
No syntax errors detected in ./.tmp/phpstan/cache/PHPStan/19/8f/198f30e75a5d5110398d94fc302c585642a850e5f17268f339e76af8a7421c05.php
No syntax errors detected in ./.tmp/phpstan/cache/PHPStan/19/7a/197a04e61f211882322662b422b580ca3eb44c2477de42aec1d508e2d9030328.php
No syntax errors detected in ./.tmp/phpstan/cache/PHPStan/2b/6d/2b6df2af58991d035b5d3ce00fd0886146f61b751357a83edc3df3091c90205a.php
No syntax errors detected in ./.tmp/phpstan/cache/PHPStan/2b/c5/2bc57dd14924f782a4ac566892448a9ed8ba04bca85b951f3f021e94ea791ede.php
No syntax errors detected in ./.tmp/phpstan/cache/PHPStan/2b/df/2bdf607ff90a0bb102cb4e05307dbe614d5ab3538447763b95240818d90b059b.php
No syntax errors detected in ./.tmp/phpstan/cache/PHPStan/2b/24/2b240f3bd82de9d6648d78e06f55a0fd13d05d24d8be83a720c6c79b5649884b.php
No syntax errors detected in ./.tmp/phpstan/cache/PHPStan/2b/19/2b1964002b802837f9e8e61e57c401caa9a8536e60e7d34adc743dab244cfb91.php
No syntax errors detected in ./.tmp/phpstan/cache/PHPStan/2b/65/2b653fbb2ea4064b3acbf655ac49046f862b61698f00cf4861035443436fca42.php
No syntax errors detected in ./.tmp/phpstan/cache/PHPStan/2b/e5/2be5e7fca59b981a551b608c67068db524bd19b6ee65745e6f84d8efa99a7e81.php
No syntax errors detected in ./.tmp/phpstan/cache/PHPStan/2b/b3/2bb3a1c8ea775bc48bf37212af3bd777a133243ec9b4842d10d12521017caa8b.php
No syntax errors detected in ./.tmp/phpstan/cache/PHPStan/e7/1c/e71c6c7f6e0d0777c49d23db77511552a10da7e9c4876f0b52d60c846da69337.php
No syntax errors detected in ./.tmp/phpstan/cache/PHPStan/e7/86/e786f16d04c4e84e306096b1222590104974a99ccf5761bdc07550e84cf818db.php
No syntax errors detected in ./.tmp/phpstan/cache/PHPStan/e7/5c/e75c716fa16f212b39505a0e72a5031eb0c2060a68c679f0b24ca0267319b665.php
No syntax errors detected in ./.tmp/phpstan/cache/PHPStan/e7/f8/e7f898898048d1a00805838d7e865d0bd7d7c16405c824dcf27008d9d9bb12cd.php
No syntax errors detected in ./.tmp/phpstan/cache/PHPStan/e7/d0/e7d0b622a305334c2066357466200d262204ac18fd07217fcdc647e21f92eb60.php
No syntax errors detected in ./.tmp/phpstan/cache/PHPStan/e7/1f/e71ff1300a5d81f248a5289fe901788a5df5fc2ed6bcf3f42d7d2a88940bb932.php
No syntax errors detected in ./.tmp/phpstan/cache/PHPStan/e7/19/e719c979c726522c629a27326e7d8f25ad1df232f86062478a9ba3167929faa6.php
No syntax errors detected in ./.tmp/phpstan/cache/PHPStan/e7/65/e7655dda18a4c07381e1660ea2ec7f3336e087d6abe19db8f7cbd45e1b43e2b5.php
No syntax errors detected in ./.tmp/phpstan/cache/PHPStan/d3/d0/d3d0b794d956d504c3d5cdc9bf5ca900a307d4ef1b57d3fb415bb6f33302918a.php
No syntax errors detected in ./.tmp/phpstan/cache/PHPStan/d3/f9/d3f9e2baaadea28f6deb6d030c8bed8184cc275e2e7a5554dce16c6d22d96b2c.php
No syntax errors detected in ./.tmp/phpstan/cache/PHPStan/d3/85/d3852260cba5e4e45a87804b6cb105198df8c4c4d2317e9fc6b25bb3554bf396.php
No syntax errors detected in ./.tmp/phpstan/cache/PHPStan/d3/2b/d32b6cf6a3eeeb1b6cd894ddb809c43dadd825a26d8544949abdba3d7a609f64.php
No syntax errors detected in ./.tmp/phpstan/cache/PHPStan/d3/6c/d36c7d9efd4cbb4559ab95f5dcb84ad7337844243a4621dd8e25c8eab6a06ade.php
No syntax errors detected in ./.tmp/phpstan/cache/PHPStan/5e/c3/5ec30cf720e5260f6b88892b1f8899b3b7d25c585b3141811def496d124775cc.php
No syntax errors detected in ./.tmp/phpstan/cache/PHPStan/5e/86/5e86af0d4cbe15cbc6de4a8a25792b45767c62adb99321a21e7089c28853c06b.php
No syntax errors detected in ./.tmp/phpstan/cache/PHPStan/5e/9c/5e9c53a0106ce6c1d2592d2690e7d4bc86058b596784881280298201ab50ffe7.php
No syntax errors detected in ./.tmp/phpstan/cache/PHPStan/5e/fd/5efd0a35535bb2a19ded4192be3a90e62811083a4d739338332ae559cb755532.php
No syntax errors detected in ./.tmp/phpstan/cache/PHPStan/5e/71/5e71a38607f2e8cb1d8726ba311564ce0c1c294ae6b424293bbe244a285411a4.php
No syntax errors detected in ./.tmp/phpstan/cache/PHPStan/5e/ea/5eea80d101629797ef5c86f28c201928f94f72dbf46b7d7c3f100d17f8d2dc0c.php
No syntax errors detected in ./.tmp/phpstan/cache/PHPStan/5e/08/5e089a62777892f04cd8608473965368d4454770b97aa41c26eb9f0bae9067b2.php
No syntax errors detected in ./.tmp/phpstan/cache/PHPStan/5e/c1/5ec141efd8f222504ce3cba9f325940faeee9bc3b375c9d20a3090e266492e48.php
No syntax errors detected in ./.tmp/phpstan/cache/PHPStan/fc/e3/fce35d90ea1ebb24f5b4e81837120df6f0d87a64b4a03e3080748d7286e9088c.php
No syntax errors detected in ./.tmp/phpstan/cache/PHPStan/fc/5b/fc5b544d69bf7785c7581d26802236f79b66e414988ca423c4c2e500f41c1a00.php
No syntax errors detected in ./.tmp/phpstan/cache/PHPStan/fc/14/fc144168a3e329196788270665b7543410cdbf01ca7938c326e94b056dae79aa.php
No syntax errors detected in ./.tmp/phpstan/cache/PHPStan/fc/9c/fc9c0e247a5292dc51c5c7435de67baca119a9571e3adc0d9ec46d27db056ebb.php
No syntax errors detected in ./.tmp/phpstan/cache/PHPStan/fc/05/fc0538da507316cc132e43f3aa34f1528e29a427b676e66bae6c05454696e9e5.php
No syntax errors detected in ./.tmp/phpstan/cache/PHPStan/fc/d2/fcd24cae0b9ebe31b2bad94fb48beb67f42ba3285bc0db6f328dc8774dbf81f6.php
No syntax errors detected in ./.tmp/phpstan/cache/PHPStan/fc/5d/fc5d6d36e40a058b3fc50670595f5783e6ff97ecd3faae86b653eeca798ed317.php
No syntax errors detected in ./.tmp/phpstan/cache/PHPStan/fc/b9/fcb9b620420257ff1ca30f6f15bbd5988d415711a92fb2ac7b7bed861046662e.php
No syntax errors detected in ./.tmp/phpstan/cache/PHPStan/d9/73/d9735cd095e7b2d9df64caa2ad73dea82470576b8552b5a8802566b1f7aef514.php
No syntax errors detected in ./.tmp/phpstan/cache/PHPStan/d9/c9/d9c96961776e88039c4e76469c819dc36fe7a3d9db75d540dd13586c9a57a557.php
No syntax errors detected in ./.tmp/phpstan/cache/PHPStan/d9/b0/d9b0ffdb32a958900b3a05caadd90509d58a2fb89339676fcf237d0d9a2a118b.php
No syntax errors detected in ./.tmp/phpstan/cache/PHPStan/d9/a8/d9a8c7034d504fa9bd9877d9ce10815e287ec22a171a09ca2a3d614a9ecb80a5.php
No syntax errors detected in ./.tmp/phpstan/cache/PHPStan/d9/35/d935561f6db8ef4883e1dd670ae37a0fd3b06c213e75f07b54ba5a943e44c678.php
No syntax errors detected in ./.tmp/phpstan/cache/PHPStan/d9/81/d981e04735b36b945ef332553e291ab274bde4875447830177edbd1fae273270.php
No syntax errors detected in ./.tmp/phpstan/cache/PHPStan/d9/ed/d9ed9515ec18227b3ae78e6295ee998f617ee1d690af3993175154d6873f2e58.php
No syntax errors detected in ./.tmp/phpstan/cache/PHPStan/d9/42/d942b29e0f34a0f68ce6b3f86a2fd22f3fa4851702c78208aa0b8a830e769948.php
No syntax errors detected in ./.tmp/phpstan/cache/PHPStan/d9/76/d9760973e6695815abd1f4906cbcbff877e589ca7be44ccc4352868e331fd7b4.php
No syntax errors detected in ./.tmp/phpstan/cache/PHPStan/d9/a4/d9a4a1c792884a16bb3220597ee59129dd76ad7906decbc4bb01309aa27e416f.php
No syntax errors detected in ./.tmp/phpstan/cache/PHPStan/d9/b5/d9b5b2bb598e148bcd3bd7f5129f032a014588e12504ebb069587141e3a3a5f0.php
No syntax errors detected in ./.tmp/phpstan/cache/PHPStan/d9/0e/d90eda431cf176fc2721f39524236e95aea7269edb699ae318c4637d9609469e.php
No syntax errors detected in ./.tmp/phpstan/cache/PHPStan/d9/0e/d90e6c9b7dab4815ce7d38179195492e1411fa5a5f335249f4f9f78b8ef947b1.php
No syntax errors detected in ./.tmp/phpstan/cache/PHPStan/d9/72/d97280ddfcf6df924db93c41c27807d662517215078fad7b7246fd54a662ec63.php
No syntax errors detected in ./.tmp/phpstan/cache/PHPStan/d9/90/d99051e1decc5d082b49225fc1358f8734fb1b60f1d327e66aebaa70aae66c2b.php
No syntax errors detected in ./.tmp/phpstan/cache/PHPStan/6c/bb/6cbb01eb5cd55a672e4ecbc80733073c6b8783c4457a951ef1fa7d9a9dbbc4d4.php
No syntax errors detected in ./.tmp/phpstan/cache/PHPStan/6c/fe/6cfe34503f9f70731c8b55460644e0aa10d9e7f68207d706f720ed074ada331c.php
No syntax errors detected in ./.tmp/phpstan/cache/PHPStan/6c/3d/6c3da7a2f610c184d4261a210288f81156f0c9a9a90907a57971495cf4f40ef7.php
No syntax errors detected in ./.tmp/phpstan/cache/PHPStan/6c/4e/6c4ec7a734bbc8280d14a57ea246ade396ce86c525e533eb68b509c05a5820ca.php
No syntax errors detected in ./.tmp/phpstan/cache/PHPStan/6c/11/6c11efbca8b03feec851aa9033620d40831006476f3f3d7c279a506cae74b966.php
No syntax errors detected in ./.tmp/phpstan/cache/PHPStan/6c/4b/6c4bb75386cc136dfc1a44a56791516ffbaf4e07139c543585fbc4b156eed05b.php
No syntax errors detected in ./.tmp/phpstan/cache/PHPStan/6c/e0/6ce0445093300b52094113793614e151bbc2da7c1f7d3841a5b955578b95a1dc.php
No syntax errors detected in ./.tmp/phpstan/cache/PHPStan/6c/59/6c597db6f188524a8014adcd0e429ffd08881e4759786fb04a20a30f054eb7db.php
No syntax errors detected in ./.tmp/phpstan/cache/PHPStan/63/ad/63ad236fce1aa272c37365ed4cdd83770db2f4bb1aadab4aa2b76d8a26d0c52a.php
No syntax errors detected in ./.tmp/phpstan/cache/PHPStan/63/6b/636b360e5292737732847f96f8b0d49df17573f945a071bd84d59824e1bac798.php
No syntax errors detected in ./.tmp/phpstan/cache/PHPStan/63/55/6355b5f998354851524400a6a1e2b3238de5d75eb2240382ebb790c504ccb4fc.php
No syntax errors detected in ./.tmp/phpstan/cache/PHPStan/63/8b/638b2a89a2e653cc8895ca8d0cf5c76dc358377dedc1e24dfde4626485deec23.php
No syntax errors detected in ./.tmp/phpstan/cache/PHPStan/63/ff/63ff1b8bd967d0b27f7935a4fc48647b111e83a7df0c1b60c6323fd5413cf18d.php
No syntax errors detected in ./.tmp/phpstan/cache/PHPStan/63/92/6392a004f79458ee6a8ff8f41082cad8186191bf210bc08913ab2bf02b2bc039.php
No syntax errors detected in ./.tmp/phpstan/cache/PHPStan/63/23/6323808f3e4af487a494189b396f5431f01f642b1a485407d2a6a7df9a4dccd9.php
No syntax errors detected in ./.tmp/phpstan/cache/PHPStan/63/2b/632b3ad4bf03b48127e44b1a44c1106ddeec985804cefea037f1a3eeb7915c12.php
No syntax errors detected in ./.tmp/phpstan/cache/PHPStan/c0/ff/c0ff8ae00046036176315e50c4d54b0993a41ee98776fd46d50a5a7f4bb01a7a.php
No syntax errors detected in ./.tmp/phpstan/cache/PHPStan/c0/fd/c0fdcbf46f86bea5b8047e2aa288c2b105e5f2849784cea38b7076784dcb58b0.php
No syntax errors detected in ./.tmp/phpstan/cache/PHPStan/c0/cb/c0cb6718d0fff6928d5528a2d168852c7f99da528ca0c50c3b330c060a01f0c2.php
No syntax errors detected in ./.tmp/phpstan/cache/PHPStan/c0/c8/c0c828aab345eebf7b7b14c58a714565f3a3e02ddf774f3ce2b0e35c89de215a.php
No syntax errors detected in ./.tmp/phpstan/cache/PHPStan/eb/b4/ebb4811de69a5157dd48ebd7433483cf2083c1c93151366077091f3ab39a03c9.php
No syntax errors detected in ./.tmp/phpstan/cache/PHPStan/eb/29/eb297fc8038f9c86d5132213ba9454c0a6083141bcf488de77fa545e3ec0d721.php
No syntax errors detected in ./.tmp/phpstan/cache/PHPStan/eb/64/eb64580c6de1f16f537f5ee82d2c40fb1796cee9572ce283277a1f67c5cbce68.php
No syntax errors detected in ./.tmp/phpstan/cache/PHPStan/eb/a9/eba93d05ac3753359235a644b737f17344797d7443944063d2c9f504f0dcae92.php
No syntax errors detected in ./.tmp/phpstan/cache/PHPStan/eb/40/eb404a5060fb64eaaf4b0391c93249c32b73a5deeaa8e3e69b6b56bd4dcb6a56.php
No syntax errors detected in ./.tmp/phpstan/cache/PHPStan/eb/11/eb1101f56e1d08a5f6e14460c82a815f5e3221ce37a4c13c77298cc86e78e1e5.php
No syntax errors detected in ./.tmp/phpstan/cache/PHPStan/eb/f9/ebf9c73eb16a9dcbfde8c9dff046b7327bf3c0419980223f34ed3de6e02cba7c.php
No syntax errors detected in ./.tmp/phpstan/cache/PHPStan/eb/08/eb08fe6cddbceb96b1e3c3eb4dd927fb31d3d9b560a4aad6f6a8250d717797de.php
No syntax errors detected in ./.tmp/phpstan/cache/PHPStan/eb/31/eb31e673611354cb393de6e28874a6ade77e3b20b90b725ba7c42d55822c2811.php
No syntax errors detected in ./.tmp/phpstan/cache/PHPStan/eb/83/eb83f05d729a8f862a7d401e89045e6e8c9c3dee510f94606f4ec3c3cd905d71.php
No syntax errors detected in ./.tmp/phpstan/cache/PHPStan/eb/2c/eb2ccdb2fd88ee4c28595ec194f3204367d7393eac5664a4f196e34e99e36811.php
No syntax errors detected in ./.tmp/phpstan/cache/PHPStan/eb/e9/ebe9c7fc1e7005e7d2a68e20315e4eb206bbebd3009d633c1e216c0ddbd0fcec.php
No syntax errors detected in ./.tmp/phpstan/cache/PHPStan/84/ce/84ce14f7656fb22711d342aadfd915c1a0e6574e0c4d9440e56a7a8d484253eb.php
No syntax errors detected in ./.tmp/phpstan/cache/PHPStan/84/56/84564a36e8de7cfa15f7dd8de873211787f5389ccbe1d9f959fd25df477f40ff.php
No syntax errors detected in ./.tmp/phpstan/cache/PHPStan/84/87/8487811e757d8f8706238505a22d220778bab60c677855cfefc905c62e91d26d.php
No syntax errors detected in ./.tmp/phpstan/cache/PHPStan/84/a7/84a7f3ab5d42f69383d41d5b8c6fef191b659d86c4e85878d35721420e661163.php
No syntax errors detected in ./.tmp/phpstan/cache/PHPStan/0d/c9/0dc933af0e32eb673cbc5578702a900377a9c43798ae97b515e1c14663669786.php
No syntax errors detected in ./.tmp/phpstan/cache/PHPStan/0d/5a/0d5a9431d50483baa855255a79583e5cf272b3faba3c97a787e3b0736ee6cfca.php
No syntax errors detected in ./.tmp/phpstan/cache/PHPStan/0d/64/0d647be352051d03e46a32aea31a4a1530d95235cdf42ad7773d266d46b56b68.php
No syntax errors detected in ./.tmp/phpstan/cache/PHPStan/0d/f8/0df84247008ce52b4772ba366e099048bca3e1d472f18ced73feeef8fc4edb77.php
No syntax errors detected in ./.tmp/phpstan/cache/PHPStan/0d/42/0d42b2c502596ac76f9061a70429df22d54e436c71622a8891bbd5c67acf21af.php
No syntax errors detected in ./.tmp/phpstan/cache/PHPStan/0d/03/0d03583404385b3a9ec1742b949d0ccd6c85ec7a8870bb113c8dcbe894a518e4.php
No syntax errors detected in ./.tmp/phpstan/cache/PHPStan/0d/72/0d72c002faca1aa8d13abc07971ae9c286cab39471ba5f4e72b1c47197ffb6a4.php
No syntax errors detected in ./.tmp/phpstan/cache/PHPStan/0d/54/0d54552ac6f0e4190431637e2fd320a8bafcebdd2dffc06b3a319fa6e8a06763.php
No syntax errors detected in ./.tmp/phpstan/cache/PHPStan/0d/95/0d95ab694bdbcbbfcf5e06fe7db02093ac6434e4a40dd5176b4ecff7e5c63914.php
No syntax errors detected in ./.tmp/phpstan/cache/PHPStan/0d/e9/0de989afb3b1207ce4bd95584018a8d6018a28ef8a5e4b7e628630f9c86b8aa6.php
No syntax errors detected in ./.tmp/phpstan/cache/PHPStan/e6/8c/e68c3150b70afffcad62421582805ae45c337c8629a69cc185d342bd450ce2b6.php
No syntax errors detected in ./.tmp/phpstan/cache/PHPStan/e6/55/e6558c089cbe1edccd0e017c1c42a15f50fa5131ea273fa3269864aedd7c2714.php
No syntax errors detected in ./.tmp/phpstan/cache/PHPStan/e6/55/e655d9df2f99011a8a7e00f444095c84ffe0960ebaf6dd4e72ac9d13bcd3e44a.php
No syntax errors detected in ./.tmp/phpstan/cache/PHPStan/e6/6a/e66a4550a70e32398ff3f3b552bccc2733defcf697193af5975e1f3cb1a45e9a.php
No syntax errors detected in ./.tmp/phpstan/cache/PHPStan/e6/cb/e6cb642693c196ac24daddc2f3e81331f8141aba493eca3649b63fa179bacbe7.php
No syntax errors detected in ./.tmp/phpstan/cache/PHPStan/e6/aa/e6aabfa799e2cdeb0e4a2f6d4545a2ccb5c58b4d0f0c06d9763b8cfc8fb95dbf.php
No syntax errors detected in ./.tmp/phpstan/cache/PHPStan/e6/eb/e6eb29325efdac43d1a36d57407695b38c4b394b4ad3de63f886e792a7e7e797.php
No syntax errors detected in ./.tmp/phpstan/cache/PHPStan/e6/75/e675b19a47024b0276eaa825e4ad42e9fd4a9306299796b3c61b529e5682537e.php
No syntax errors detected in ./.tmp/phpstan/cache/PHPStan/31/49/3149caa992468bedeb0b21a3fb2438810c59cf5766bb80234b2b4a5cddb9ef5f.php
No syntax errors detected in ./.tmp/phpstan/cache/PHPStan/31/c3/31c3e384b4bf04281b03ed9c19b723aae7e720832b2a7c0564f2e470da238dde.php
No syntax errors detected in ./.tmp/phpstan/cache/PHPStan/31/5a/315aa474f8a1c71b9ee6a398881b0b10544510347f9cafa549f2a0fbb3de3dd9.php
No syntax errors detected in ./.tmp/phpstan/cache/PHPStan/31/b0/31b0554262349fc6a43278cdf242c36966730f594e0aaf9cbad86ef66fd57d0d.php
No syntax errors detected in ./.tmp/phpstan/cache/PHPStan/31/33/31332feab0484f629e5b5ae4687ddd44a5b4000ef3af0053ce56aa854cc1a781.php
No syntax errors detected in ./.tmp/phpstan/cache/PHPStan/31/91/3191c31f79ecdb3539669a056028142a2f08765d71e5e8347e915c5ed8fd1a13.php
No syntax errors detected in ./.tmp/phpstan/cache/PHPStan/31/85/3185f4769a0252f7ea9c63794633eef4fb6b34af0a540bd26ede69c5a8fe80c0.php
No syntax errors detected in ./.tmp/phpstan/cache/PHPStan/97/6d/976d9853a4261307eb35e4c4ac4c1ac5dd3e2e098ec2918799a84897c6212c24.php
No syntax errors detected in ./.tmp/phpstan/cache/PHPStan/97/c3/97c38877b807efea07eeffc411ca012179f72c62bb289644b27e9802f98221c9.php
No syntax errors detected in ./.tmp/phpstan/cache/PHPStan/97/4c/974c3563a606658b1cd08c2152b99f0121aa74ffbe964becb742f7479aa5ef97.php
No syntax errors detected in ./.tmp/phpstan/cache/PHPStan/97/7c/977c68ab75b59da75f29e8f78bffeef773cc2d1e1c9fc5c6516ca3797d5f1ffc.php
No syntax errors detected in ./.tmp/phpstan/cache/PHPStan/97/a1/97a1b848fbe56ac8efd401e2ce2443ff12fbe5e46509325ce9bf9c2ababd249f.php
No syntax errors detected in ./.tmp/phpstan/cache/PHPStan/97/6b/976bb3755ddb2df2d19233a143e34a3134aa078f81d402a6191c2c9cceb94f44.php
No syntax errors detected in ./.tmp/phpstan/cache/PHPStan/97/db/97db17afcafebd9dacd3fad5f7e6c11283b401b8dddf558f770bf7b0eab20849.php
No syntax errors detected in ./.tmp/phpstan/cache/PHPStan/97/4f/974f44de31aef2f4727a14a37e2d75ac618546d49c8e5dbcb05d9b4796a5dfc6.php
No syntax errors detected in ./.tmp/phpstan/cache/PHPStan/97/a4/97a452e0238c47f3ccf1162b5814fe5cd9c6d8e6c3f7f0b2a94f4632725d429c.php
No syntax errors detected in ./.tmp/phpstan/cache/PHPStan/97/87/9787a8e07c468e074f3592dca7538fffc69451c9c4110232c35c4d31f634f174.php
No syntax errors detected in ./.tmp/phpstan/cache/PHPStan/97/ef/97ef11587d8721bff2c17b6e668ba3fa272987ec4053c354cf87b2914aedcd85.php
No syntax errors detected in ./.tmp/phpstan/cache/PHPStan/97/de/97de803a638355425b84348e4c1cd0fd50b593360cd6c92d0c77d0bbb5270e93.php
No syntax errors detected in ./.tmp/phpstan/cache/PHPStan/97/4d/974d446c3088ded0f8224496c3f589579b5cf30ccbe9638ace23abb9b5248465.php
No syntax errors detected in ./.tmp/phpstan/cache/PHPStan/97/b6/97b65ea813727eb9f12714a796bffb053143b0ae422ffe71859d522ac6e5b064.php
No syntax errors detected in ./.tmp/phpstan/cache/PHPStan/97/31/9731c5a6b38015f3c23662f2b8f1616985e42c03f7e23184e142669d8b788a2c.php
No syntax errors detected in ./.tmp/phpstan/cache/PHPStan/10/f7/10f7bf5a87bc60c264a7213251f78df114fa6c1d15bfd7b512edf021dd05d7e6.php
No syntax errors detected in ./.tmp/phpstan/cache/PHPStan/10/ed/10ed9cfe1806352912e0b3ebbf2794fc1aa8bc88cf6440c7b76131813da8fd4e.php
No syntax errors detected in ./.tmp/phpstan/cache/PHPStan/10/5c/105c6f52de33e447860695508a3b17307dfb7c43ee5a7d303316b7d57fd3c455.php
No syntax errors detected in ./.tmp/phpstan/cache/PHPStan/10/aa/10aaab2bfb5f6b43b1d18f20320ba52428d473c931690066e0bc41815598a18c.php
No syntax errors detected in ./.tmp/phpstan/cache/PHPStan/10/5d/105d6834f2a93c77283f3b147ade3df998529b765ca0ba0c0c18fe77ad75406f.php
No syntax errors detected in ./.tmp/phpstan/cache/PHPStan/10/d4/10d4514a707fe07c55b7aaf52afb414d57752fe6ab97121f7fa8a4af9aa30bf2.php
No syntax errors detected in ./.tmp/phpstan/cache/PHPStan/65/53/6553359ecdbe38feb8cfb2e7d3993217a7d935473380bd4f03c975f9b3a19ba3.php
No syntax errors detected in ./.tmp/phpstan/cache/PHPStan/65/fe/65fe170d543e0bc97a1a594be979e2fd04393a4bf8bb912116fbbce15bbfe1c4.php
No syntax errors detected in ./.tmp/phpstan/cache/PHPStan/65/9a/659aaaac469516e94ce3f8e0c04d7c111a6cfc7f33a1571e232935c1eb195aa0.php
No syntax errors detected in ./.tmp/phpstan/cache/PHPStan/65/80/65805817ec47e58e114cc3e21a3537ccc614ba73639fbd00d898ea8aadadba4e.php
No syntax errors detected in ./.tmp/phpstan/cache/PHPStan/65/97/6597aa216b691389b4cc4efda546c14da08d94bb7797112f95fe20482f9ad55d.php
No syntax errors detected in ./.tmp/phpstan/cache/PHPStan/65/c1/65c1ed833811389d7b7a6cbf09ff1bbd935b73399cfbc99fffe8043edecfa635.php
No syntax errors detected in ./.tmp/phpstan/cache/PHPStan/f1/79/f179b6278c17fb22038a6b19eab2549bde33551e2bf178c40cd29aed8f28da65.php
No syntax errors detected in ./.tmp/phpstan/cache/PHPStan/f1/db/f1db28def4ce128eeef7ea5b727f4472610addef26518d837e9a0ef6dc5e0f33.php
No syntax errors detected in ./.tmp/phpstan/cache/PHPStan/f1/0b/f10b987007336245b656a9619406f068e7f5c9e612a4f2a579e14a6f86ee70d8.php
No syntax errors detected in ./.tmp/phpstan/cache/PHPStan/f1/00/f100710da80ceedcca956ef46db7260d106f536ff5f8ff5d14a7c8f4e4c7c34e.php
No syntax errors detected in ./.tmp/phpstan/cache/PHPStan/f1/2e/f12eb6877313f54ebe17bf1b910d611cea0e23d289ae2827f5bd96288bb41d61.php
No syntax errors detected in ./.tmp/phpstan/cache/PHPStan/f1/cd/f1cdcc23b4cb835314b56636de1fcb851084d24e99be92fe5f92845b54b4ca6b.php
No syntax errors detected in ./.tmp/phpstan/cache/PHPStan/f1/e2/f1e29f211f470858055e31c83b9ad99f533bb58bd8b621ed79e7bf726c5b97a7.php
No syntax errors detected in ./.tmp/phpstan/cache/PHPStan/f1/b2/f1b2b7dec45323f98cd09bc8b8e76e9ac957f8ac408b47b396d5e5b35693083b.php
No syntax errors detected in ./.tmp/phpstan/cache/PHPStan/f1/41/f141a3a164199d9be835de34ac368b3b3d5ef1cb114125e57ea5a01d10871e77.php
No syntax errors detected in ./.tmp/phpstan/cache/PHPStan/f1/26/f12629745d83ce2e72f054432655ae7df7aca588574654e67a41b3d73135df34.php
No syntax errors detected in ./.tmp/phpstan/cache/PHPStan/e5/48/e548004160e97da314323fcc0532539cf6cd532df645260131be8e6ed65d5b40.php
No syntax errors detected in ./.tmp/phpstan/cache/PHPStan/e5/3c/e53c21e4272d9fd24ec6ea2e7a483c0ad96a7cc78d2457ee37912be22f1bd0e6.php
No syntax errors detected in ./.tmp/phpstan/cache/PHPStan/e5/db/e5db090288ddda8bc7a19204090c337ec39b7bc1b26079f7659e8775b165d7c2.php
No syntax errors detected in ./.tmp/phpstan/cache/PHPStan/e5/da/e5da232001429597af17f70f2b1af47ee24281b371df6c30c116dcc32fa416c1.php
No syntax errors detected in ./.tmp/phpstan/cache/PHPStan/e5/58/e5580e24a4f179cde75ae759b9eb53d24aea9b0daffbd8e3e234b02e1641c479.php
No syntax errors detected in ./.tmp/phpstan/cache/PHPStan/e5/71/e5715e4c2803b6a3f9b5058efb8df2d6b1f8eef7a193a3ea1448df97dc56069c.php
No syntax errors detected in ./.tmp/phpstan/cache/PHPStan/e5/4d/e54d018c74ea1c20eff448acde1318bd9e1a6e2ec55a10bd5227761aa39f3350.php
No syntax errors detected in ./.tmp/phpstan/cache/PHPStan/e5/b9/e5b914728655d6aa8926ff82dd0125e5c757e8e58b67dec94560bd6135a78bdb.php
No syntax errors detected in ./.tmp/phpstan/cache/PHPStan/d4/1c/d41cea533160f25ddcd7622790de1a752d8159b0ca6bea178cde56e4d6554172.php
No syntax errors detected in ./.tmp/phpstan/cache/PHPStan/d4/7c/d47ccc76876820e5538b0d72c2cddfcfd12551ba8acba46a17b6f14895c65c1f.php
No syntax errors detected in ./.tmp/phpstan/cache/PHPStan/d4/5b/d45b8a9659cbd7a89e4421cf5c0038beb3cce6ce7f5f2b097ef05ee9f01f8c91.php
No syntax errors detected in ./.tmp/phpstan/cache/PHPStan/d4/f7/d4f79dc75adc5ece801d976378ef04c356c4ad57c4c926ea6027b1f3dcd2e4e6.php
No syntax errors detected in ./.tmp/phpstan/cache/PHPStan/d4/bc/d4bcdbd6dfb5aed83abdbad3cee1999d04c99926fd289fbfa946bfd509f0989d.php
No syntax errors detected in ./.tmp/phpstan/cache/PHPStan/d4/28/d428a951a4d1ace989e12e92b731ba4c48b12b70b28f810c84646e20603d2e0f.php
No syntax errors detected in ./.tmp/phpstan/cache/PHPStan/d4/db/d4db1c1e1b0dccbb44810392f9b4c18cb30cac0a43228662ded9aff5e96fe60a.php
No syntax errors detected in ./.tmp/phpstan/cache/PHPStan/d4/04/d40413e039bfd12871e8659056d1711ea24315e8dff1bd2b96bf0cf4711011bd.php
No syntax errors detected in ./.tmp/phpstan/cache/PHPStan/d4/01/d40175a98df866667d629b99e0bd05c15b243e1038e796998d91c00b27b6a945.php
No syntax errors detected in ./.tmp/phpstan/cache/PHPStan/d4/aa/d4aa3bc035a9181e4d30b0941af7a0d5ab180f2acb83f14614f36f39e7c4ed91.php
No syntax errors detected in ./.tmp/phpstan/cache/PHPStan/d4/ea/d4eae78f4859f3675ce58cba115e40acd66eae741cd67031876a8e24eac2e139.php
No syntax errors detected in ./.tmp/phpstan/cache/PHPStan/d4/80/d4801ca7f40db147fc81351029e4b2fc7a48d555588cd5cb26f484af0360edf9.php
No syntax errors detected in ./.tmp/phpstan/cache/PHPStan/d4/e5/d4e5b05281d6dc595bf97cd0a6b9ca2b3d31728971653cc6db8e626822dc8acc.php
No syntax errors detected in ./.tmp/phpstan/cache/PHPStan/83/f5/83f5d20fe3fe9eea98cc59eecca4481e81acb1d177fc8acb53727a1c53663cba.php
No syntax errors detected in ./.tmp/phpstan/cache/PHPStan/83/f5/83f5cae1b951738b3038f468935be87567c7f5f742dd53dfe82e0ac14733852a.php
No syntax errors detected in ./.tmp/phpstan/cache/PHPStan/83/25/8325dfbe6f3dc9a749787ebf5785015694a25a1cd415d92df2c40a1d8508b445.php
No syntax errors detected in ./.tmp/phpstan/cache/PHPStan/83/d5/83d5c71cf58616c45ca7f20155bdb0cff539619d096093146c8440995f3da01b.php
No syntax errors detected in ./.tmp/phpstan/cache/PHPStan/83/70/8370eaac897aa116eddc4e3713d0d1b0760c3492f1ddce517a92add5f397ecef.php
No syntax errors detected in ./.tmp/phpstan/cache/PHPStan/83/ac/83acfd00bf74bc08607e5e7414d37f063dc8a2cb07e08c1ad63066e5e0227e00.php
No syntax errors detected in ./.tmp/phpstan/cache/PHPStan/83/f1/83f18d0c7e74bdb948494e2267aa6299b9a084d8ad51d58d5923c5af95aa2e61.php
No syntax errors detected in ./.tmp/phpstan/cache/PHPStan/83/75/8375681df03b95ac42440b347d6243661c44ec52665d438e500efcea00305464.php
No syntax errors detected in ./.tmp/phpstan/cache/PHPStan/54/b0/54b022c2f15b4b355a9b313f3cd3c84a9e2a565dee7d6f4aa3310f0b2d7581c9.php
No syntax errors detected in ./.tmp/phpstan/cache/PHPStan/54/6b/546bfefcb60a8b6ecad88e2cbe346a45db5b704b5a444c29c53aeda4586675e1.php
No syntax errors detected in ./.tmp/phpstan/cache/PHPStan/54/da/54da0b9dba9a96b665318dd74f95ba892dbf47b912c938bc0f3d4319ebd6bcb1.php
No syntax errors detected in ./.tmp/phpstan/cache/PHPStan/54/40/54406d0ebae0da67151a9aed4c14b164904fa18d7082f30ad85bfc23bcfcd67d.php
No syntax errors detected in ./.tmp/phpstan/cache/PHPStan/54/9d/549d734dfdea205609dd143258cd27da52fa7923225018f47f18a57152463a1a.php
No syntax errors detected in ./.tmp/phpstan/cache/PHPStan/54/78/547835cd6ecb870c219bec03c3b79a36125e29829562ca041f6352b7cb45bf36.php
No syntax errors detected in ./.tmp/phpstan/cache/PHPStan/54/1a/541a8904ac9e316f8d83725c015a53edc1b1cf82beb2ab9e621f62dd23fb1d22.php
No syntax errors detected in ./.tmp/phpstan/cache/PHPStan/54/19/5419eb94ad51eabb304fa5c0bae00e31c8d557689e1d2e481c13c75f4cb0c605.php
No syntax errors detected in ./.tmp/phpstan/cache/PHPStan/68/73/6873a58b1eb2185ab0a10bcc3657824321481c43c9f5c9a29b2b38a925893952.php
No syntax errors detected in ./.tmp/phpstan/cache/PHPStan/68/bd/68bd4e50d4b704ebf3d02958aec09b9fb5707a6ac45230a18026b5e812065f85.php
No syntax errors detected in ./.tmp/phpstan/cache/PHPStan/68/2a/682ac1006362de173fe900b4eeeb8d360742492bc30c0a9563ce8540388c50b1.php
No syntax errors detected in ./.tmp/phpstan/cache/PHPStan/68/ce/68ce5cba3ae11c0833bdf5932a977e7d4e277b5ba552aa0303ec4975b701756c.php
No syntax errors detected in ./.tmp/phpstan/cache/PHPStan/68/28/6828e58a404b2421c016c33d40a01b88079e053b8888f66a53c197651f1b426c.php
No syntax errors detected in ./.tmp/phpstan/cache/PHPStan/68/d0/68d0cf53d9b102b6dde5dfdd8d731dd169f5c810c8a14fd0cbb61093c86c0bcf.php
No syntax errors detected in ./.tmp/phpstan/cache/PHPStan/68/4a/684a7231d4d30858fad8051204b406cf8db7acf33c15571e863110f715e25c34.php
No syntax errors detected in ./.tmp/phpstan/cache/PHPStan/68/72/6872888004139cc391c369822a2c044d3d7b55865812e6761dfbc1bfa1833646.php
No syntax errors detected in ./.tmp/phpstan/cache/PHPStan/68/26/68264c69c4ea10476bb280db5d6cc52d0b2788cd134ce979727ad711f7ef22ae.php
No syntax errors detected in ./.tmp/phpstan/cache/PHPStan/68/1a/681a6610087437e6bf88893b2da25acda50350ad0e852e61c3daf677e9f41333.php
No syntax errors detected in ./.tmp/phpstan/cache/PHPStan/68/c7/68c74638881782159b1cea06aa70abfef2f31bdd2c9102d01087d31554f08bd0.php
No syntax errors detected in ./.tmp/phpstan/cache/PHPStan/68/84/6884eba300199acd2a5458ce357a856cca9f94a0fe66c155dccea48f7b215499.php
No syntax errors detected in ./.tmp/phpstan/cache/PHPStan/c8/be/c8beb8b71237840db326cf06e803335f3953f7ef0e7d74a1bf0bc91351a13f0c.php
No syntax errors detected in ./.tmp/phpstan/cache/PHPStan/c8/5b/c85bb62ddbfa26007cd53edc43c7c092f9858232eff0c47f2b8ec56126524f9f.php
No syntax errors detected in ./.tmp/phpstan/cache/PHPStan/c8/b4/c8b45ff57a99db930c2aeb90d296c284da5ca4962b4da5e3fa1de52376e4bc36.php
No syntax errors detected in ./.tmp/phpstan/cache/PHPStan/c8/14/c814a03a4f908399deab398bec9b2f4124cbe795a6a9ae78cef960130a81ed76.php
No syntax errors detected in ./.tmp/phpstan/cache/PHPStan/c8/ba/c8ba401e3b219e0dc9c40902dacdd64173936b0384752c068b22236664389b71.php
No syntax errors detected in ./.tmp/phpstan/cache/PHPStan/c8/99/c899ad62eb1fbe4989a1777f98eaebae957dae4092a6012b23a7b6225d9dcf7f.php
No syntax errors detected in ./.tmp/phpstan/cache/PHPStan/c8/d9/c8d91ef3f74239691955f66d9b21e41892f982c0a2b509a86a55c51722c8bd29.php
No syntax errors detected in ./.tmp/phpstan/cache/PHPStan/c8/2f/c82f1482db193000d04119f20a1fc800c12da5298267518c65c3e824251df06d.php
No syntax errors detected in ./.tmp/phpstan/cache/PHPStan/dd/8b/dd8b5c007ffaf85e5233b9ec7f79b99441395a5e9466f5d3bea9d9529c23cb63.php
No syntax errors detected in ./.tmp/phpstan/cache/PHPStan/dd/33/dd330b47f0021e79132c8ca575e4dd0197073bddf035705d1d17eed4fe956a98.php
No syntax errors detected in ./.tmp/phpstan/cache/PHPStan/dd/76/dd76be4639993316a476f4cc1cd31f6411dbacc6719bb6d036082d8e71c7b37d.php
No syntax errors detected in ./.tmp/phpstan/cache/PHPStan/dd/92/dd92251037cda261a90025c5f88ef10e3f192c519399b9feaa2fbc3371ab86e4.php
No syntax errors detected in ./.tmp/phpstan/cache/PHPStan/dd/03/dd03822189a950b858ca3033568074bb12ac3f16b014ad6faa6d3c772b461c3e.php
No syntax errors detected in ./.tmp/phpstan/cache/PHPStan/dd/09/dd0957f0d025ca0f5ba6b4b4c4d616fa3c199251515a780f6138a3c8f1977ea1.php
No syntax errors detected in ./.tmp/phpstan/cache/PHPStan/dd/c0/ddc04ff4159bcc2a9ce11832642d6901998af5584f03f42a4ba37472a94020d3.php
No syntax errors detected in ./.tmp/phpstan/cache/PHPStan/dd/68/dd68488d8273a901475eef7fe01bf12aba768e5a614d13efea903cd9601ffaea.php
No syntax errors detected in ./.tmp/phpstan/cache/PHPStan/75/20/7520834ad47858e97827615698fc984f6f64fa1f6db9efbce4db1a5e9e038aa1.php
No syntax errors detected in ./.tmp/phpstan/cache/PHPStan/75/87/75870bf604bb24bf3c251a4b077c04ba6a7e822b029289e71b42a86ebae24ee4.php
No syntax errors detected in ./.tmp/phpstan/cache/PHPStan/75/de/75de057d2a9bb54aaebde2df213293d36ab8e71f0dad9e18fc6cd00b0587244b.php
No syntax errors detected in ./.tmp/phpstan/cache/PHPStan/75/aa/75aa483b870d899b3ebbeca4f18b05048ae3f47b96bc2c2360a7035c452b2cbc.php
No syntax errors detected in ./.tmp/phpstan/cache/PHPStan/75/b6/75b679276e1d7b8d89f428dcc44bfea0f605f48fd954807ed23e8f95354fb192.php
No syntax errors detected in ./.tmp/phpstan/cache/PHPStan/75/26/7526683af7ee7e3e2c3d0ceeea664b9194fe2927c240db632fdcf1cbbe794516.php
No syntax errors detected in ./.tmp/phpstan/cache/PHPStan/2c/49/2c49f3ae030f3d23187042edaee126859d8c6b555aa2a575b10c90f64247870b.php
No syntax errors detected in ./.tmp/phpstan/cache/PHPStan/2c/8b/2c8bb59f42e10f46b4c52a5b00a11d29bbd5d4f582daa39660617a55800b7680.php
No syntax errors detected in ./.tmp/phpstan/cache/PHPStan/2c/98/2c9809f1260b6cc2a6c41549c5b3507c00d7b4304c1158f7ee025c45efd211f9.php
No syntax errors detected in ./.tmp/phpstan/cache/PHPStan/2c/2e/2c2eeae9cbc58a9d91440ef262ff2351f49cbde294f8a1eb214451a53309f659.php
No syntax errors detected in ./.tmp/phpstan/cache/PHPStan/2c/11/2c11e97f6550e1cb571175908f439200e3be14b5394824397618e159014b2567.php
No syntax errors detected in ./.tmp/phpstan/cache/PHPStan/2c/5e/2c5e3fb4b9415dc39953b0988afe4ebc4499c30b25a9aad28437df890d9ab9a5.php
No syntax errors detected in ./.tmp/phpstan/cache/PHPStan/38/4c/384ca77ffe8fad2e61eabb6fd0161e94c485c5d9e5f616e7eac0b43b75c5f45c.php
No syntax errors detected in ./.tmp/phpstan/cache/PHPStan/38/d6/38d6fad4a05d8f689120c31275e79fced871369084dd467ce079a1318ad13dd7.php
No syntax errors detected in ./.tmp/phpstan/cache/PHPStan/38/f7/38f7a414e6a5db30394ebfef93dc08688290d05c45a56785efb55334ff69cd51.php
No syntax errors detected in ./.tmp/phpstan/cache/PHPStan/38/56/38567d86b58b652175fad95f0ef2f412e12e537494af1d98c4b6bc3519d0bdbf.php
No syntax errors detected in ./.tmp/phpstan/cache/PHPStan/38/9b/389bc091d725bf82e4c275e32ffc5fd288a8ba589bb2aeb1f44bc174d0333ce8.php
No syntax errors detected in ./.tmp/phpstan/cache/PHPStan/38/2e/382e0147429e3dd0720cf3f55f6a06c58dc240f20be8e72b34cf5af6ce2567da.php
No syntax errors detected in ./.tmp/phpstan/cache/PHPStan/38/7a/387ad4f29ab871c714738f60544b39402e4b657819611ba6a7e3558643a4b497.php
No syntax errors detected in ./.tmp/phpstan/cache/PHPStan/38/9a/389adf731f34ce15e4af796cfd871c9a5191ae3c0f114eb16e116cca817a08fc.php
No syntax errors detected in ./.tmp/phpstan/cache/PHPStan/38/16/381645f33a10070a0800f4725082c0ce083ac1ca54608c149cd509983ae9ee12.php
No syntax errors detected in ./.tmp/phpstan/cache/PHPStan/38/80/3880f851e6ad30d6d4dc2eff7cf4100061ecd4dba7b56dda23ddf7f45e1588a8.php
No syntax errors detected in ./.tmp/phpstan/cache/PHPStan/38/bf/38bfe98b0fb0114fadd348135774deee798cb44f1f6f194e65b4f0277ca28cb4.php
No syntax errors detected in ./.tmp/phpstan/cache/PHPStan/17/72/1772b9e79e135a00a4bc31640645775fefaf83f2f4a84445a05bacea6c560013.php
No syntax errors detected in ./.tmp/phpstan/cache/PHPStan/17/19/17190d19ad12e869b557fcdad16ccb3ad43813dad3c2b10ec86ac967e704ee3d.php
No syntax errors detected in ./.tmp/phpstan/cache/PHPStan/17/5e/175e2ee3f31d2ac6c17abe9b926c4613671950a3248a57ffa492024a5ec6beb3.php
No syntax errors detected in ./.tmp/phpstan/cache/PHPStan/17/fc/17fcf9f7b4d78c193ee12c1bcc05eb9eeb36650e540bc088959a381293895c75.php
No syntax errors detected in ./.tmp/phpstan/cache/PHPStan/17/d9/17d9f9b19d38c52cb35153d3701d4b063f76ec68b40d51dfc01a3860244e599e.php
No syntax errors detected in ./.tmp/phpstan/cache/PHPStan/17/38/1738d5c20bed9cd2042905a5de67aecc476bb527a84bb539fade201dd7c686eb.php
No syntax errors detected in ./.tmp/phpstan/cache/PHPStan/a6/27/a627fa3505079b9037430fa031f4c2062e094a8fc6e4161025198cd2fc9e14e7.php
No syntax errors detected in ./.tmp/phpstan/cache/PHPStan/a6/7d/a67d57e198427e89e1613cfca3beeb41adea854fc4c11e962d5689a29b8a2fec.php
No syntax errors detected in ./.tmp/phpstan/cache/PHPStan/a6/5b/a65b641da34d886c29e06f98c0b7d82d03813414543f9bfc1cb8038c2e9c1875.php
No syntax errors detected in ./.tmp/phpstan/cache/PHPStan/a6/47/a647905c93fa92573267b8cff2af8fd212fb3e8224aa6bd38948db107b4aa993.php
No syntax errors detected in ./.tmp/phpstan/cache/PHPStan/a6/92/a6923f40228ca10d68ad4e96c42320f16cdb3e2193782c75f418dcae4cca58de.php
No syntax errors detected in ./.tmp/phpstan/cache/PHPStan/a6/4d/a64d954e98fbb08d732f4891c72e38471e7ecfd716b9a99410df853698ded9d8.php
No syntax errors detected in ./.tmp/phpstan/cache/PHPStan/a6/ea/a6ead11f78b6531b04172d713b9c69296819641c40a594a9d0171188ef24c5da.php
No syntax errors detected in ./.tmp/phpstan/cache/PHPStan/a6/6e/a66ef00b4915b1060db43397ded413c141e49fc27434e3d040d431eb9abacdb7.php
No syntax errors detected in ./.tmp/phpstan/cache/PHPStan/ca/bb/cabbc2c56e67b14f6ef27c6496d37f14670788f21f527ecbfd58fa46f705e399.php
No syntax errors detected in ./.tmp/phpstan/cache/PHPStan/ca/39/ca3981b5fc35dd3e55849c53cee659c2b6a80ff714e7fbf431e42f58a6a70f1b.php
No syntax errors detected in ./.tmp/phpstan/cache/PHPStan/ca/02/ca02fb60f956fb99dc021881ee27883afeb83dbed788144af73c4f40066aa5d1.php
No syntax errors detected in ./.tmp/phpstan/cache/PHPStan/ca/50/ca5011d1d7e4b4f09f91a11e1e9d695052c49810d8b05aa3045afaa8d3d54848.php
No syntax errors detected in ./.tmp/phpstan/cache/PHPStan/ca/85/ca85f691993ca8bdc9e8927fd7312f8d012d8e75e96014d6004618776856f0e5.php
No syntax errors detected in ./.tmp/phpstan/cache/PHPStan/ca/6f/ca6f6559c4b6a3000a85a73ba421497c7745a1ca8010aea47b0436abc1bb5afc.php
No syntax errors detected in ./.tmp/phpstan/cache/PHPStan/ca/a6/caa65e5c83aa9f89924fc63550a4b9421fd3fc813f80228d46d228233b179d23.php
No syntax errors detected in ./.tmp/phpstan/cache/PHPStan/c2/e3/c2e3f86d038705cf775d7606050e6a042e0723b17dafd30406b85dea68c01cf8.php
No syntax errors detected in ./.tmp/phpstan/cache/PHPStan/c2/ee/c2ee35816d9035ae31dcb86576c0bc708f7d7d5ad657c399b74efc92e652efbf.php
No syntax errors detected in ./.tmp/phpstan/cache/PHPStan/c2/df/c2df94df6a092af5395062d27b49d5234c66d1fd4aa5de13b386fc8aadb6b0c6.php
No syntax errors detected in ./.tmp/phpstan/cache/PHPStan/c2/12/c212b9ada65ffd69e3690d717a9596ad3aa610f47e171ee2d4bdc6e746a56b69.php
No syntax errors detected in ./.tmp/phpstan/cache/PHPStan/c2/4f/c24fef7f845f49c38e85aae6a5e50977ad4bd463ac299ea777090c9c7623a1cb.php
No syntax errors detected in ./.tmp/phpstan/cache/PHPStan/c2/d8/c2d809e15803a7df97fc2c69ce41d0130bc1a2eecc8defa0f519bca84821e4ba.php
No syntax errors detected in ./.tmp/phpstan/cache/PHPStan/c2/c6/c2c604967b73cac1752e131dae2d639d620c408e4d3b5aebf6dcf9eda718581c.php
No syntax errors detected in ./.tmp/phpstan/cache/PHPStan/c2/6c/c26cf32778d335fb860f96071db9e6152cff592f1948afc1d6a69d7467ed0e4f.php
No syntax errors detected in ./.tmp/phpstan/cache/PHPStan/22/f5/22f57229af34427358806e4d1f67d3b5471156d5393a79e8958935d11a930db7.php
No syntax errors detected in ./.tmp/phpstan/cache/PHPStan/22/8b/228b36c7e13671380c06effc86f21c2a9effe3691ea8bff0b96698b14256af67.php
No syntax errors detected in ./.tmp/phpstan/cache/PHPStan/22/54/2254ddc4c34d1b570fd3e8995682251c23ea9e3f252c5ba2d6fe36a015d82f5a.php
No syntax errors detected in ./.tmp/phpstan/cache/PHPStan/c1/52/c1527c953b775bd46648faa3c1db36a1e669ea43839ac2eda7410255cdb0d7dc.php
No syntax errors detected in ./.tmp/phpstan/cache/PHPStan/c1/20/c1208b42d7088867fe51c157137b0f0b6d57dec72607812d5f97a93daf0f651d.php
No syntax errors detected in ./.tmp/phpstan/cache/PHPStan/c1/82/c182554b7a2106dd5bb2826acd74ba0871963ca03aad4224dc4719e3c0d7f0d5.php
No syntax errors detected in ./.tmp/phpstan/cache/PHPStan/c1/6b/c16bd4d92d36edb850314eabeaf63cee9c7f4ccfae84ff37b2d83574d82748a0.php
No syntax errors detected in ./.tmp/phpstan/cache/PHPStan/c1/7f/c17ffc4538b284aa898e11d582012c811779f4d406c52f22aba1d9ba18dc43ab.php
No syntax errors detected in ./.tmp/phpstan/cache/PHPStan/c1/58/c158366f02504bb135fc1b2935ca678dff72619e55eb2bb744ea68df84072587.php
No syntax errors detected in ./.tmp/phpstan/cache/PHPStan/c1/50/c150045a8af6bab6f6296976583bda9dc5831d04a1f7b74c1fc8a6f4a32218e3.php
No syntax errors detected in ./.tmp/phpstan/cache/PHPStan/c1/16/c116276b6ffb812e5f749121970291099d656822c4dea8156743f311c3f1dfc3.php
No syntax errors detected in ./.tmp/phpstan/cache/PHPStan/c1/16/c1168812833f5b2ea8e88f3f7bb60190951ff3682eaa3f0cacf69cf5df2a542f.php
No syntax errors detected in ./.tmp/phpstan/cache/PHPStan/c1/85/c185c5477303cbc9edb98fc64b4ef21de2c4692ee144e4366c018aa712cec7b6.php
No syntax errors detected in ./.tmp/phpstan/cache/PHPStan/c1/ec/c1eccb668fbd06db2c17d4a125a13fdafd02ac15a20aa5bd8c204d85d56c3cdc.php
No syntax errors detected in ./.tmp/phpstan/cache/PHPStan/c1/09/c1093649be4366953b32253d4cf7e349e9eeeafcb710b70936984c53bc28be30.php
No syntax errors detected in ./.tmp/phpstan/cache/PHPStan/c1/a7/c1a7a6bb88e95f92edef4b1bfaf34ab2e34589dc45833ba7cb8d44891600e62b.php
No syntax errors detected in ./.tmp/phpstan/cache/PHPStan/c1/bf/c1bfa683105932740fc2928d6821b66461afd4e1651a3018d8ad01e4cd8206ec.php
No syntax errors detected in ./.tmp/phpstan/cache/PHPStan/b3/49/b3492c1532b10b5d565d252d83db8d771220fd4d7ee61c046975718338016d12.php
No syntax errors detected in ./.tmp/phpstan/cache/PHPStan/b3/6d/b36dd8fa955b5466231205d5d8b3066d7a312e7489b692c602ea5d9842121e5b.php
No syntax errors detected in ./.tmp/phpstan/cache/PHPStan/b3/c3/b3c3d083a36d77398597ebb2094496783e453ec962052aecf76eacbfaae41e2c.php
No syntax errors detected in ./.tmp/phpstan/cache/PHPStan/b3/47/b34751aca182cf5cca3c215315b2e40fea03a8b82c5e5c34b21a799407fb0add.php
No syntax errors detected in ./.tmp/phpstan/cache/PHPStan/b3/14/b314abde6336bea24376946ccb4ce6ef9e4cc36ab4d962ba25517a29ec746dd1.php
No syntax errors detected in ./.tmp/phpstan/cache/PHPStan/b3/89/b389f241a4a2cbf0ba3a24c98ad17b358e3a1a82317fe6788da5a13995e6f2ed.php
No syntax errors detected in ./.tmp/phpstan/cache/PHPStan/b3/89/b389c1c32e73e72f7e7a122533979f8c33779f1021ae64fc27ba77f4aa62201a.php
No syntax errors detected in ./.tmp/phpstan/cache/PHPStan/b3/cd/b3cdd5fd887c530ee3b3d0ef1f0a52ea2590e78f454454222bd387bf8f40494f.php
No syntax errors detected in ./.tmp/phpstan/cache/PHPStan/b3/57/b3571247249655682607111ab77f82c2b016480a3149de127b2b454d757523e5.php
No syntax errors detected in ./.tmp/phpstan/cache/PHPStan/b3/7a/b37add1b9c46ae87a44d7adf603bec3e8e0c6902e505e341354fbd58e267c866.php
No syntax errors detected in ./.tmp/phpstan/cache/PHPStan/b3/ba/b3ba24a240238f1df1f4b0dceb73c7ee2d3f7f0c9dd89ea90c1cffe771868c6d.php
No syntax errors detected in ./.tmp/phpstan/cache/PHPStan/b3/32/b332bb0470b58e5ebf4f4ffa22d5aa0d3c17eada43cb6026651e9f97556f2ab0.php
No syntax errors detected in ./.tmp/phpstan/cache/PHPStan/95/52/955210e3d9ff7d98bad704abe21d05f81281b12d98e7fcce92e33145b10770be.php
No syntax errors detected in ./.tmp/phpstan/cache/PHPStan/95/a3/95a399bbe2e475c2c4871259fd81195561bb8a53adaef5efdf5144ae219a5859.php
No syntax errors detected in ./.tmp/phpstan/cache/PHPStan/95/a8/95a80cb92de581b19b5fe759f72721200b5cce66d249844d03d7d9836962a9b2.php
No syntax errors detected in ./.tmp/phpstan/cache/PHPStan/95/d0/95d0c1ae1210fe2c6f397362aa82017f1f6359bba065d8dbecec20536b5983b6.php
No syntax errors detected in ./.tmp/phpstan/cache/PHPStan/95/a6/95a69abc8d6a93694c9f0ee764d943ceac31e6c40f37aff069119e807954f7f3.php
No syntax errors detected in ./.tmp/phpstan/cache/PHPStan/18/98/18989129d157705cdf840cfbc08e86609423ffe9e1c4bfc91b38350c12bd05c3.php
No syntax errors detected in ./.tmp/phpstan/cache/PHPStan/18/a9/18a94d225af08695ed7b301c5552e6baff396a347e1f385736111777a9e73c4b.php
No syntax errors detected in ./.tmp/phpstan/cache/PHPStan/18/fd/18fd035b7750198d9a4f74039c33d476cd5163f5a3aed19b79fd0483fedafc8b.php
No syntax errors detected in ./.tmp/phpstan/cache/PHPStan/18/e1/18e10749a0d8e1204b924b98a20e1ce934382cf1f1e2938cc808116a96e88da4.php
No syntax errors detected in ./.tmp/phpstan/cache/PHPStan/18/b5/18b5a67bc36727f867f9ca31a5b3a2f523d0a042e0b3aa0d0dd1cff02b8bb707.php
No syntax errors detected in ./.tmp/phpstan/cache/PHPStan/18/72/1872ac01d96d34814f510da12b02b081a45b49ad796078c3456c7675d86a15ad.php
No syntax errors detected in ./.tmp/phpstan/cache/PHPStan/18/41/1841fe49d59ca2ea0a01b161a49b931899b24835e31f69544282a9433252a403.php
No syntax errors detected in ./.tmp/phpstan/cache/PHPStan/62/ad/62ad6723a74102f0624fa296a7d4c72fcef51669d0ec957e66ce11c6e1b5d6c3.php
No syntax errors detected in ./.tmp/phpstan/cache/PHPStan/62/a1/62a18026b312c464ac097117a3b0fe04b92ffe9d316643c1ee7256c9685c96fa.php
No syntax errors detected in ./.tmp/phpstan/cache/PHPStan/62/55/62554e8e31ce399a7cc02ddd0c1a8b418ba86d9acd629db718d3b8a0c1bf65bd.php
No syntax errors detected in ./.tmp/phpstan/cache/PHPStan/62/37/6237e88d3947e3627bd6357d4fb28764937a3c96dbf8349df390c656ce08a4c8.php
No syntax errors detected in ./.tmp/phpstan/cache/PHPStan/62/d8/62d8b5292905b4c958068cfb716d207338bf4df1ee8dfb173210aa224f8df89e.php
No syntax errors detected in ./.tmp/phpstan/cache/PHPStan/62/9a/629a4c32d91ea673096bc4140c24844f7b804aa851ebd32595f68ffe9867e5da.php
No syntax errors detected in ./.tmp/phpstan/cache/PHPStan/62/e2/62e21cc8a697cc7b84b2fb56cbe4bbd632770a424d4a3c39367b896627d1ca8d.php
No syntax errors detected in ./.tmp/phpstan/cache/PHPStan/62/93/6293bceb6f4073d8197eaa7d3251cc318ee802380168b12601f1bb71046267fc.php
No syntax errors detected in ./.tmp/phpstan/cache/PHPStan/62/84/6284a859dab68de237a21b39ee872f908e10970d1c7581935a66c18f196a2f28.php
No syntax errors detected in ./.tmp/phpstan/cache/PHPStan/62/e6/62e6b94287b8449bb22df3313d2a102c36c02476ddd23886cd8dd71338918365.php
No syntax errors detected in ./.tmp/phpstan/cache/PHPStan/59/7d/597d2f1e7bd77ce832eefffb050c9611a5014fc641416caff64f577a6dd6a05d.php
No syntax errors detected in ./.tmp/phpstan/cache/PHPStan/59/cc/59cccfe46a5e2670657447dbaa38e8f8197f6b7a5a52de98313d4e8a4887b4f2.php
No syntax errors detected in ./.tmp/phpstan/cache/PHPStan/59/89/5989a9989e90b552ec407112849151b7cdbcbbe21bb5fd949f42483f33f3bcb2.php
No syntax errors detected in ./.tmp/phpstan/cache/PHPStan/59/d0/59d059c5802b200aaba88b33c870f49f4711e54ae2afdacbd5349238a24a5d76.php
No syntax errors detected in ./.tmp/phpstan/cache/PHPStan/59/ae/59ae2578f48a35706ea00a0b654598be46517e09416bd970637aedc109e6d612.php
No syntax errors detected in ./.tmp/phpstan/cache/PHPStan/59/af/59af14708e8af7ae1093f9ce05597414700ba6f3b1f3b0ce8183f03157263db4.php
No syntax errors detected in ./.tmp/phpstan/cache/PHPStan/59/5d/595d73a95026e259084b259252b30b188bc806e2a4b944ab6c5794eb281ed636.php
No syntax errors detected in ./.tmp/phpstan/cache/PHPStan/b7/6b/b76b0d3f45cc7f18a8952f6891454e5f18bc98cbcbd5f35602fec0cd432fb735.php
No syntax errors detected in ./.tmp/phpstan/cache/PHPStan/b7/5c/b75c11f16bf2e5e3a0a301765a4ce921606e945ce4f89a44dc240b067ae041d2.php
No syntax errors detected in ./.tmp/phpstan/cache/PHPStan/b7/f8/b7f8958da201e68a5c071672a02ec49029d6a4c70274480984b7afceab908476.php
No syntax errors detected in ./.tmp/phpstan/cache/PHPStan/b7/4e/b74ede9407ced3a785c962203d9e6d3377199dcaccfe1578553dbb0c7d70b4b5.php
No syntax errors detected in ./.tmp/phpstan/cache/PHPStan/b7/04/b704f146bba5cbd290c027e296996cc2266cf3054e03b08f7d790f4c1fd04c58.php
No syntax errors detected in ./.tmp/phpstan/cache/PHPStan/b7/ac/b7ac46e65706dd24278a61254141ab45b36b3a02c950a87c67b02b5ddadbc6dc.php
No syntax errors detected in ./.tmp/phpstan/cache/PHPStan/b7/38/b7386169537a43c822bfd2e07188eba01f85477f0979ad913f42afef17f57f73.php
No syntax errors detected in ./.tmp/phpstan/cache/PHPStan/b7/95/b7950e3f350cd376e13219409cae27ae0f593f36a4941dfbb1cc227a335f5759.php
No syntax errors detected in ./.tmp/phpstan/cache/PHPStan/6e/27/6e2714c4dc0af48d04774d85ba81a5e0b651f8114888d947f4ea05db57a35823.php
No syntax errors detected in ./.tmp/phpstan/cache/PHPStan/6e/47/6e475f36226578b4e938d96d82882d45231aea304854f311018526c3e9475b18.php
No syntax errors detected in ./.tmp/phpstan/cache/PHPStan/6e/64/6e647bf2571225e3bb83732633d0b1772271efd7dbe822b5cae0838ce53046d5.php
No syntax errors detected in ./.tmp/phpstan/cache/PHPStan/6e/fd/6efddd241e412c688b09d302b5f92047a874f4f5f6d71d3eb059c6adff6a40cb.php
No syntax errors detected in ./.tmp/phpstan/cache/PHPStan/6e/19/6e19435de9895c9e7c7dc8c391a20312fba7239251f8dbedbf89d087b8ccfbdf.php
No syntax errors detected in ./.tmp/phpstan/cache/PHPStan/6e/d9/6ed91e98dc21ea7e46f2ca124821b19133639df5b4ff3ffb764f7381a78d121e.php
No syntax errors detected in ./.tmp/phpstan/cache/PHPStan/6e/95/6e952197da81782b59aece774330dad2a5c7a3117ed6a3d2ece38125a3848fb2.php
No syntax errors detected in ./.tmp/phpstan/cache/PHPStan/6e/59/6e59588c9139480708570eaaaddabc75671fc75c6a29d7134443db3ee9fa1ea8.php
No syntax errors detected in ./.tmp/phpstan/cache/PHPStan/6e/2f/6e2fabaabf8be10b6f52de7c798927b1ff54f44aa8df5c53e644679cf92611c0.php
No syntax errors detected in ./.tmp/phpstan/cache/PHPStan/b9/49/b949e112d1eab0a3db9c343ded7e9b94d4608cf57989def8260cb398106b74af.php
No syntax errors detected in ./.tmp/phpstan/cache/PHPStan/b9/73/b973a36f9fbb6cd0304e080708a0d731feb3bcdbca5b22c25982d8e107417eae.php
No syntax errors detected in ./.tmp/phpstan/cache/PHPStan/b9/5a/b95a1b4110cdf35412d8ea58e4a87973217895dcd9fc640921b8ba77b2b4e149.php
No syntax errors detected in ./.tmp/phpstan/cache/PHPStan/b9/e1/b9e18d7263367a0f4a2ce14c06a79d4255c38e22a07ed9297dcd49479699547d.php
No syntax errors detected in ./.tmp/phpstan/cache/PHPStan/b9/76/b9764aa33d236b97956187fc6f69894e40dadc70c73808a5b4438676c214dfdf.php
No syntax errors detected in ./.tmp/phpstan/cache/PHPStan/b9/6f/b96f0eef6819ef5a54dff708dca1df99595949d28a667058d0859043c63a3de0.php
No syntax errors detected in ./.tmp/phpstan/cache/PHPStan/b9/5e/b95ee9082e9615defe4a7f000fd3740d4f844c4e9c2bac356d1a3765afed9d97.php
No syntax errors detected in ./.tmp/phpstan/cache/PHPStan/e9/8e/e98effa9bcad9a55dc71aa221b4458191f4de26f973fce9413de1bf56af1a997.php
No syntax errors detected in ./.tmp/phpstan/cache/PHPStan/e9/0e/e90e0dfe63e754e20350fbefa6d2373c5b067e9f4051f859bc8d837754e170a4.php
No syntax errors detected in ./.tmp/phpstan/cache/PHPStan/e9/c6/e9c6c54d8230d1408afa263011c7f8322db6eaaf55a4d0ef42d739d473b1ff80.php
No syntax errors detected in ./.tmp/phpstan/cache/PHPStan/e9/ea/e9ea5c5bc45a6eddd63a8ba176e2a64684bfeaa81e7455b69d6ec3247a264fa8.php
No syntax errors detected in ./.tmp/phpstan/cache/PHPStan/e9/0d/e90d24bd170323f0463186c17eafbb2ebafcaab9a8a83ed0b49cb8412c5dd6bc.php
No syntax errors detected in ./.tmp/phpstan/cache/PHPStan/e9/c2/e9c2f63b7cc864268eb1f8b37c0f6f609107851f839b4ab6df64cf7f60bcb7df.php
No syntax errors detected in ./.tmp/phpstan/cache/PHPStan/2f/07/2f07f6b2ed828bd2ce898af0e051380c4b8ab8f72f2012181544b51d08b0dade.php
No syntax errors detected in ./.tmp/phpstan/cache/PHPStan/2f/02/2f026b2b144dcb02cf4d568d8e542200960efa59ef2b6ba8675f9e2bf128ee27.php
No syntax errors detected in ./.tmp/phpstan/cache/PHPStan/2f/a9/2fa9a0f42ebc74ca8f2b0bdf45de9de0b39253e0943f736ec26eae1e8ae68c11.php
No syntax errors detected in ./.tmp/phpstan/cache/PHPStan/2f/80/2f80af1f3711a27007cfbc9090974130fdf2017447b52b222dae8dc28e1224a8.php
No syntax errors detected in ./.tmp/phpstan/cache/PHPStan/2f/41/2f41d22e208060aab3d05ba8ff4271581e4e24f1575a8df4dd81809f36e062e3.php
No syntax errors detected in ./.tmp/phpstan/cache/PHPStan/2f/23/2f2370cd216ba014fd9b031ad9ebc7c45c8f2f17bb6a002fa5e728d2c16e8fd9.php
No syntax errors detected in ./phpstan-bootstrap.php

=== phpcs ===
[33mW[0m.[33mW[0m.[33mW[0m[33mW[0m[33mW[0m[33mW[0m.[33mW[0m[33mW[0m[33mW[0m[33mW[0m.[33mW[0m.[33mW[0m[33mW[0m[33mW[0m[33mW[0m.[33mW[0m.[33mW[0m[33mW[0m.[33mW[0m[33mW[0m[33mW[0m[33mW[0m[33mW[0m[33mW[0m[33mW[0m[33mW[0m[33mW[0m.[33mW[0m[33mW[0m[33mW[0m[33mW[0m[33mW[0m[33mW[0m.[33mW[0m[33mW[0m[33mW[0m[33mW[0m[33mW[0m.[33mW[0m[33mW[0m[33mW[0m[33mW[0m[33mW[0m[33mW[0m[33mW[0m[33mW[0m[33mW[0m[33mW[0m. 60 / 70 (86%)
[33mW[0m[33mW[0m[33mW[0m[33mW[0m[33mW[0m[33mW[0m[33mW[0m[33mW[0m[33mW[0m[33mW[0m                                                   70 / 70 (100%)



[1mFILE: ...k/lq-lanes/sq-tails/lib/BackgroundJob/AdministrationBackupSchedulerJob.php[0m
--------------------------------------------------------------------------------
[1mFOUND 0 ERRORS AND 1 WARNING AFFECTING 1 LINE[0m
--------------------------------------------------------------------------------
 208 | [33mWARNING[0m | Public method
     |         | AdministrationBackupSchedulerJob::isReadOnlyAdministration()
     |         | is missing @spec PHPDoc tag — link back to
     |         | openspec/specs/{capability}/spec.md#requirement-{slug}
--------------------------------------------------------------------------------


[1mFILE: ...e/rubenlinde/memcap-work/lq-lanes/sq-tails/lib/PaymentRun/RenderedFile.php[0m
--------------------------------------------------------------------------------
[1mFOUND 0 ERRORS AND 1 WARNING AFFECTING 1 LINE[0m
--------------------------------------------------------------------------------
 34 | [33mWARNING[0m | Class RenderedFile is missing @spec PHPDoc tag — link back to
    |         | openspec/specs/{capability}/spec.md#requirement-{slug}, not a
    |         | change dir
--------------------------------------------------------------------------------


[1mFILE: ...ome/rubenlinde/memcap-work/lq-lanes/sq-tails/lib/Reporting/ReportTable.php[0m
--------------------------------------------------------------------------------
[1mFOUND 0 ERRORS AND 5 WARNINGS AFFECTING 5 LINES[0m
--------------------------------------------------------------------------------
  37 | [33mWARNING[0m | Class ReportTable is missing @spec PHPDoc tag — link back to
     |         | openspec/specs/{capability}/spec.md#requirement-{slug}, not a
     |         | change dir
  61 | [33mWARNING[0m | Public method ReportTable::addRow() is missing @spec PHPDoc
     |         | tag — link back to
     |         | openspec/specs/{capability}/spec.md#requirement-{slug}
  74 | [33mWARNING[0m | Public method ReportTable::addCell() is missing @spec PHPDoc
     |         | tag — link back to
     |         | openspec/specs/{capability}/spec.md#requirement-{slug}
 103 | [33mWARNING[0m | Public method ReportTable::fillCell() is missing @spec PHPDoc
     |         | tag — link back to
     |         | openspec/specs/{capability}/spec.md#requirement-{slug}
 125 | [33mWARNING[0m | Public method ReportTable::toArray() is missing @spec PHPDoc
     |         | tag — link back to
     |         | openspec/specs/{capability}/spec.md#requirement-{slug}
--------------------------------------------------------------------------------


[1mFILE: .../memcap-work/lq-lanes/sq-tails/lib/Repair/RenameMandateCommitmentKinds.php[0m
--------------------------------------------------------------------------------
[1mFOUND 0 ERRORS AND 1 WARNING AFFECTING 1 LINE[0m
--------------------------------------------------------------------------------
 134 | [33mWARNING[0m | Public method RenameMandateCommitmentKinds::getName() is
     |         | missing @spec PHPDoc tag — link back to
     |         | openspec/specs/{capability}/spec.md#requirement-{slug}
--------------------------------------------------------------------------------


[1mFILE: ...nlinde/memcap-work/lq-lanes/sq-tails/lib/Controller/CalendarController.php[0m
--------------------------------------------------------------------------------
[1mFOUND 0 ERRORS AND 1 WARNING AFFECTING 1 LINE[0m
--------------------------------------------------------------------------------
 63 | [33mWARNING[0m | Class CalendarController is missing @spec PHPDoc tag — link
    |         | back to openspec/specs/{capability}/spec.md#requirement-{slug},
    |         | not a change dir
--------------------------------------------------------------------------------


[1mFILE: ...e/rubenlinde/memcap-work/lq-lanes/sq-tails/lib/Reporting/GeneratedFile.php[0m
--------------------------------------------------------------------------------
[1mFOUND 0 ERRORS AND 1 WARNING AFFECTING 1 LINE[0m
--------------------------------------------------------------------------------
 45 | [33mWARNING[0m | Class GeneratedFile is missing @spec PHPDoc tag — link back
    |         | to openspec/specs/{capability}/spec.md#requirement-{slug}, not
    |         | a change dir
--------------------------------------------------------------------------------


[1mFILE: ...-work/lq-lanes/sq-tails/lib/PaymentRun/PaymentRunReconciliationService.php[0m
--------------------------------------------------------------------------------
[1mFOUND 0 ERRORS AND 2 WARNINGS AFFECTING 2 LINES[0m
--------------------------------------------------------------------------------
  51 | [33mWARNING[0m | Class PaymentRunReconciliationService is missing @spec PHPDoc
     |         | tag — link back to
     |         | openspec/specs/{capability}/spec.md#requirement-{slug}, not a
     |         | change dir
 102 | [33mWARNING[0m | Public method PaymentRunReconciliationService::reconcile() is
     |         | missing @spec PHPDoc tag — link back to
     |         | openspec/specs/{capability}/spec.md#requirement-{slug}
--------------------------------------------------------------------------------


[1mFILE: ...mcap-work/lq-lanes/sq-tails/lib/Reporting/DocudeskUnavailableException.php[0m
--------------------------------------------------------------------------------
[1mFOUND 0 ERRORS AND 1 WARNING AFFECTING 1 LINE[0m
--------------------------------------------------------------------------------
 41 | [33mWARNING[0m | Class DocudeskUnavailableException is missing @spec PHPDoc tag
    |         | — link back to
    |         | openspec/specs/{capability}/spec.md#requirement-{slug}, not a
    |         | change dir
--------------------------------------------------------------------------------


[1mFILE: ...rubenlinde/memcap-work/lq-lanes/sq-tails/lib/Reporting/ReportTableCell.php[0m
--------------------------------------------------------------------------------
[1mFOUND 0 ERRORS AND 2 WARNINGS AFFECTING 2 LINES[0m
--------------------------------------------------------------------------------
 33 | [33mWARNING[0m | Class ReportTableCell is missing @spec PHPDoc tag — link back
    |         | to openspec/specs/{capability}/spec.md#requirement-{slug}, not
    |         | a change dir
 57 | [33mWARNING[0m | Public method ReportTableCell::addText() is missing @spec
    |         | PHPDoc tag — link back to
    |         | openspec/specs/{capability}/spec.md#requirement-{slug}
--------------------------------------------------------------------------------


[1mFILE: ...p-work/lq-lanes/sq-tails/lib/Reporting/Generator/XafAuditfileGenerator.php[0m
--------------------------------------------------------------------------------
[1mFOUND 0 ERRORS AND 4 WARNINGS AFFECTING 4 LINES[0m
--------------------------------------------------------------------------------
  68 | [33mWARNING[0m | Class XafAuditfileGenerator is missing @spec PHPDoc tag —
     |         | link back to
     |         | openspec/specs/{capability}/spec.md#requirement-{slug}, not a
     |         | change dir
  97 | [33mWARNING[0m | Public method XafAuditfileGenerator::reportType() is missing
     |         | @spec PHPDoc tag — link back to
     |         | openspec/specs/{capability}/spec.md#requirement-{slug}
 106 | [33mWARNING[0m | Public method XafAuditfileGenerator::supportedFormats() is
     |         | missing @spec PHPDoc tag — link back to
     |         | openspec/specs/{capability}/spec.md#requirement-{slug}
 118 | [33mWARNING[0m | Public method XafAuditfileGenerator::generate() is missing
     |         | @spec PHPDoc tag — link back to
     |         | openspec/specs/{capability}/spec.md#requirement-{slug}
--------------------------------------------------------------------------------


[1mFILE: ...work/lq-lanes/sq-tails/lib/BackgroundJob/CancelUnconfirmedAppointments.php[0m
--------------------------------------------------------------------------------
[1mFOUND 0 ERRORS AND 1 WARNING AFFECTING 1 LINE[0m
--------------------------------------------------------------------------------
 40 | [33mWARNING[0m | Class CancelUnconfirmedAppointments is missing @spec PHPDoc tag
    |         | — link back to
    |         | openspec/specs/{capability}/spec.md#requirement-{slug}, not a
    |         | change dir
--------------------------------------------------------------------------------


[1mFILE: ...work/lq-lanes/sq-tails/lib/Repair/MigrateProductVendorMasterToPipelinq.php[0m
--------------------------------------------------------------------------------
[1mFOUND 0 ERRORS AND 1 WARNING AFFECTING 1 LINE[0m
--------------------------------------------------------------------------------
 96 | [33mWARNING[0m | Public method MigrateProductVendorMasterToPipelinq::getName()
    |         | is missing @spec PHPDoc tag — link back to
    |         | openspec/specs/{capability}/spec.md#requirement-{slug}
--------------------------------------------------------------------------------


[1mFILE: ...-work/lq-lanes/sq-tails/lib/Controller/SupplierInvoiceImportController.php[0m
--------------------------------------------------------------------------------
[1mFOUND 0 ERRORS AND 1 WARNING AFFECTING 1 LINE[0m
--------------------------------------------------------------------------------
 71 | [33mWARNING[0m | Class SupplierInvoiceImportController is missing @spec PHPDoc
    |         | tag — link back to
    |         | openspec/specs/{capability}/spec.md#requirement-{slug}, not a
    |         | change dir
--------------------------------------------------------------------------------


[1mFILE: ...nlinde/memcap-work/lq-lanes/sq-tails/lib/Lifecycle/RuleComplianceGuard.php[0m
--------------------------------------------------------------------------------
[1mFOUND 0 ERRORS AND 1 WARNING AFFECTING 1 LINE[0m
--------------------------------------------------------------------------------
 47 | [33mWARNING[0m | Class RuleComplianceGuard is missing @spec PHPDoc tag — link
    |         | back to openspec/specs/{capability}/spec.md#requirement-{slug},
    |         | not a change dir
--------------------------------------------------------------------------------


[1mFILE: home/rubenlinde/memcap-work/lq-lanes/sq-tails/lib/Util/TokenValidator.php[0m
--------------------------------------------------------------------------------
[1mFOUND 0 ERRORS AND 5 WARNINGS AFFECTING 5 LINES[0m
--------------------------------------------------------------------------------
  87 | [33mWARNING[0m | Public method TokenValidator::generate() is missing @spec
     |         | PHPDoc tag — link back to
     |         | openspec/specs/{capability}/spec.md#requirement-{slug}
 112 | [33mWARNING[0m | Public method TokenValidator::hash() is missing @spec PHPDoc
     |         | tag — link back to
     |         | openspec/specs/{capability}/spec.md#requirement-{slug}
 128 | [33mWARNING[0m | Public method TokenValidator::verify() is missing @spec PHPDoc
     |         | tag — link back to
     |         | openspec/specs/{capability}/spec.md#requirement-{slug}
 150 | [33mWARNING[0m | Public method TokenValidator::isExpired() is missing @spec
     |         | PHPDoc tag — link back to
     |         | openspec/specs/{capability}/spec.md#requirement-{slug}
 173 | [33mWARNING[0m | Public method TokenValidator::expiresAtFor() is missing @spec
     |         | PHPDoc tag — link back to
     |         | openspec/specs/{capability}/spec.md#requirement-{slug}
--------------------------------------------------------------------------------


[1mFILE: ...de/memcap-work/lq-lanes/sq-tails/lib/PaymentRun/Camt053StatementParser.php[0m
--------------------------------------------------------------------------------
[1mFOUND 0 ERRORS AND 2 WARNINGS AFFECTING 2 LINES[0m
--------------------------------------------------------------------------------
 45 | [33mWARNING[0m | Class Camt053StatementParser is missing @spec PHPDoc tag —
    |         | link back to
    |         | openspec/specs/{capability}/spec.md#requirement-{slug}, not a
    |         | change dir
 55 | [33mWARNING[0m | Public method Camt053StatementParser::parse() is missing @spec
    |         | PHPDoc tag — link back to
    |         | openspec/specs/{capability}/spec.md#requirement-{slug}
--------------------------------------------------------------------------------


[1mFILE: ...mcap-work/lq-lanes/sq-tails/lib/Reporting/Generator/Iv3ReportGenerator.php[0m
--------------------------------------------------------------------------------
[1mFOUND 0 ERRORS AND 4 WARNINGS AFFECTING 4 LINES[0m
--------------------------------------------------------------------------------
  64 | [33mWARNING[0m | Class Iv3ReportGenerator is missing @spec PHPDoc tag — link
     |         | back to
     |         | openspec/specs/{capability}/spec.md#requirement-{slug}, not a
     |         | change dir
  86 | [33mWARNING[0m | Public method Iv3ReportGenerator::reportType() is missing
     |         | @spec PHPDoc tag — link back to
     |         | openspec/specs/{capability}/spec.md#requirement-{slug}
  95 | [33mWARNING[0m | Public method Iv3ReportGenerator::supportedFormats() is
     |         | missing @spec PHPDoc tag — link back to
     |         | openspec/specs/{capability}/spec.md#requirement-{slug}
 107 | [33mWARNING[0m | Public method Iv3ReportGenerator::generate() is missing @spec
     |         | PHPDoc tag — link back to
     |         | openspec/specs/{capability}/spec.md#requirement-{slug}
--------------------------------------------------------------------------------


[1mFILE: .../memcap-work/lq-lanes/sq-tails/lib/Service/LeaseDecideskWebhookService.php[0m
--------------------------------------------------------------------------------
[1mFOUND 0 ERRORS AND 7 WARNINGS AFFECTING 7 LINES[0m
--------------------------------------------------------------------------------
 109 | [33mWARNING[0m | Public method LeaseDecideskWebhookService::getWebhookUrl() is
     |         | missing @spec PHPDoc tag — link back to
     |         | openspec/specs/{capability}/spec.md#requirement-{slug}
 125 | [33mWARNING[0m | Public method LeaseDecideskWebhookService::setWebhookUrl() is
     |         | missing @spec PHPDoc tag — link back to
     |         | openspec/specs/{capability}/spec.md#requirement-{slug}
 142 | [33mWARNING[0m | Public method LeaseDecideskWebhookService::getWebhookToken()
     |         | is missing @spec PHPDoc tag — link back to
     |         | openspec/specs/{capability}/spec.md#requirement-{slug}
 165 | [33mWARNING[0m | Public method LeaseDecideskWebhookService::setWebhookToken()
     |         | is missing @spec PHPDoc tag — link back to
     |         | openspec/specs/{capability}/spec.md#requirement-{slug}
 195 | [33mWARNING[0m | Public method LeaseDecideskWebhookService::buildPayload() is
     |         | missing @spec PHPDoc tag — link back to
     |         | openspec/specs/{capability}/spec.md#requirement-{slug}
 228 | [33mWARNING[0m | Public method LeaseDecideskWebhookService::shouldDeliver() is
     |         | missing @spec PHPDoc tag — link back to
     |         | openspec/specs/{capability}/spec.md#requirement-{slug}
 254 | [33mWARNING[0m | Public method LeaseDecideskWebhookService::deliver() is
     |         | missing @spec PHPDoc tag — link back to
     |         | openspec/specs/{capability}/spec.md#requirement-{slug}
--------------------------------------------------------------------------------


[1mFILE: ...nlinde/memcap-work/lq-lanes/sq-tails/lib/Service/VATCalculationService.php[0m
--------------------------------------------------------------------------------
[1mFOUND 0 ERRORS AND 4 WARNINGS AFFECTING 4 LINES[0m
--------------------------------------------------------------------------------
  32 | [33mWARNING[0m | Class VATCalculationService is missing @spec PHPDoc tag —
     |         | link back to
     |         | openspec/specs/{capability}/spec.md#requirement-{slug}, not a
     |         | change dir
  51 | [33mWARNING[0m | Public method VATCalculationService::calculateVAT() is missing
     |         | @spec PHPDoc tag — link back to
     |         | openspec/specs/{capability}/spec.md#requirement-{slug}
  99 | [33mWARNING[0m | Public method VATCalculationService::vatOnNet() is missing
     |         | @spec PHPDoc tag — link back to
     |         | openspec/specs/{capability}/spec.md#requirement-{slug}
 116 | [33mWARNING[0m | Public method VATCalculationService::isValidRate() is missing
     |         | @spec PHPDoc tag — link back to
     |         | openspec/specs/{capability}/spec.md#requirement-{slug}
--------------------------------------------------------------------------------


[1mFILE: ...inde/memcap-work/lq-lanes/sq-tails/lib/Repair/BackfillGlLineFiscalYear.php[0m
--------------------------------------------------------------------------------
[1mFOUND 0 ERRORS AND 1 WARNING AFFECTING 1 LINE[0m
--------------------------------------------------------------------------------
 70 | [33mWARNING[0m | Class BackfillGlLineFiscalYear is missing @spec PHPDoc tag —
    |         | link back to
    |         | openspec/specs/{capability}/spec.md#requirement-{slug}, not a
    |         | change dir
--------------------------------------------------------------------------------


[1mFILE: ...nde/memcap-work/lq-lanes/sq-tails/lib/Repair/RenameDutchValueDecisions.php[0m
--------------------------------------------------------------------------------
[1mFOUND 0 ERRORS AND 1 WARNING AFFECTING 1 LINE[0m
--------------------------------------------------------------------------------
 30 | [33mWARNING[0m | Class RenameDutchValueDecisions is missing @spec PHPDoc tag —
    |         | link back to
    |         | openspec/specs/{capability}/spec.md#requirement-{slug}, not a
    |         | change dir
--------------------------------------------------------------------------------


[1mFILE: .../memcap-work/lq-lanes/sq-tails/lib/Controller/WbsoAccountApiController.php[0m
--------------------------------------------------------------------------------
[1mFOUND 0 ERRORS AND 3 WARNINGS AFFECTING 3 LINES[0m
--------------------------------------------------------------------------------
  93 | [33mWARNING[0m | Public method WbsoAccountApiController::index() is missing
     |         | @spec PHPDoc tag — link back to
     |         | openspec/specs/{capability}/spec.md#requirement-{slug}
 126 | [33mWARNING[0m | Public method WbsoAccountApiController::hierarchy() is missing
     |         | @spec PHPDoc tag — link back to
     |         | openspec/specs/{capability}/spec.md#requirement-{slug}
 161 | [33mWARNING[0m | Public method WbsoAccountApiController::show() is missing
     |         | @spec PHPDoc tag — link back to
     |         | openspec/specs/{capability}/spec.md#requirement-{slug}
--------------------------------------------------------------------------------


[1mFILE: .../rubenlinde/memcap-work/lq-lanes/sq-tails/lib/Repair/RenameDutchValues.php[0m
--------------------------------------------------------------------------------
[1mFOUND 0 ERRORS AND 1 WARNING AFFECTING 1 LINE[0m
--------------------------------------------------------------------------------
 38 | [33mWARNING[0m | Class RenameDutchValues is missing @spec PHPDoc tag — link
    |         | back to openspec/specs/{capability}/spec.md#requirement-{slug},
    |         | not a change dir
--------------------------------------------------------------------------------


[1mFILE: ...e/memcap-work/lq-lanes/sq-tails/lib/PaymentRun/PaymentRunExportService.php[0m
--------------------------------------------------------------------------------
[1mFOUND 0 ERRORS AND 3 WARNINGS AFFECTING 3 LINES[0m
--------------------------------------------------------------------------------
  58 | [33mWARNING[0m | Class PaymentRunExportService is missing @spec PHPDoc tag —
     |         | link back to
     |         | openspec/specs/{capability}/spec.md#requirement-{slug}, not a
     |         | change dir
 120 | [33mWARNING[0m | Public method PaymentRunExportService::export() is missing
     |         | @spec PHPDoc tag — link back to
     |         | openspec/specs/{capability}/spec.md#requirement-{slug}
 212 | [33mWARNING[0m | Public method PaymentRunExportService::renderArtefacts() is
     |         | missing @spec PHPDoc tag — link back to
     |         | openspec/specs/{capability}/spec.md#requirement-{slug}
--------------------------------------------------------------------------------


[1mFILE: ...ork/lq-lanes/sq-tails/lib/Reporting/Generator/VatReturnReportGenerator.php[0m
--------------------------------------------------------------------------------
[1mFOUND 0 ERRORS AND 4 WARNINGS AFFECTING 4 LINES[0m
--------------------------------------------------------------------------------
  62 | [33mWARNING[0m | Class VatReturnReportGenerator is missing @spec PHPDoc tag —
     |         | link back to
     |         | openspec/specs/{capability}/spec.md#requirement-{slug}, not a
     |         | change dir
  84 | [33mWARNING[0m | Public method VatReturnReportGenerator::reportType() is
     |         | missing @spec PHPDoc tag — link back to
     |         | openspec/specs/{capability}/spec.md#requirement-{slug}
  93 | [33mWARNING[0m | Public method VatReturnReportGenerator::supportedFormats() is
     |         | missing @spec PHPDoc tag — link back to
     |         | openspec/specs/{capability}/spec.md#requirement-{slug}
 105 | [33mWARNING[0m | Public method VatReturnReportGenerator::generate() is missing
     |         | @spec PHPDoc tag — link back to
     |         | openspec/specs/{capability}/spec.md#requirement-{slug}
--------------------------------------------------------------------------------


[1mFILE: ...linde/memcap-work/lq-lanes/sq-tails/lib/Service/WbsoTransactionService.php[0m
--------------------------------------------------------------------------------
[1mFOUND 0 ERRORS AND 6 WARNINGS AFFECTING 6 LINES[0m
--------------------------------------------------------------------------------
  88 | [33mWARNING[0m | Public method WbsoTransactionService::listTransactions() is
     |         | missing @spec PHPDoc tag — link back to
     |         | openspec/specs/{capability}/spec.md#requirement-{slug}
 134 | [33mWARNING[0m | Public method WbsoTransactionService::getTransaction() is
     |         | missing @spec PHPDoc tag — link back to
     |         | openspec/specs/{capability}/spec.md#requirement-{slug}
 157 | [33mWARNING[0m | Public method WbsoTransactionService::createTransaction() is
     |         | missing @spec PHPDoc tag — link back to
     |         | openspec/specs/{capability}/spec.md#requirement-{slug}
 189 | [33mWARNING[0m | Public method WbsoTransactionService::postTransaction() is
     |         | missing @spec PHPDoc tag — link back to
     |         | openspec/specs/{capability}/spec.md#requirement-{slug}
 229 | [33mWARNING[0m | Public method WbsoTransactionService::reverseTransaction() is
     |         | missing @spec PHPDoc tag — link back to
     |         | openspec/specs/{capability}/spec.md#requirement-{slug}
 276 | [33mWARNING[0m | Public method
     |         | WbsoTransactionService::validateTransactionPayload() is
     |         | missing @spec PHPDoc tag — link back to
     |         | openspec/specs/{capability}/spec.md#requirement-{slug}
--------------------------------------------------------------------------------


[1mFILE: ...nde/memcap-work/lq-lanes/sq-tails/lib/Service/ConflictDetectionService.php[0m
--------------------------------------------------------------------------------
[1mFOUND 0 ERRORS AND 3 WARNINGS AFFECTING 3 LINES[0m
--------------------------------------------------------------------------------
  62 | [33mWARNING[0m | Class ConflictDetectionService is missing @spec PHPDoc tag —
     |         | link back to
     |         | openspec/specs/{capability}/spec.md#requirement-{slug}, not a
     |         | change dir
 110 | [33mWARNING[0m | Public method ConflictDetectionService::checkConflicts() is
     |         | missing @spec PHPDoc tag — link back to
     |         | openspec/specs/{capability}/spec.md#requirement-{slug}
 226 | [33mWARNING[0m | Public method ConflictDetectionService::lockResource() is
     |         | missing @spec PHPDoc tag — link back to
     |         | openspec/specs/{capability}/spec.md#requirement-{slug}
--------------------------------------------------------------------------------


[1mFILE: ...linde/memcap-work/lq-lanes/sq-tails/lib/Repair/RenameCommitmentSchemas.php[0m
--------------------------------------------------------------------------------
[1mFOUND 0 ERRORS AND 1 WARNING AFFECTING 1 LINE[0m
--------------------------------------------------------------------------------
 142 | [33mWARNING[0m | Public method RenameCommitmentSchemas::getName() is missing
     |         | @spec PHPDoc tag — link back to
     |         | openspec/specs/{capability}/spec.md#requirement-{slug}
--------------------------------------------------------------------------------


[1mFILE: ...ubenlinde/memcap-work/lq-lanes/sq-tails/lib/Service/RuleTestDataSeeder.php[0m
--------------------------------------------------------------------------------
[1mFOUND 0 ERRORS AND 1 WARNING AFFECTING 1 LINE[0m
--------------------------------------------------------------------------------
 53 | [33mWARNING[0m | Class RuleTestDataSeeder is missing @spec PHPDoc tag — link
    |         | back to openspec/specs/{capability}/spec.md#requirement-{slug},
    |         | not a change dir
--------------------------------------------------------------------------------


[1mFILE: ...e/rubenlinde/memcap-work/lq-lanes/sq-tails/lib/Reporting/ReportSection.php[0m
--------------------------------------------------------------------------------
[1mFOUND 0 ERRORS AND 10 WARNINGS AFFECTING 10 LINES[0m
--------------------------------------------------------------------------------
  37 | [33mWARNING[0m | Class ReportSection is missing @spec PHPDoc tag — link back
     |         | to openspec/specs/{capability}/spec.md#requirement-{slug}, not
     |         | a change dir
  55 | [33mWARNING[0m | Public method ReportSection::addText() is missing @spec PHPDoc
     |         | tag — link back to
     |         | openspec/specs/{capability}/spec.md#requirement-{slug}
  73 | [33mWARNING[0m | Public method ReportSection::addTextBreak() is missing @spec
     |         | PHPDoc tag — link back to
     |         | openspec/specs/{capability}/spec.md#requirement-{slug}
  86 | [33mWARNING[0m | Public method ReportSection::addTitle() is missing @spec
     |         | PHPDoc tag — link back to
     |         | openspec/specs/{capability}/spec.md#requirement-{slug}
 100 | [33mWARNING[0m | Public method ReportSection::addCover() is missing @spec
     |         | PHPDoc tag — link back to
     |         | openspec/specs/{capability}/spec.md#requirement-{slug}
 119 | [33mWARNING[0m | Public method ReportSection::addNote() is missing @spec PHPDoc
     |         | tag — link back to
     |         | openspec/specs/{capability}/spec.md#requirement-{slug}
 131 | [33mWARNING[0m | Public method ReportSection::addDetailsTable() is missing
     |         | @spec PHPDoc tag — link back to
     |         | openspec/specs/{capability}/spec.md#requirement-{slug}
 147 | [33mWARNING[0m | Public method ReportSection::addAmountTable() is missing @spec
     |         | PHPDoc tag — link back to
     |         | openspec/specs/{capability}/spec.md#requirement-{slug}
 173 | [33mWARNING[0m | Public method ReportSection::addTable() is missing @spec
     |         | PHPDoc tag — link back to
     |         | openspec/specs/{capability}/spec.md#requirement-{slug}
 184 | [33mWARNING[0m | Public method ReportSection::toArray() is missing @spec PHPDoc
     |         | tag — link back to
     |         | openspec/specs/{capability}/spec.md#requirement-{slug}
--------------------------------------------------------------------------------


[1mFILE: ...linde/memcap-work/lq-lanes/sq-tails/lib/Lifecycle/ENSIAValidationGuard.php[0m
--------------------------------------------------------------------------------
[1mFOUND 0 ERRORS AND 3 WARNINGS AFFECTING 3 LINES[0m
--------------------------------------------------------------------------------
 138 | [33mWARNING[0m | Public method ENSIAValidationGuard::collegeAkkoordAllowed() is
     |         | missing @spec PHPDoc tag — link back to
     |         | openspec/specs/{capability}/spec.md#requirement-{slug}
 198 | [33mWARNING[0m | Public method
     |         | ENSIAValidationGuard::maturityEvidenceSatisfied() is missing
     |         | @spec PHPDoc tag — link back to
     |         | openspec/specs/{capability}/spec.md#requirement-{slug}
 248 | [33mWARNING[0m | Public method
     |         | ENSIAValidationGuard::postPeerReviewReasonRequired() is
     |         | missing @spec PHPDoc tag — link back to
     |         | openspec/specs/{capability}/spec.md#requirement-{slug}
--------------------------------------------------------------------------------


[1mFILE: ...cap-work/lq-lanes/sq-tails/lib/Reporting/Generator/SaftReportGenerator.php[0m
--------------------------------------------------------------------------------
[1mFOUND 0 ERRORS AND 4 WARNINGS AFFECTING 4 LINES[0m
--------------------------------------------------------------------------------
  60 | [33mWARNING[0m | Class SaftReportGenerator is missing @spec PHPDoc tag — link
     |         | back to
     |         | openspec/specs/{capability}/spec.md#requirement-{slug}, not a
     |         | change dir
  89 | [33mWARNING[0m | Public method SaftReportGenerator::reportType() is missing
     |         | @spec PHPDoc tag — link back to
     |         | openspec/specs/{capability}/spec.md#requirement-{slug}
  98 | [33mWARNING[0m | Public method SaftReportGenerator::supportedFormats() is
     |         | missing @spec PHPDoc tag — link back to
     |         | openspec/specs/{capability}/spec.md#requirement-{slug}
 110 | [33mWARNING[0m | Public method SaftReportGenerator::generate() is missing @spec
     |         | PHPDoc tag — link back to
     |         | openspec/specs/{capability}/spec.md#requirement-{slug}
--------------------------------------------------------------------------------


[1mFILE: ...ils/lib/Service/External/DepositPayment/DepositPaymentAdapterInterface.php[0m
--------------------------------------------------------------------------------
[1mFOUND 0 ERRORS AND 3 WARNINGS AFFECTING 3 LINES[0m
--------------------------------------------------------------------------------
 149 | [33mWARNING[0m | Public method DepositPaymentAdapterInterface::fetchStatus() is
     |         | missing @spec PHPDoc tag — link back to
     |         | openspec/specs/{capability}/spec.md#requirement-{slug}
 169 | [33mWARNING[0m | Public method DepositPaymentAdapterInterface::initiateRefund()
     |         | is missing @spec PHPDoc tag — link back to
     |         | openspec/specs/{capability}/spec.md#requirement-{slug}
 177 | [33mWARNING[0m | Public method DepositPaymentAdapterInterface::isDormant() is
     |         | missing @spec PHPDoc tag — link back to
     |         | openspec/specs/{capability}/spec.md#requirement-{slug}
--------------------------------------------------------------------------------


[1mFILE: ...enlinde/memcap-work/lq-lanes/sq-tails/lib/Repair/RenameDutchColumnsMap.php[0m
--------------------------------------------------------------------------------
[1mFOUND 0 ERRORS AND 1 WARNING AFFECTING 1 LINE[0m
--------------------------------------------------------------------------------
 39 | [33mWARNING[0m | Class RenameDutchColumnsMap is missing @spec PHPDoc tag —
    |         | link back to
    |         | openspec/specs/{capability}/spec.md#requirement-{slug}, not a
    |         | change dir
--------------------------------------------------------------------------------


[1mFILE: .../rubenlinde/memcap-work/lq-lanes/sq-tails/lib/Service/WbsoRbacResolver.php[0m
--------------------------------------------------------------------------------
[1mFOUND 0 ERRORS AND 3 WARNINGS AFFECTING 3 LINES[0m
--------------------------------------------------------------------------------
  75 | [33mWARNING[0m | Public method WbsoRbacResolver::currentRoles() is missing
     |         | @spec PHPDoc tag — link back to
     |         | openspec/specs/{capability}/spec.md#requirement-{slug}
 111 | [33mWARNING[0m | Public method WbsoRbacResolver::hasAny() is missing @spec
     |         | PHPDoc tag — link back to
     |         | openspec/specs/{capability}/spec.md#requirement-{slug}
 127 | [33mWARNING[0m | Public method WbsoRbacResolver::canCreate() is missing @spec
     |         | PHPDoc tag — link back to
     |         | openspec/specs/{capability}/spec.md#requirement-{slug}
--------------------------------------------------------------------------------


[1mFILE: ...s/sq-tails/lib/Service/External/Kvk/KvkHandelsregisterAdapterInterface.php[0m
--------------------------------------------------------------------------------
[1mFOUND 0 ERRORS AND 2 WARNINGS AFFECTING 2 LINES[0m
--------------------------------------------------------------------------------
  93 | [33mWARNING[0m | Public method KvkHandelsregisterAdapterInterface::lookup() is
     |         | missing @spec PHPDoc tag — link back to
     |         | openspec/specs/{capability}/spec.md#requirement-{slug}
 101 | [33mWARNING[0m | Public method KvkHandelsregisterAdapterInterface::isDormant()
     |         | is missing @spec PHPDoc tag — link back to
     |         | openspec/specs/{capability}/spec.md#requirement-{slug}
--------------------------------------------------------------------------------


[1mFILE: ...ubenlinde/memcap-work/lq-lanes/sq-tails/lib/Service/WmoAuditLogService.php[0m
--------------------------------------------------------------------------------
[1mFOUND 0 ERRORS AND 4 WARNINGS AFFECTING 4 LINES[0m
--------------------------------------------------------------------------------
 100 | [33mWARNING[0m | Public method WmoAuditLogService::composeEntry() is missing
     |         | @spec PHPDoc tag — link back to
     |         | openspec/specs/{capability}/spec.md#requirement-{slug}
 136 | [33mWARNING[0m | Public method WmoAuditLogService::retentionExpiredState() is
     |         | missing @spec PHPDoc tag — link back to
     |         | openspec/specs/{capability}/spec.md#requirement-{slug}
 163 | [33mWARNING[0m | Public method WmoAuditLogService::toCsv() is missing @spec
     |         | PHPDoc tag — link back to
     |         | openspec/specs/{capability}/spec.md#requirement-{slug}
 200 | [33mWARNING[0m | Public method
     |         | WmoAuditLogService::composeHandhavingsPakketManifest() is
     |         | missing @spec PHPDoc tag — link back to
     |         | openspec/specs/{capability}/spec.md#requirement-{slug}
--------------------------------------------------------------------------------


[1mFILE: .../sq-tails/lib/Service/External/DepositPayment/LogDepositPaymentAdapter.php[0m
--------------------------------------------------------------------------------
[1mFOUND 0 ERRORS AND 4 WARNINGS AFFECTING 4 LINES[0m
--------------------------------------------------------------------------------
  75 | [33mWARNING[0m | Public method LogDepositPaymentAdapter::requestPayment() is
     |         | missing @spec PHPDoc tag — link back to
     |         | openspec/specs/{capability}/spec.md#requirement-{slug}
 161 | [33mWARNING[0m | Public method LogDepositPaymentAdapter::fetchStatus() is
     |         | missing @spec PHPDoc tag — link back to
     |         | openspec/specs/{capability}/spec.md#requirement-{slug}
 200 | [33mWARNING[0m | Public method LogDepositPaymentAdapter::initiateRefund() is
     |         | missing @spec PHPDoc tag — link back to
     |         | openspec/specs/{capability}/spec.md#requirement-{slug}
 232 | [33mWARNING[0m | Public method LogDepositPaymentAdapter::isDormant() is missing
     |         | @spec PHPDoc tag — link back to
     |         | openspec/specs/{capability}/spec.md#requirement-{slug}
--------------------------------------------------------------------------------


[1mFILE: ...de/memcap-work/lq-lanes/sq-tails/lib/Controller/NotificationController.php[0m
--------------------------------------------------------------------------------
[1mFOUND 0 ERRORS AND 2 WARNINGS AFFECTING 2 LINES[0m
--------------------------------------------------------------------------------
 263 | [33mWARNING[0m | Public method NotificationController::adminMonitor() is
     |         | missing @spec PHPDoc tag — link back to
     |         | openspec/specs/{capability}/spec.md#requirement-{slug}
 328 | [33mWARNING[0m | Public method NotificationController::adminDisableAll() is
     |         | missing @spec PHPDoc tag — link back to
     |         | openspec/specs/{capability}/spec.md#requirement-{slug}
--------------------------------------------------------------------------------


[1mFILE: ...lq-lanes/sq-tails/lib/Service/External/RvO/RvOAanvraagAdapterInterface.php[0m
--------------------------------------------------------------------------------
[1mFOUND 0 ERRORS AND 2 WARNINGS AFFECTING 2 LINES[0m
--------------------------------------------------------------------------------
  96 | [33mWARNING[0m | Public method RvOAanvraagAdapterInterface::submit() is missing
     |         | @spec PHPDoc tag — link back to
     |         | openspec/specs/{capability}/spec.md#requirement-{slug}
 103 | [33mWARNING[0m | Public method RvOAanvraagAdapterInterface::isDormant() is
     |         | missing @spec PHPDoc tag — link back to
     |         | openspec/specs/{capability}/spec.md#requirement-{slug}
--------------------------------------------------------------------------------


[1mFILE: ...e/memcap-work/lq-lanes/sq-tails/lib/Repair/InitializeBbvAdministration.php[0m
--------------------------------------------------------------------------------
[1mFOUND 0 ERRORS AND 1 WARNING AFFECTING 1 LINE[0m
--------------------------------------------------------------------------------
 86 | [33mWARNING[0m | Public method InitializeBbvAdministration::getName() is missing
    |         | @spec PHPDoc tag — link back to
    |         | openspec/specs/{capability}/spec.md#requirement-{slug}
--------------------------------------------------------------------------------


[1mFILE: ...linde/memcap-work/lq-lanes/sq-tails/lib/Service/StandardsPolicyService.php[0m
--------------------------------------------------------------------------------
[1mFOUND 0 ERRORS AND 3 WARNINGS AFFECTING 3 LINES[0m
--------------------------------------------------------------------------------
  46 | [33mWARNING[0m | Class StandardsPolicyService is missing @spec PHPDoc tag —
     |         | link back to
     |         | openspec/specs/{capability}/spec.md#requirement-{slug}, not a
     |         | change dir
  87 | [33mWARNING[0m | Public method StandardsPolicyService::resolve() is missing
     |         | @spec PHPDoc tag — link back to
     |         | openspec/specs/{capability}/spec.md#requirement-{slug}
 106 | [33mWARNING[0m | Public method StandardsPolicyService::resolveFromPolicy() is
     |         | missing @spec PHPDoc tag — link back to
     |         | openspec/specs/{capability}/spec.md#requirement-{slug}
--------------------------------------------------------------------------------


[1mFILE: ...benlinde/memcap-work/lq-lanes/sq-tails/lib/Repair/DbValueMigrationPort.php[0m
--------------------------------------------------------------------------------
[1mFOUND 0 ERRORS AND 1 WARNING AFFECTING 1 LINE[0m
--------------------------------------------------------------------------------
 39 | [33mWARNING[0m | Class DbValueMigrationPort is missing @spec PHPDoc tag — link
    |         | back to openspec/specs/{capability}/spec.md#requirement-{slug},
    |         | not a change dir
--------------------------------------------------------------------------------


[1mFILE: .../memcap-work/lq-lanes/sq-tails/lib/Service/Pipelinq/TimelineRetryQueue.php[0m
--------------------------------------------------------------------------------
[1mFOUND 0 ERRORS AND 1 WARNING AFFECTING 1 LINE[0m
--------------------------------------------------------------------------------
 53 | [33mWARNING[0m | Public method TimelineRetryQueue::enqueue() is missing @spec
    |         | PHPDoc tag — link back to
    |         | openspec/specs/{capability}/spec.md#requirement-{slug}
--------------------------------------------------------------------------------


[1mFILE: ...ubenlinde/memcap-work/lq-lanes/sq-tails/lib/Service/AcmReportGenerator.php[0m
--------------------------------------------------------------------------------
[1mFOUND 0 ERRORS AND 3 WARNINGS AFFECTING 3 LINES[0m
--------------------------------------------------------------------------------
 163 | [33mWARNING[0m | Public method AcmReportGenerator::submit() is missing @spec
     |         | PHPDoc tag — link back to
     |         | openspec/specs/{capability}/spec.md#requirement-{slug}
 183 | [33mWARNING[0m | Public method AcmReportGenerator::toJson() is missing @spec
     |         | PHPDoc tag — link back to
     |         | openspec/specs/{capability}/spec.md#requirement-{slug}
 204 | [33mWARNING[0m | Public method AcmReportGenerator::toXml() is missing @spec
     |         | PHPDoc tag — link back to
     |         | openspec/specs/{capability}/spec.md#requirement-{slug}
--------------------------------------------------------------------------------


[1mFILE: ...q-lanes/sq-tails/lib/Service/External/Kvk/LogKvkHandelsregisterAdapter.php[0m
--------------------------------------------------------------------------------
[1mFOUND 0 ERRORS AND 2 WARNINGS AFFECTING 2 LINES[0m
--------------------------------------------------------------------------------
 67 | [33mWARNING[0m | Public method LogKvkHandelsregisterAdapter::lookup() is missing
    |         | @spec PHPDoc tag — link back to
    |         | openspec/specs/{capability}/spec.md#requirement-{slug}
 98 | [33mWARNING[0m | Public method LogKvkHandelsregisterAdapter::isDormant() is
    |         | missing @spec PHPDoc tag — link back to
    |         | openspec/specs/{capability}/spec.md#requirement-{slug}
--------------------------------------------------------------------------------


[1mFILE: ...q-tails/lib/Service/External/TreasuryRate/TreasuryRateAdapterInterface.php[0m
--------------------------------------------------------------------------------
[1mFOUND 0 ERRORS AND 3 WARNINGS AFFECTING 3 LINES[0m
--------------------------------------------------------------------------------
  91 | [33mWARNING[0m | Public method
     |         | TreasuryRateAdapterInterface::fetchReferenceRate() is missing
     |         | @spec PHPDoc tag — link back to
     |         | openspec/specs/{capability}/spec.md#requirement-{slug}
 103 | [33mWARNING[0m | Public method TreasuryRateAdapterInterface::fetchFxSpot() is
     |         | missing @spec PHPDoc tag — link back to
     |         | openspec/specs/{capability}/spec.md#requirement-{slug}
 111 | [33mWARNING[0m | Public method TreasuryRateAdapterInterface::isDormant() is
     |         | missing @spec PHPDoc tag — link back to
     |         | openspec/specs/{capability}/spec.md#requirement-{slug}
--------------------------------------------------------------------------------


[1mFILE: .../memcap-work/lq-lanes/sq-tails/lib/Listener/AppointmentCreatedListener.php[0m
--------------------------------------------------------------------------------
[1mFOUND 0 ERRORS AND 1 WARNING AFFECTING 1 LINE[0m
--------------------------------------------------------------------------------
 74 | [33mWARNING[0m | Public method AppointmentCreatedListener::handle() is missing
    |         | @spec PHPDoc tag — link back to
    |         | openspec/specs/{capability}/spec.md#requirement-{slug}
--------------------------------------------------------------------------------


[1mFILE: ...cap-work/lq-lanes/sq-tails/lib/Service/Pipelinq/TimelinePublishOutcome.php[0m
--------------------------------------------------------------------------------
[1mFOUND 0 ERRORS AND 1 WARNING AFFECTING 1 LINE[0m
--------------------------------------------------------------------------------
 70 | [33mWARNING[0m | Public method TimelinePublishOutcome::isSuccess() is missing
    |         | @spec PHPDoc tag — link back to
    |         | openspec/specs/{capability}/spec.md#requirement-{slug}
--------------------------------------------------------------------------------


[1mFILE: ...-work/lq-lanes/sq-tails/lib/Service/External/RvO/LogRvOAanvraagAdapter.php[0m
--------------------------------------------------------------------------------
[1mFOUND 0 ERRORS AND 2 WARNINGS AFFECTING 2 LINES[0m
--------------------------------------------------------------------------------
  64 | [33mWARNING[0m | Public method LogRvOAanvraagAdapter::submit() is missing @spec
     |         | PHPDoc tag — link back to
     |         | openspec/specs/{capability}/spec.md#requirement-{slug}
 101 | [33mWARNING[0m | Public method LogRvOAanvraagAdapter::isDormant() is missing
     |         | @spec PHPDoc tag — link back to
     |         | openspec/specs/{capability}/spec.md#requirement-{slug}
--------------------------------------------------------------------------------


[1mFILE: ...anes/sq-tails/lib/Service/External/TreasuryRate/LogTreasuryRateAdapter.php[0m
--------------------------------------------------------------------------------
[1mFOUND 0 ERRORS AND 3 WARNINGS AFFECTING 3 LINES[0m
--------------------------------------------------------------------------------
  70 | [33mWARNING[0m | Public method LogTreasuryRateAdapter::fetchReferenceRate() is
     |         | missing @spec PHPDoc tag — link back to
     |         | openspec/specs/{capability}/spec.md#requirement-{slug}
 108 | [33mWARNING[0m | Public method LogTreasuryRateAdapter::fetchFxSpot() is missing
     |         | @spec PHPDoc tag — link back to
     |         | openspec/specs/{capability}/spec.md#requirement-{slug}
 144 | [33mWARNING[0m | Public method LogTreasuryRateAdapter::isDormant() is missing
     |         | @spec PHPDoc tag — link back to
     |         | openspec/specs/{capability}/spec.md#requirement-{slug}
--------------------------------------------------------------------------------


[1mFILE: ...rk/lq-lanes/sq-tails/lib/Service/Pipelinq/LoggingPipelinqAdminNotifier.php[0m
--------------------------------------------------------------------------------
[1mFOUND 0 ERRORS AND 1 WARNING AFFECTING 1 LINE[0m
--------------------------------------------------------------------------------
 69 | [33mWARNING[0m | Public method LoggingPipelinqAdminNotifier::notifyAuthFailure()
    |         | is missing @spec PHPDoc tag — link back to
    |         | openspec/specs/{capability}/spec.md#requirement-{slug}
--------------------------------------------------------------------------------


[1mFILE: ...ork/lq-lanes/sq-tails/lib/Reporting/Generator/RuleAuditReportGenerator.php[0m
--------------------------------------------------------------------------------
[1mFOUND 0 ERRORS AND 4 WARNINGS AFFECTING 4 LINES[0m
--------------------------------------------------------------------------------
 56 | [33mWARNING[0m | Class RuleAuditReportGenerator is missing @spec PHPDoc tag —
    |         | link back to
    |         | openspec/specs/{capability}/spec.md#requirement-{slug}, not a
    |         | change dir
 78 | [33mWARNING[0m | Public method RuleAuditReportGenerator::reportType() is missing
    |         | @spec PHPDoc tag — link back to
    |         | openspec/specs/{capability}/spec.md#requirement-{slug}
 87 | [33mWARNING[0m | Public method RuleAuditReportGenerator::supportedFormats() is
    |         | missing @spec PHPDoc tag — link back to
    |         | openspec/specs/{capability}/spec.md#requirement-{slug}
 99 | [33mWARNING[0m | Public method RuleAuditReportGenerator::generate() is missing
    |         | @spec PHPDoc tag — link back to
    |         | openspec/specs/{capability}/spec.md#requirement-{slug}
--------------------------------------------------------------------------------


[1mFILE: ...inde/memcap-work/lq-lanes/sq-tails/lib/Service/ComplianceExportService.php[0m
--------------------------------------------------------------------------------
[1mFOUND 0 ERRORS AND 3 WARNINGS AFFECTING 3 LINES[0m
--------------------------------------------------------------------------------
 173 | [33mWARNING[0m | Public method ComplianceExportService::generateExport() is
     |         | missing @spec PHPDoc tag — link back to
     |         | openspec/specs/{capability}/spec.md#requirement-{slug}
 246 | [33mWARNING[0m | Public method ComplianceExportService::renderCsv() is missing
     |         | @spec PHPDoc tag — link back to
     |         | openspec/specs/{capability}/spec.md#requirement-{slug}
 283 | [33mWARNING[0m | Public method ComplianceExportService::stripPii() is missing
     |         | @spec PHPDoc tag — link back to
     |         | openspec/specs/{capability}/spec.md#requirement-{slug}
--------------------------------------------------------------------------------


[1mFILE: ...k/lq-lanes/sq-tails/lib/Service/External/Uwv/LogUwvLoonaangifteAdapter.php[0m
--------------------------------------------------------------------------------
[1mFOUND 0 ERRORS AND 3 WARNINGS AFFECTING 3 LINES[0m
--------------------------------------------------------------------------------
  66 | [33mWARNING[0m | Public method LogUwvLoonaangifteAdapter::pullStatus() is
     |         | missing @spec PHPDoc tag — link back to
     |         | openspec/specs/{capability}/spec.md#requirement-{slug}
  99 | [33mWARNING[0m | Public method LogUwvLoonaangifteAdapter::lookupSector() is
     |         | missing @spec PHPDoc tag — link back to
     |         | openspec/specs/{capability}/spec.md#requirement-{slug}
 131 | [33mWARNING[0m | Public method LogUwvLoonaangifteAdapter::isDormant() is
     |         | missing @spec PHPDoc tag — link back to
     |         | openspec/specs/{capability}/spec.md#requirement-{slug}
--------------------------------------------------------------------------------


[1mFILE: ...cap-work/lq-lanes/sq-tails/lib/Repair/FoldDunningWriteoffIntoArInvoice.php[0m
--------------------------------------------------------------------------------
[1mFOUND 0 ERRORS AND 1 WARNING AFFECTING 1 LINE[0m
--------------------------------------------------------------------------------
 92 | [33mWARNING[0m | Public method FoldDunningWriteoffIntoArInvoice::getName() is
    |         | missing @spec PHPDoc tag — link back to
    |         | openspec/specs/{capability}/spec.md#requirement-{slug}
--------------------------------------------------------------------------------


[1mFILE: ...anes/sq-tails/lib/Service/External/Uwv/UwvLoonaangifteAdapterInterface.php[0m
--------------------------------------------------------------------------------
[1mFOUND 0 ERRORS AND 3 WARNINGS AFFECTING 3 LINES[0m
--------------------------------------------------------------------------------
  96 | [33mWARNING[0m | Public method UwvLoonaangifteAdapterInterface::pullStatus() is
     |         | missing @spec PHPDoc tag — link back to
     |         | openspec/specs/{capability}/spec.md#requirement-{slug}
 114 | [33mWARNING[0m | Public method UwvLoonaangifteAdapterInterface::lookupSector()
     |         | is missing @spec PHPDoc tag — link back to
     |         | openspec/specs/{capability}/spec.md#requirement-{slug}
 122 | [33mWARNING[0m | Public method UwvLoonaangifteAdapterInterface::isDormant() is
     |         | missing @spec PHPDoc tag — link back to
     |         | openspec/specs/{capability}/spec.md#requirement-{slug}
--------------------------------------------------------------------------------


[1mFILE: ...work/lq-lanes/sq-tails/lib/Service/External/Cbs/CbsIv3AdapterInterface.php[0m
--------------------------------------------------------------------------------
[1mFOUND 0 ERRORS AND 2 WARNINGS AFFECTING 2 LINES[0m
--------------------------------------------------------------------------------
 51 | [33mWARNING[0m | Public method CbsIv3AdapterInterface::submit() is missing @spec
    |         | PHPDoc tag — link back to
    |         | openspec/specs/{capability}/spec.md#requirement-{slug}
 58 | [33mWARNING[0m | Public method CbsIv3AdapterInterface::isDormant() is missing
    |         | @spec PHPDoc tag — link back to
    |         | openspec/specs/{capability}/spec.md#requirement-{slug}
--------------------------------------------------------------------------------


[1mFILE: ...lanes/sq-tails/lib/Service/External/Sisa/BzkSisaUploadAdapterInterface.php[0m
--------------------------------------------------------------------------------
[1mFOUND 0 ERRORS AND 2 WARNINGS AFFECTING 2 LINES[0m
--------------------------------------------------------------------------------
 56 | [33mWARNING[0m | Public method BzkSisaUploadAdapterInterface::upload() is
    |         | missing @spec PHPDoc tag — link back to
    |         | openspec/specs/{capability}/spec.md#requirement-{slug}
 63 | [33mWARNING[0m | Public method BzkSisaUploadAdapterInterface::isDormant() is
    |         | missing @spec PHPDoc tag — link back to
    |         | openspec/specs/{capability}/spec.md#requirement-{slug}
--------------------------------------------------------------------------------


[1mFILE: ...nde/memcap-work/lq-lanes/sq-tails/lib/Command/RulesSeedTestDataCommand.php[0m
--------------------------------------------------------------------------------
[1mFOUND 0 ERRORS AND 1 WARNING AFFECTING 1 LINE[0m
--------------------------------------------------------------------------------
 37 | [33mWARNING[0m | Class RulesSeedTestDataCommand is missing @spec PHPDoc tag —
    |         | link back to
    |         | openspec/specs/{capability}/spec.md#requirement-{slug}, not a
    |         | change dir
--------------------------------------------------------------------------------


[1mFILE: ...emcap-work/lq-lanes/sq-tails/lib/Service/External/Cbs/LogCbsIv3Adapter.php[0m
--------------------------------------------------------------------------------
[1mFOUND 0 ERRORS AND 2 WARNINGS AFFECTING 2 LINES[0m
--------------------------------------------------------------------------------
 55 | [33mWARNING[0m | Public method LogCbsIv3Adapter::submit() is missing @spec
    |         | PHPDoc tag — link back to
    |         | openspec/specs/{capability}/spec.md#requirement-{slug}
 87 | [33mWARNING[0m | Public method LogCbsIv3Adapter::isDormant() is missing @spec
    |         | PHPDoc tag — link back to
    |         | openspec/specs/{capability}/spec.md#requirement-{slug}
--------------------------------------------------------------------------------


[1mFILE: ...memcap-work/lq-lanes/sq-tails/lib/Service/InnovatieboxSbrExportService.php[0m
--------------------------------------------------------------------------------
[1mFOUND 0 ERRORS AND 1 WARNING AFFECTING 1 LINE[0m
--------------------------------------------------------------------------------
 207 | [33mWARNING[0m | Public method
     |         | InnovatieboxSbrExportService::deriveInstanceRef() is missing
     |         | @spec PHPDoc tag — link back to
     |         | openspec/specs/{capability}/spec.md#requirement-{slug}
--------------------------------------------------------------------------------


[1mFILE: ...s/sq-tails/lib/Service/External/Bunq/BunqBankConnectorAdapterInterface.php[0m
--------------------------------------------------------------------------------
[1mFOUND 0 ERRORS AND 3 WARNINGS AFFECTING 3 LINES[0m
--------------------------------------------------------------------------------
  99 | [33mWARNING[0m | Public method
     |         | BunqBankConnectorAdapterInterface::pullTransactions() is
     |         | missing @spec PHPDoc tag — link back to
     |         | openspec/specs/{capability}/spec.md#requirement-{slug}
 116 | [33mWARNING[0m | Public method
     |         | BunqBankConnectorAdapterInterface::renewConsent() is missing
     |         | @spec PHPDoc tag — link back to
     |         | openspec/specs/{capability}/spec.md#requirement-{slug}
 124 | [33mWARNING[0m | Public method BunqBankConnectorAdapterInterface::isDormant()
     |         | is missing @spec PHPDoc tag — link back to
     |         | openspec/specs/{capability}/spec.md#requirement-{slug}
--------------------------------------------------------------------------------


[1mFILE: .../memcap-work/lq-lanes/sq-tails/lib/Service/IntegralCostPriceCalculator.php[0m
--------------------------------------------------------------------------------
[1mFOUND 0 ERRORS AND 5 WARNINGS AFFECTING 5 LINES[0m
--------------------------------------------------------------------------------
 195 | [33mWARNING[0m | Public method
     |         | IntegralCostPriceCalculator::calculateVermogenskosten() is
     |         | missing @spec PHPDoc tag — link back to
     |         | openspec/specs/{capability}/spec.md#requirement-{slug}
 215 | [33mWARNING[0m | Public method
     |         | IntegralCostPriceCalculator::calculateProfitMarkup() is
     |         | missing @spec PHPDoc tag — link back to
     |         | openspec/specs/{capability}/spec.md#requirement-{slug}
 231 | [33mWARNING[0m | Public method
     |         | IntegralCostPriceCalculator::calculateKostprijsPerEenheid() is
     |         | missing @spec PHPDoc tag — link back to
     |         | openspec/specs/{capability}/spec.md#requirement-{slug}
 249 | [33mWARNING[0m | Public method IntegralCostPriceCalculator::isCompliant() is
     |         | missing @spec PHPDoc tag — link back to
     |         | openspec/specs/{capability}/spec.md#requirement-{slug}
 275 | [33mWARNING[0m | Public method IntegralCostPriceCalculator::compose() is
     |         | missing @spec PHPDoc tag — link back to
     |         | openspec/specs/{capability}/spec.md#requirement-{slug}
--------------------------------------------------------------------------------


[1mFILE: ...work/lq-lanes/sq-tails/lib/Service/External/Cbs/LogCbsBestandenAdapter.php[0m
--------------------------------------------------------------------------------
[1mFOUND 0 ERRORS AND 2 WARNINGS AFFECTING 2 LINES[0m
--------------------------------------------------------------------------------
 56 | [33mWARNING[0m | Public method LogCbsBestandenAdapter::submit() is missing @spec
    |         | PHPDoc tag — link back to
    |         | openspec/specs/{capability}/spec.md#requirement-{slug}
 89 | [33mWARNING[0m | Public method LogCbsBestandenAdapter::isDormant() is missing
    |         | @spec PHPDoc tag — link back to
    |         | openspec/specs/{capability}/spec.md#requirement-{slug}
--------------------------------------------------------------------------------


[1mFILE: ...rubenlinde/memcap-work/lq-lanes/sq-tails/lib/Command/RulesAuditCommand.php[0m
--------------------------------------------------------------------------------
[1mFOUND 0 ERRORS AND 1 WARNING AFFECTING 1 LINE[0m
--------------------------------------------------------------------------------
 38 | [33mWARNING[0m | Class RulesAuditCommand is missing @spec PHPDoc tag — link
    |         | back to openspec/specs/{capability}/spec.md#requirement-{slug},
    |         | not a change dir
--------------------------------------------------------------------------------


[1mFILE: ...rk/lq-lanes/sq-tails/lib/Service/External/Sisa/LogBzkSisaUploadAdapter.php[0m
--------------------------------------------------------------------------------
[1mFOUND 0 ERRORS AND 2 WARNINGS AFFECTING 2 LINES[0m
--------------------------------------------------------------------------------
 55 | [33mWARNING[0m | Public method LogBzkSisaUploadAdapter::upload() is missing
    |         | @spec PHPDoc tag — link back to
    |         | openspec/specs/{capability}/spec.md#requirement-{slug}
 88 | [33mWARNING[0m | Public method LogBzkSisaUploadAdapter::isDormant() is missing
    |         | @spec PHPDoc tag — link back to
    |         | openspec/specs/{capability}/spec.md#requirement-{slug}
--------------------------------------------------------------------------------


[1mFILE: ...e/rubenlinde/memcap-work/lq-lanes/sq-tails/lib/Repair/LoadCbsSeedsStep.php[0m
--------------------------------------------------------------------------------
[1mFOUND 0 ERRORS AND 1 WARNING AFFECTING 1 LINE[0m
--------------------------------------------------------------------------------
 89 | [33mWARNING[0m | Public method LoadCbsSeedsStep::getName() is missing @spec
    |         | PHPDoc tag — link back to
    |         | openspec/specs/{capability}/spec.md#requirement-{slug}
--------------------------------------------------------------------------------


[1mFILE: ...q-lanes/sq-tails/lib/Service/External/Bunq/LogBunqBankConnectorAdapter.php[0m
--------------------------------------------------------------------------------
[1mFOUND 0 ERRORS AND 3 WARNINGS AFFECTING 3 LINES[0m
--------------------------------------------------------------------------------
  64 | [33mWARNING[0m | Public method LogBunqBankConnectorAdapter::pullTransactions()
     |         | is missing @spec PHPDoc tag — link back to
     |         | openspec/specs/{capability}/spec.md#requirement-{slug}
  95 | [33mWARNING[0m | Public method LogBunqBankConnectorAdapter::renewConsent() is
     |         | missing @spec PHPDoc tag — link back to
     |         | openspec/specs/{capability}/spec.md#requirement-{slug}
 125 | [33mWARNING[0m | Public method LogBunqBankConnectorAdapter::isDormant() is
     |         | missing @spec PHPDoc tag — link back to
     |         | openspec/specs/{capability}/spec.md#requirement-{slug}
--------------------------------------------------------------------------------


[1mFILE: ...q-lanes/sq-tails/lib/Service/External/Cbs/CbsBestandenAdapterInterface.php[0m
--------------------------------------------------------------------------------
[1mFOUND 0 ERRORS AND 2 WARNINGS AFFECTING 2 LINES[0m
--------------------------------------------------------------------------------
 61 | [33mWARNING[0m | Public method CbsBestandenAdapterInterface::submit() is missing
    |         | @spec PHPDoc tag — link back to
    |         | openspec/specs/{capability}/spec.md#requirement-{slug}
 68 | [33mWARNING[0m | Public method CbsBestandenAdapterInterface::isDormant() is
    |         | missing @spec PHPDoc tag — link back to
    |         | openspec/specs/{capability}/spec.md#requirement-{slug}
--------------------------------------------------------------------------------


[1mFILE: ...inde/memcap-work/lq-lanes/sq-tails/lib/Service/PaymentActionAuthorizer.php[0m
--------------------------------------------------------------------------------
[1mFOUND 0 ERRORS AND 1 WARNING AFFECTING 1 LINE[0m
--------------------------------------------------------------------------------
 125 | [33mWARNING[0m | Public method PaymentActionAuthorizer::callerId() is missing
     |         | @spec PHPDoc tag — link back to
     |         | openspec/specs/{capability}/spec.md#requirement-{slug}
--------------------------------------------------------------------------------


[1mFILE: ...es/sq-tails/lib/Service/External/CcmRuleEngine/LogCcmRuleEngineAdapter.php[0m
--------------------------------------------------------------------------------
[1mFOUND 0 ERRORS AND 3 WARNINGS AFFECTING 3 LINES[0m
--------------------------------------------------------------------------------
  71 | [33mWARNING[0m | Public method LogCcmRuleEngineAdapter::compileRule() is
     |         | missing @spec PHPDoc tag — link back to
     |         | openspec/specs/{capability}/spec.md#requirement-{slug}
 113 | [33mWARNING[0m | Public method LogCcmRuleEngineAdapter::evaluate() is missing
     |         | @spec PHPDoc tag — link back to
     |         | openspec/specs/{capability}/spec.md#requirement-{slug}
 153 | [33mWARNING[0m | Public method LogCcmRuleEngineAdapter::isDormant() is missing
     |         | @spec PHPDoc tag — link back to
     |         | openspec/specs/{capability}/spec.md#requirement-{slug}
--------------------------------------------------------------------------------


[1mFILE: .../rubenlinde/memcap-work/lq-lanes/sq-tails/lib/Guard/DBAScoreCalculator.php[0m
--------------------------------------------------------------------------------
[1mFOUND 0 ERRORS AND 4 WARNINGS AFFECTING 4 LINES[0m
--------------------------------------------------------------------------------
 134 | [33mWARNING[0m | Public method DBAScoreCalculator::subtotalGezag() is missing
     |         | @spec PHPDoc tag — link back to
     |         | openspec/specs/{capability}/spec.md#requirement-{slug}
 150 | [33mWARNING[0m | Public method DBAScoreCalculator::subtotalArbeid() is missing
     |         | @spec PHPDoc tag — link back to
     |         | openspec/specs/{capability}/spec.md#requirement-{slug}
 163 | [33mWARNING[0m | Public method DBAScoreCalculator::subtotalFinancieel() is
     |         | missing @spec PHPDoc tag — link back to
     |         | openspec/specs/{capability}/spec.md#requirement-{slug}
 183 | [33mWARNING[0m | Public method DBAScoreCalculator::subtotalDeliveroo() is
     |         | missing @spec PHPDoc tag — link back to
     |         | openspec/specs/{capability}/spec.md#requirement-{slug}
--------------------------------------------------------------------------------


[1mFILE: .../rubenlinde/memcap-work/lq-lanes/sq-tails/lib/Sections/SettingsSection.php[0m
--------------------------------------------------------------------------------
[1mFOUND 0 ERRORS AND 5 WARNINGS AFFECTING 5 LINES[0m
--------------------------------------------------------------------------------
 35 | [33mWARNING[0m | Class SettingsSection is missing @spec PHPDoc tag — link back
    |         | to openspec/specs/{capability}/spec.md#requirement-{slug}, not
    |         | a change dir
 53 | [33mWARNING[0m | Public method SettingsSection::getID() is missing @spec PHPDoc
    |         | tag — link back to
    |         | openspec/specs/{capability}/spec.md#requirement-{slug}
 62 | [33mWARNING[0m | Public method SettingsSection::getName() is missing @spec
    |         | PHPDoc tag — link back to
    |         | openspec/specs/{capability}/spec.md#requirement-{slug}
 71 | [33mWARNING[0m | Public method SettingsSection::getPriority() is missing @spec
    |         | PHPDoc tag — link back to
    |         | openspec/specs/{capability}/spec.md#requirement-{slug}
 80 | [33mWARNING[0m | Public method SettingsSection::getIcon() is missing @spec
    |         | PHPDoc tag — link back to
    |         | openspec/specs/{capability}/spec.md#requirement-{slug}
--------------------------------------------------------------------------------


[1mFILE: ...e/memcap-work/lq-lanes/sq-tails/lib/Service/DropApiVerificationService.php[0m
--------------------------------------------------------------------------------
[1mFOUND 0 ERRORS AND 3 WARNINGS AFFECTING 3 LINES[0m
--------------------------------------------------------------------------------
  58 | [33mWARNING[0m | Public method
     |         | DropApiVerificationService::composeLookupRequest() is missing
     |         | @spec PHPDoc tag — link back to
     |         | openspec/specs/{capability}/spec.md#requirement-{slug}
  85 | [33mWARNING[0m | Public method DropApiVerificationService::parseResponse() is
     |         | missing @spec PHPDoc tag — link back to
     |         | openspec/specs/{capability}/spec.md#requirement-{slug}
 125 | [33mWARNING[0m | Public method DropApiVerificationService::applyVerification()
     |         | is missing @spec PHPDoc tag — link back to
     |         | openspec/specs/{capability}/spec.md#requirement-{slug}
--------------------------------------------------------------------------------


[1mFILE: ...es/sq-tails/lib/Service/External/Salarisbureau/LogSalarisbureauAdapter.php[0m
--------------------------------------------------------------------------------
[1mFOUND 0 ERRORS AND 2 WARNINGS AFFECTING 2 LINES[0m
--------------------------------------------------------------------------------
  65 | [33mWARNING[0m | Public method LogSalarisbureauAdapter::submit() is missing
     |         | @spec PHPDoc tag — link back to
     |         | openspec/specs/{capability}/spec.md#requirement-{slug}
 116 | [33mWARNING[0m | Public method LogSalarisbureauAdapter::isDormant() is missing
     |         | @spec PHPDoc tag — link back to
     |         | openspec/specs/{capability}/spec.md#requirement-{slug}
--------------------------------------------------------------------------------


[1mFILE: ...tails/lib/Service/External/CcmRuleEngine/CcmRuleEngineAdapterInterface.php[0m
--------------------------------------------------------------------------------
[1mFOUND 0 ERRORS AND 3 WARNINGS AFFECTING 3 LINES[0m
--------------------------------------------------------------------------------
  93 | [33mWARNING[0m | Public method CcmRuleEngineAdapterInterface::compileRule() is
     |         | missing @spec PHPDoc tag — link back to
     |         | openspec/specs/{capability}/spec.md#requirement-{slug}
 111 | [33mWARNING[0m | Public method CcmRuleEngineAdapterInterface::evaluate() is
     |         | missing @spec PHPDoc tag — link back to
     |         | openspec/specs/{capability}/spec.md#requirement-{slug}
 119 | [33mWARNING[0m | Public method CcmRuleEngineAdapterInterface::isDormant() is
     |         | missing @spec PHPDoc tag — link back to
     |         | openspec/specs/{capability}/spec.md#requirement-{slug}
--------------------------------------------------------------------------------


[1mFILE: ...mcap-work/lq-lanes/sq-tails/lib/Repair/FoldExpensesAndHoursIntoProject.php[0m
--------------------------------------------------------------------------------
[1mFOUND 0 ERRORS AND 2 WARNINGS AFFECTING 2 LINES[0m
--------------------------------------------------------------------------------
 58 | [33mWARNING[0m | Class FoldExpensesAndHoursIntoProject is missing @spec PHPDoc
    |         | tag — link back to
    |         | openspec/specs/{capability}/spec.md#requirement-{slug}, not a
    |         | change dir
 82 | [33mWARNING[0m | Public method FoldExpensesAndHoursIntoProject::getName() is
    |         | missing @spec PHPDoc tag — link back to
    |         | openspec/specs/{capability}/spec.md#requirement-{slug}
--------------------------------------------------------------------------------


[1mFILE: home/rubenlinde/memcap-work/lq-lanes/sq-tails/lib/AppInfo/Application.php[0m
--------------------------------------------------------------------------------
[1mFOUND 0 ERRORS AND 3 WARNINGS AFFECTING 3 LINES[0m
--------------------------------------------------------------------------------
  158 | [33mWARNING[0m | Class Application is missing @spec PHPDoc tag — link back
      |         | to openspec/specs/{capability}/spec.md#requirement-{slug},
      |         | not a change dir
  181 | [33mWARNING[0m | Public method Application::register() is missing @spec PHPDoc
      |         | tag — link back to
      |         | openspec/specs/{capability}/spec.md#requirement-{slug}
 1239 | [33mWARNING[0m | Public method Application::boot() is missing @spec PHPDoc tag
      |         | — link back to
      |         | openspec/specs/{capability}/spec.md#requirement-{slug}
--------------------------------------------------------------------------------


[1mFILE: ...memcap-work/lq-lanes/sq-tails/lib/Service/External/Ib47/LogIb47Adapter.php[0m
--------------------------------------------------------------------------------
[1mFOUND 0 ERRORS AND 2 WARNINGS AFFECTING 2 LINES[0m
--------------------------------------------------------------------------------
  66 | [33mWARNING[0m | Public method LogIb47Adapter::submit() is missing @spec PHPDoc
     |         | tag — link back to
     |         | openspec/specs/{capability}/spec.md#requirement-{slug}
 124 | [33mWARNING[0m | Public method LogIb47Adapter::isDormant() is missing @spec
     |         | PHPDoc tag — link back to
     |         | openspec/specs/{capability}/spec.md#requirement-{slug}
--------------------------------------------------------------------------------


[1mFILE: ...enlinde/memcap-work/lq-lanes/sq-tails/lib/Service/CrossSubsidyDetector.php[0m
--------------------------------------------------------------------------------
[1mFOUND 0 ERRORS AND 11 WARNINGS AFFECTING 11 LINES[0m
--------------------------------------------------------------------------------
  92 | [33mWARNING[0m | Public method CrossSubsidyDetector::detectLossFinancing() is
     |         | missing @spec PHPDoc tag — link back to
     |         | openspec/specs/{capability}/spec.md#requirement-{slug}
 133 | [33mWARNING[0m | Public method
     |         | CrossSubsidyDetector::detectOmzetSpikeNoIkpUpdate() is missing
     |         | @spec PHPDoc tag — link back to
     |         | openspec/specs/{capability}/spec.md#requirement-{slug}
 172 | [33mWARNING[0m | Public method
     |         | CrossSubsidyDetector::detectOverheadUnderAllocation() is
     |         | missing @spec PHPDoc tag — link back to
     |         | openspec/specs/{capability}/spec.md#requirement-{slug}
 198 | [33mWARNING[0m | Public method CrossSubsidyDetector::detectAbbStale() is
     |         | missing @spec PHPDoc tag — link back to
     |         | openspec/specs/{capability}/spec.md#requirement-{slug}
 232 | [33mWARNING[0m | Public method
     |         | CrossSubsidyDetector::detectManualOverrideAccumulation() is
     |         | missing @spec PHPDoc tag — link back to
     |         | openspec/specs/{capability}/spec.md#requirement-{slug}
 255 | [33mWARNING[0m | Public method
     |         | CrossSubsidyDetector::detectOverheadOnderschatting() is
     |         | missing @spec PHPDoc tag — link back to
     |         | openspec/specs/{capability}/spec.md#requirement-{slug}
 289 | [33mWARNING[0m | Public method CrossSubsidyDetector::detectBevoordelingRisk()
     |         | is missing @spec PHPDoc tag — link back to
     |         | openspec/specs/{capability}/spec.md#requirement-{slug}
 339 | [33mWARNING[0m | Public method CrossSubsidyDetector::composeAlert() is missing
     |         | @spec PHPDoc tag — link back to
     |         | openspec/specs/{capability}/spec.md#requirement-{slug}
 370 | [33mWARNING[0m | Public method CrossSubsidyDetector::shouldEscalate() is
     |         | missing @spec PHPDoc tag — link back to
     |         | openspec/specs/{capability}/spec.md#requirement-{slug}
 398 | [33mWARNING[0m | Public method CrossSubsidyDetector::escalate() is missing
     |         | @spec PHPDoc tag — link back to
     |         | openspec/specs/{capability}/spec.md#requirement-{slug}
 417 | [33mWARNING[0m | Public method CrossSubsidyDetector::resolve() is missing @spec
     |         | PHPDoc tag — link back to
     |         | openspec/specs/{capability}/spec.md#requirement-{slug}
--------------------------------------------------------------------------------


[1mFILE: ...tails/lib/Service/External/Salarisbureau/SalarisbureauAdapterInterface.php[0m
--------------------------------------------------------------------------------
[1mFOUND 0 ERRORS AND 2 WARNINGS AFFECTING 2 LINES[0m
--------------------------------------------------------------------------------
 91 | [33mWARNING[0m | Public method SalarisbureauAdapterInterface::submit() is
    |         | missing @spec PHPDoc tag — link back to
    |         | openspec/specs/{capability}/spec.md#requirement-{slug}
 98 | [33mWARNING[0m | Public method SalarisbureauAdapterInterface::isDormant() is
    |         | missing @spec PHPDoc tag — link back to
    |         | openspec/specs/{capability}/spec.md#requirement-{slug}
--------------------------------------------------------------------------------


[1mFILE: .../lq-lanes/sq-tails/lib/Reporting/Generator/BalanceSheetReportGenerator.php[0m
--------------------------------------------------------------------------------
[1mFOUND 0 ERRORS AND 2 WARNINGS AFFECTING 2 LINES[0m
--------------------------------------------------------------------------------
 53 | [33mWARNING[0m | Class BalanceSheetReportGenerator is missing @spec PHPDoc tag
    |         | — link back to
    |         | openspec/specs/{capability}/spec.md#requirement-{slug}, not a
    |         | change dir
 59 | [33mWARNING[0m | Public method BalanceSheetReportGenerator::reportType() is
    |         | missing @spec PHPDoc tag — link back to
    |         | openspec/specs/{capability}/spec.md#requirement-{slug}
--------------------------------------------------------------------------------


[1mFILE: ...mcap-work/lq-lanes/sq-tails/lib/Service/ActivityCostAllocationSplitter.php[0m
--------------------------------------------------------------------------------
[1mFOUND 0 ERRORS AND 7 WARNINGS AFFECTING 7 LINES[0m
--------------------------------------------------------------------------------
  54 | [33mWARNING[0m | Public method ActivityCostAllocationSplitter::toCents() is
     |         | missing @spec PHPDoc tag — link back to
     |         | openspec/specs/{capability}/spec.md#requirement-{slug}
  65 | [33mWARNING[0m | Public method ActivityCostAllocationSplitter::fromCents() is
     |         | missing @spec PHPDoc tag — link back to
     |         | openspec/specs/{capability}/spec.md#requirement-{slug}
  81 | [33mWARNING[0m | Public method ActivityCostAllocationSplitter::resolveRule() is
     |         | missing @spec PHPDoc tag — link back to
     |         | openspec/specs/{capability}/spec.md#requirement-{slug}
 137 | [33mWARNING[0m | Public method
     |         | ActivityCostAllocationSplitter::calculateSplits() is missing
     |         | @spec PHPDoc tag — link back to
     |         | openspec/specs/{capability}/spec.md#requirement-{slug}
 211 | [33mWARNING[0m | Public method ActivityCostAllocationSplitter::compose() is
     |         | missing @spec PHPDoc tag — link back to
     |         | openspec/specs/{capability}/spec.md#requirement-{slug}
 248 | [33mWARNING[0m | Public method
     |         | ActivityCostAllocationSplitter::composeOverride() is missing
     |         | @spec PHPDoc tag — link back to
     |         | openspec/specs/{capability}/spec.md#requirement-{slug}
 299 | [33mWARNING[0m | Public method
     |         | ActivityCostAllocationSplitter::materialiseSplits() is missing
     |         | @spec PHPDoc tag — link back to
     |         | openspec/specs/{capability}/spec.md#requirement-{slug}
--------------------------------------------------------------------------------


[1mFILE: ...-work/lq-lanes/sq-tails/lib/Service/External/Ib47/Ib47AdapterInterface.php[0m
--------------------------------------------------------------------------------
[1mFOUND 0 ERRORS AND 2 WARNINGS AFFECTING 2 LINES[0m
--------------------------------------------------------------------------------
  97 | [33mWARNING[0m | Public method Ib47AdapterInterface::submit() is missing @spec
     |         | PHPDoc tag — link back to
     |         | openspec/specs/{capability}/spec.md#requirement-{slug}
 105 | [33mWARNING[0m | Public method Ib47AdapterInterface::isDormant() is missing
     |         | @spec PHPDoc tag — link back to
     |         | openspec/specs/{capability}/spec.md#requirement-{slug}
--------------------------------------------------------------------------------


[1mFILE: ...linde/memcap-work/lq-lanes/sq-tails/lib/Controller/WidgetApiController.php[0m
--------------------------------------------------------------------------------
[1mFOUND 0 ERRORS AND 1 WARNING AFFECTING 1 LINE[0m
--------------------------------------------------------------------------------
 65 | [33mWARNING[0m | Class WidgetApiController is missing @spec PHPDoc tag — link
    |         | back to openspec/specs/{capability}/spec.md#requirement-{slug},
    |         | not a change dir
--------------------------------------------------------------------------------


[1mFILE: ...inde/memcap-work/lq-lanes/sq-tails/lib/Controller/InvoiceApiController.php[0m
--------------------------------------------------------------------------------
[1mFOUND 0 ERRORS AND 1 WARNING AFFECTING 1 LINE[0m
--------------------------------------------------------------------------------
 57 | [33mWARNING[0m | Class InvoiceApiController is missing @spec PHPDoc tag — link
    |         | back to openspec/specs/{capability}/spec.md#requirement-{slug},
    |         | not a change dir
--------------------------------------------------------------------------------


[1mFILE: ...de/memcap-work/lq-lanes/sq-tails/lib/Reporting/ReportGenerationService.php[0m
--------------------------------------------------------------------------------
[1mFOUND 0 ERRORS AND 5 WARNINGS AFFECTING 5 LINES[0m
--------------------------------------------------------------------------------
  81 | [33mWARNING[0m | Class ReportGenerationService is missing @spec PHPDoc tag —
     |         | link back to
     |         | openspec/specs/{capability}/spec.md#requirement-{slug}, not a
     |         | change dir
 270 | [33mWARNING[0m | Public method ReportGenerationService::listGenerated() is
     |         | missing @spec PHPDoc tag — link back to
     |         | openspec/specs/{capability}/spec.md#requirement-{slug}
 305 | [33mWARNING[0m | Public method ReportGenerationService::resolveFile() is
     |         | missing @spec PHPDoc tag — link back to
     |         | openspec/specs/{capability}/spec.md#requirement-{slug}
 339 | [33mWARNING[0m | Public method ReportGenerationService::resolveRecordFile() is
     |         | missing @spec PHPDoc tag — link back to
     |         | openspec/specs/{capability}/spec.md#requirement-{slug}
 385 | [33mWARNING[0m | Public method ReportGenerationService::findRecord() is missing
     |         | @spec PHPDoc tag — link back to
     |         | openspec/specs/{capability}/spec.md#requirement-{slug}
--------------------------------------------------------------------------------


[1mFILE: .../rubenlinde/memcap-work/lq-lanes/sq-tails/lib/Service/ENSIAXmlExporter.php[0m
--------------------------------------------------------------------------------
[1mFOUND 0 ERRORS AND 2 WARNINGS AFFECTING 2 LINES[0m
--------------------------------------------------------------------------------
 71 | [33mWARNING[0m | Public method ENSIAXmlExporter::canExport() is missing @spec
    |         | PHPDoc tag — link back to
    |         | openspec/specs/{capability}/spec.md#requirement-{slug}
 90 | [33mWARNING[0m | Public method ENSIAXmlExporter::render() is missing @spec
    |         | PHPDoc tag — link back to
    |         | openspec/specs/{capability}/spec.md#requirement-{slug}
--------------------------------------------------------------------------------


[1mFILE: ...cap-work/lq-lanes/sq-tails/lib/Controller/WbsoTransactionApiController.php[0m
--------------------------------------------------------------------------------
[1mFOUND 0 ERRORS AND 2 WARNINGS AFFECTING 2 LINES[0m
--------------------------------------------------------------------------------
  89 | [33mWARNING[0m | Public method WbsoTransactionApiController::index() is missing
     |         | @spec PHPDoc tag — link back to
     |         | openspec/specs/{capability}/spec.md#requirement-{slug}
 131 | [33mWARNING[0m | Public method WbsoTransactionApiController::show() is missing
     |         | @spec PHPDoc tag — link back to
     |         | openspec/specs/{capability}/spec.md#requirement-{slug}
--------------------------------------------------------------------------------


[1mFILE: .../memcap-work/lq-lanes/sq-tails/lib/Service/InvoiceDeduplicationService.php[0m
--------------------------------------------------------------------------------
[1mFOUND 0 ERRORS AND 2 WARNINGS AFFECTING 2 LINES[0m
--------------------------------------------------------------------------------
 37 | [33mWARNING[0m | Class InvoiceDeduplicationService is missing @spec PHPDoc tag
    |         | — link back to
    |         | openspec/specs/{capability}/spec.md#requirement-{slug}, not a
    |         | change dir
 64 | [33mWARNING[0m | Public method
    |         | InvoiceDeduplicationService::deduplicateSourceIds() is missing
    |         | @spec PHPDoc tag — link back to
    |         | openspec/specs/{capability}/spec.md#requirement-{slug}
--------------------------------------------------------------------------------


[1mFILE: ...e/memcap-work/lq-lanes/sq-tails/lib/Lifecycle/DestructionScheduleGuard.php[0m
--------------------------------------------------------------------------------
[1mFOUND 0 ERRORS AND 4 WARNINGS AFFECTING 4 LINES[0m
--------------------------------------------------------------------------------
 131 | [33mWARNING[0m | Public method DestructionScheduleGuard::canModify() is missing
     |         | @spec PHPDoc tag — link back to
     |         | openspec/specs/{capability}/spec.md#requirement-{slug}
 145 | [33mWARNING[0m | Public method DestructionScheduleGuard::canDelete() is missing
     |         | @spec PHPDoc tag — link back to
     |         | openspec/specs/{capability}/spec.md#requirement-{slug}
 172 | [33mWARNING[0m | Public method DestructionScheduleGuard::canTransition() is
     |         | missing @spec PHPDoc tag — link back to
     |         | openspec/specs/{capability}/spec.md#requirement-{slug}
 229 | [33mWARNING[0m | Public method DestructionScheduleGuard::buildTransitionEvent()
     |         | is missing @spec PHPDoc tag — link back to
     |         | openspec/specs/{capability}/spec.md#requirement-{slug}
--------------------------------------------------------------------------------


[1mFILE: ...mcap-work/lq-lanes/sq-tails/lib/Service/AdministrationMigrationService.php[0m
--------------------------------------------------------------------------------
[1mFOUND 0 ERRORS AND 1 WARNING AFFECTING 1 LINE[0m
--------------------------------------------------------------------------------
 79 | [33mWARNING[0m | Public method AdministrationMigrationService::toCents() is
    |         | missing @spec PHPDoc tag — link back to
    |         | openspec/specs/{capability}/spec.md#requirement-{slug}
--------------------------------------------------------------------------------


[1mFILE: ...ubenlinde/memcap-work/lq-lanes/sq-tails/lib/Standards/Checks/VatChecks.php[0m
--------------------------------------------------------------------------------
[1mFOUND 0 ERRORS AND 3 WARNINGS AFFECTING 3 LINES[0m
--------------------------------------------------------------------------------
  45 | [33mWARNING[0m | Class VatChecks is missing @spec PHPDoc tag — link back to
     |         | openspec/specs/{capability}/spec.md#requirement-{slug}, not a
     |         | change dir
  89 | [33mWARNING[0m | Public method VatChecks::checks() is missing @spec PHPDoc tag
     |         | — link back to
     |         | openspec/specs/{capability}/spec.md#requirement-{slug}
 196 | [33mWARNING[0m | Public method VatChecks::seedSpec() is missing @spec PHPDoc
     |         | tag — link back to
     |         | openspec/specs/{capability}/spec.md#requirement-{slug}
--------------------------------------------------------------------------------


[1mFILE: ...memcap-work/lq-lanes/sq-tails/lib/Controller/WbsoDocumentApiController.php[0m
--------------------------------------------------------------------------------
[1mFOUND 0 ERRORS AND 1 WARNING AFFECTING 1 LINE[0m
--------------------------------------------------------------------------------
 168 | [33mWARNING[0m | Public method WbsoDocumentApiController::show() is missing
     |         | @spec PHPDoc tag — link back to
     |         | openspec/specs/{capability}/spec.md#requirement-{slug}
--------------------------------------------------------------------------------


[1mFILE: ...q-tails/lib/Service/External/CsrdEsrsXbrl/CsrdEsrsXbrlAdapterInterface.php[0m
--------------------------------------------------------------------------------
[1mFOUND 0 ERRORS AND 4 WARNINGS AFFECTING 4 LINES[0m
--------------------------------------------------------------------------------
 106 | [33mWARNING[0m | Public method CsrdEsrsXbrlAdapterInterface::mapTaxonomy() is
     |         | missing @spec PHPDoc tag — link back to
     |         | openspec/specs/{capability}/spec.md#requirement-{slug}
 122 | [33mWARNING[0m | Public method
     |         | CsrdEsrsXbrlAdapterInterface::validateMandatoryDataPoints() is
     |         | missing @spec PHPDoc tag — link back to
     |         | openspec/specs/{capability}/spec.md#requirement-{slug}
 142 | [33mWARNING[0m | Public method CsrdEsrsXbrlAdapterInterface::buildInstance() is
     |         | missing @spec PHPDoc tag — link back to
     |         | openspec/specs/{capability}/spec.md#requirement-{slug}
 150 | [33mWARNING[0m | Public method CsrdEsrsXbrlAdapterInterface::isDormant() is
     |         | missing @spec PHPDoc tag — link back to
     |         | openspec/specs/{capability}/spec.md#requirement-{slug}
--------------------------------------------------------------------------------


[1mFILE: ...e/memcap-work/lq-lanes/sq-tails/lib/Reporting/ReportGeneratorInterface.php[0m
--------------------------------------------------------------------------------
[1mFOUND 0 ERRORS AND 3 WARNINGS AFFECTING 3 LINES[0m
--------------------------------------------------------------------------------
 67 | [33mWARNING[0m | Public method ReportGeneratorInterface::reportType() is missing
    |         | @spec PHPDoc tag — link back to
    |         | openspec/specs/{capability}/spec.md#requirement-{slug}
 77 | [33mWARNING[0m | Public method ReportGeneratorInterface::supportedFormats() is
    |         | missing @spec PHPDoc tag — link back to
    |         | openspec/specs/{capability}/spec.md#requirement-{slug}
 87 | [33mWARNING[0m | Public method ReportGeneratorInterface::generate() is missing
    |         | @spec PHPDoc tag — link back to
    |         | openspec/specs/{capability}/spec.md#requirement-{slug}
--------------------------------------------------------------------------------


[1mFILE: ...cap-work/lq-lanes/sq-tails/lib/Repair/StampJournalTypeOnGlTransactions.php[0m
--------------------------------------------------------------------------------
[1mFOUND 0 ERRORS AND 2 WARNINGS AFFECTING 2 LINES[0m
--------------------------------------------------------------------------------
 67 | [33mWARNING[0m | Class StampJournalTypeOnGlTransactions is missing @spec PHPDoc
    |         | tag — link back to
    |         | openspec/specs/{capability}/spec.md#requirement-{slug}, not a
    |         | change dir
 90 | [33mWARNING[0m | Public method StampJournalTypeOnGlTransactions::getName() is
    |         | missing @spec PHPDoc tag — link back to
    |         | openspec/specs/{capability}/spec.md#requirement-{slug}
--------------------------------------------------------------------------------


[1mFILE: ...linde/memcap-work/lq-lanes/sq-tails/lib/Standards/Checks/OssIossChecks.php[0m
--------------------------------------------------------------------------------
[1mFOUND 0 ERRORS AND 4 WARNINGS AFFECTING 4 LINES[0m
--------------------------------------------------------------------------------
 36 | [33mWARNING[0m | Class OssIossChecks is missing @spec PHPDoc tag — link back
    |         | to openspec/specs/{capability}/spec.md#requirement-{slug}, not
    |         | a change dir
 42 | [33mWARNING[0m | Public method OssIossChecks::checks() is missing @spec PHPDoc
    |         | tag — link back to
    |         | openspec/specs/{capability}/spec.md#requirement-{slug}
 68 | [33mWARNING[0m | Public method OssIossChecks::seedSpec() is missing @spec PHPDoc
    |         | tag — link back to
    |         | openspec/specs/{capability}/spec.md#requirement-{slug}
 77 | [33mWARNING[0m | Public method OssIossChecks::seedObjects() is missing @spec
    |         | PHPDoc tag — link back to
    |         | openspec/specs/{capability}/spec.md#requirement-{slug}
--------------------------------------------------------------------------------


[1mFILE: ...emcap-work/lq-lanes/sq-tails/lib/Service/PaymentRevenueAccountResolver.php[0m
--------------------------------------------------------------------------------
[1mFOUND 0 ERRORS AND 1 WARNING AFFECTING 1 LINE[0m
--------------------------------------------------------------------------------
 89 | [33mWARNING[0m | Public method PaymentRevenueAccountResolver::all() is missing
    |         | @spec PHPDoc tag — link back to
    |         | openspec/specs/{capability}/spec.md#requirement-{slug}
--------------------------------------------------------------------------------


[1mFILE: ...linde/memcap-work/lq-lanes/sq-tails/lib/Lifecycle/WbsoTransactionGuard.php[0m
--------------------------------------------------------------------------------
[1mFOUND 0 ERRORS AND 2 WARNINGS AFFECTING 2 LINES[0m
--------------------------------------------------------------------------------
 69 | [33mWARNING[0m | Public method WbsoTransactionGuard::canPost() is missing @spec
    |         | PHPDoc tag — link back to
    |         | openspec/specs/{capability}/spec.md#requirement-{slug}
 96 | [33mWARNING[0m | Public method WbsoTransactionGuard::canReverse() is missing
    |         | @spec PHPDoc tag — link back to
    |         | openspec/specs/{capability}/spec.md#requirement-{slug}
--------------------------------------------------------------------------------


[1mFILE: ...anes/sq-tails/lib/Service/External/CsrdEsrsXbrl/LogCsrdEsrsXbrlAdapter.php[0m
--------------------------------------------------------------------------------
[1mFOUND 0 ERRORS AND 4 WARNINGS AFFECTING 4 LINES[0m
--------------------------------------------------------------------------------
  71 | [33mWARNING[0m | Public method LogCsrdEsrsXbrlAdapter::mapTaxonomy() is missing
     |         | @spec PHPDoc tag — link back to
     |         | openspec/specs/{capability}/spec.md#requirement-{slug}
 114 | [33mWARNING[0m | Public method
     |         | LogCsrdEsrsXbrlAdapter::validateMandatoryDataPoints() is
     |         | missing @spec PHPDoc tag — link back to
     |         | openspec/specs/{capability}/spec.md#requirement-{slug}
 155 | [33mWARNING[0m | Public method LogCsrdEsrsXbrlAdapter::buildInstance() is
     |         | missing @spec PHPDoc tag — link back to
     |         | openspec/specs/{capability}/spec.md#requirement-{slug}
 190 | [33mWARNING[0m | Public method LogCsrdEsrsXbrlAdapter::isDormant() is missing
     |         | @spec PHPDoc tag — link back to
     |         | openspec/specs/{capability}/spec.md#requirement-{slug}
--------------------------------------------------------------------------------


[1mFILE: ...s/sq-tails/lib/Service/External/Digipoort/DigipoortSbrAdapterInterface.php[0m
--------------------------------------------------------------------------------
[1mFOUND 0 ERRORS AND 2 WARNINGS AFFECTING 2 LINES[0m
--------------------------------------------------------------------------------
 88 | [33mWARNING[0m | Public method DigipoortSbrAdapterInterface::submit() is missing
    |         | @spec PHPDoc tag — link back to
    |         | openspec/specs/{capability}/spec.md#requirement-{slug}
 95 | [33mWARNING[0m | Public method DigipoortSbrAdapterInterface::isDormant() is
    |         | missing @spec PHPDoc tag — link back to
    |         | openspec/specs/{capability}/spec.md#requirement-{slug}
--------------------------------------------------------------------------------


[1mFILE: ...q-lanes/sq-tails/lib/Service/External/Digipoort/LogDigipoortSbrAdapter.php[0m
--------------------------------------------------------------------------------
[1mFOUND 0 ERRORS AND 2 WARNINGS AFFECTING 2 LINES[0m
--------------------------------------------------------------------------------
  68 | [33mWARNING[0m | Public method LogDigipoortSbrAdapter::submit() is missing
     |         | @spec PHPDoc tag — link back to
     |         | openspec/specs/{capability}/spec.md#requirement-{slug}
 102 | [33mWARNING[0m | Public method LogDigipoortSbrAdapter::isDormant() is missing
     |         | @spec PHPDoc tag — link back to
     |         | openspec/specs/{capability}/spec.md#requirement-{slug}
--------------------------------------------------------------------------------


[1mFILE: ...mcap-work/lq-lanes/sq-tails/lib/Integration/PaymentRequestLeafProvider.php[0m
--------------------------------------------------------------------------------
[1mFOUND 0 ERRORS AND 14 WARNINGS AFFECTING 14 LINES[0m
--------------------------------------------------------------------------------
 108 | [33mWARNING[0m | Public method PaymentRequestLeafProvider::getId() is missing
     |         | @spec PHPDoc tag — link back to
     |         | openspec/specs/{capability}/spec.md#requirement-{slug}
 117 | [33mWARNING[0m | Public method PaymentRequestLeafProvider::getLabel() is
     |         | missing @spec PHPDoc tag — link back to
     |         | openspec/specs/{capability}/spec.md#requirement-{slug}
 126 | [33mWARNING[0m | Public method PaymentRequestLeafProvider::getIcon() is missing
     |         | @spec PHPDoc tag — link back to
     |         | openspec/specs/{capability}/spec.md#requirement-{slug}
 135 | [33mWARNING[0m | Public method PaymentRequestLeafProvider::getGroup() is
     |         | missing @spec PHPDoc tag — link back to
     |         | openspec/specs/{capability}/spec.md#requirement-{slug}
 144 | [33mWARNING[0m | Public method PaymentRequestLeafProvider::getRequiredApp() is
     |         | missing @spec PHPDoc tag — link back to
     |         | openspec/specs/{capability}/spec.md#requirement-{slug}
 153 | [33mWARNING[0m | Public method PaymentRequestLeafProvider::getStorageStrategy()
     |         | is missing @spec PHPDoc tag — link back to
     |         | openspec/specs/{capability}/spec.md#requirement-{slug}
 163 | [33mWARNING[0m | Public method
     |         | PaymentRequestLeafProvider::getOpenConnectorSource() is
     |         | missing @spec PHPDoc tag — link back to
     |         | openspec/specs/{capability}/spec.md#requirement-{slug}
 172 | [33mWARNING[0m | Public method PaymentRequestLeafProvider::isEnabled() is
     |         | missing @spec PHPDoc tag — link back to
     |         | openspec/specs/{capability}/spec.md#requirement-{slug}
 181 | [33mWARNING[0m | Public method PaymentRequestLeafProvider::requiresPermission()
     |         | is missing @spec PHPDoc tag — link back to
     |         | openspec/specs/{capability}/spec.md#requirement-{slug}
 190 | [33mWARNING[0m | Public method PaymentRequestLeafProvider::authRequirements()
     |         | is missing @spec PHPDoc tag — link back to
     |         | openspec/specs/{capability}/spec.md#requirement-{slug}
 308 | [33mWARNING[0m | Public method PaymentRequestLeafProvider::get() is missing
     |         | @spec PHPDoc tag — link back to
     |         | openspec/specs/{capability}/spec.md#requirement-{slug}
 410 | [33mWARNING[0m | Public method PaymentRequestLeafProvider::update() is missing
     |         | @spec PHPDoc tag — link back to
     |         | openspec/specs/{capability}/spec.md#requirement-{slug}
 430 | [33mWARNING[0m | Public method PaymentRequestLeafProvider::delete() is missing
     |         | @spec PHPDoc tag — link back to
     |         | openspec/specs/{capability}/spec.md#requirement-{slug}
 439 | [33mWARNING[0m | Public method PaymentRequestLeafProvider::health() is missing
     |         | @spec PHPDoc tag — link back to
     |         | openspec/specs/{capability}/spec.md#requirement-{slug}
--------------------------------------------------------------------------------


[1mFILE: ...q-lanes/sq-tails/lib/Reporting/Generator/AnnualAccountsReportGenerator.php[0m
--------------------------------------------------------------------------------
[1mFOUND 0 ERRORS AND 2 WARNINGS AFFECTING 2 LINES[0m
--------------------------------------------------------------------------------
 52 | [33mWARNING[0m | Class AnnualAccountsReportGenerator is missing @spec PHPDoc tag
    |         | — link back to
    |         | openspec/specs/{capability}/spec.md#requirement-{slug}, not a
    |         | change dir
 58 | [33mWARNING[0m | Public method AnnualAccountsReportGenerator::reportType() is
    |         | missing @spec PHPDoc tag — link back to
    |         | openspec/specs/{capability}/spec.md#requirement-{slug}
--------------------------------------------------------------------------------


[1mFILE: ...de/memcap-work/lq-lanes/sq-tails/lib/Service/Pipelinq/TimelineEventDto.php[0m
--------------------------------------------------------------------------------
[1mFOUND 0 ERRORS AND 7 WARNINGS AFFECTING 7 LINES[0m
--------------------------------------------------------------------------------
 150 | [33mWARNING[0m | Public method TimelineEventDto::type() is missing @spec PHPDoc
     |         | tag — link back to
     |         | openspec/specs/{capability}/spec.md#requirement-{slug}
 159 | [33mWARNING[0m | Public method TimelineEventDto::externalId() is missing @spec
     |         | PHPDoc tag — link back to
     |         | openspec/specs/{capability}/spec.md#requirement-{slug}
 168 | [33mWARNING[0m | Public method TimelineEventDto::contactId() is missing @spec
     |         | PHPDoc tag — link back to
     |         | openspec/specs/{capability}/spec.md#requirement-{slug}
 177 | [33mWARNING[0m | Public method TimelineEventDto::timestamp() is missing @spec
     |         | PHPDoc tag — link back to
     |         | openspec/specs/{capability}/spec.md#requirement-{slug}
 187 | [33mWARNING[0m | Public method TimelineEventDto::metadata() is missing @spec
     |         | PHPDoc tag — link back to
     |         | openspec/specs/{capability}/spec.md#requirement-{slug}
 208 | [33mWARNING[0m | Public method TimelineEventDto::toPayload() is missing @spec
     |         | PHPDoc tag — link back to
     |         | openspec/specs/{capability}/spec.md#requirement-{slug}
 228 | [33mWARNING[0m | Public method TimelineEventDto::toCloudEvent() is missing
     |         | @spec PHPDoc tag — link back to
     |         | openspec/specs/{capability}/spec.md#requirement-{slug}
--------------------------------------------------------------------------------


[1mFILE: ...mcap-work/lq-lanes/sq-tails/lib/Service/AppointmentConfirmationService.php[0m
--------------------------------------------------------------------------------
[1mFOUND 0 ERRORS AND 6 WARNINGS AFFECTING 6 LINES[0m
--------------------------------------------------------------------------------
  46 | [33mWARNING[0m | Class AppointmentConfirmationService is missing @spec PHPDoc
     |         | tag — link back to
     |         | openspec/specs/{capability}/spec.md#requirement-{slug}, not a
     |         | change dir
 130 | [33mWARNING[0m | Public method
     |         | AppointmentConfirmationService::issueConfirmation() is missing
     |         | @spec PHPDoc tag — link back to
     |         | openspec/specs/{capability}/spec.md#requirement-{slug}
 185 | [33mWARNING[0m | Public method AppointmentConfirmationService::validateToken()
     |         | is missing @spec PHPDoc tag — link back to
     |         | openspec/specs/{capability}/spec.md#requirement-{slug}
 250 | [33mWARNING[0m | Public method AppointmentConfirmationService::confirm() is
     |         | missing @spec PHPDoc tag — link back to
     |         | openspec/specs/{capability}/spec.md#requirement-{slug}
 302 | [33mWARNING[0m | Public method AppointmentConfirmationService::resend() is
     |         | missing @spec PHPDoc tag — link back to
     |         | openspec/specs/{capability}/spec.md#requirement-{slug}
 358 | [33mWARNING[0m | Public method AppointmentConfirmationService::cancelExpired()
     |         | is missing @spec PHPDoc tag — link back to
     |         | openspec/specs/{capability}/spec.md#requirement-{slug}
--------------------------------------------------------------------------------


[1mFILE: ...nde/memcap-work/lq-lanes/sq-tails/lib/Service/ENSIAVerklaringGenerator.php[0m
--------------------------------------------------------------------------------
[1mFOUND 0 ERRORS AND 1 WARNING AFFECTING 1 LINE[0m
--------------------------------------------------------------------------------
 74 | [33mWARNING[0m | Public method ENSIAVerklaringGenerator::render() is missing
    |         | @spec PHPDoc tag — link back to
    |         | openspec/specs/{capability}/spec.md#requirement-{slug}
--------------------------------------------------------------------------------


[1mFILE: ...inde/memcap-work/lq-lanes/sq-tails/lib/Service/ApprovalActivityEmitter.php[0m
--------------------------------------------------------------------------------
[1mFOUND 0 ERRORS AND 5 WARNINGS AFFECTING 5 LINES[0m
--------------------------------------------------------------------------------
 141 | [33mWARNING[0m | Public method ApprovalActivityEmitter::emitApprovalRequested()
     |         | is missing @spec PHPDoc tag — link back to
     |         | openspec/specs/{capability}/spec.md#requirement-{slug}
 170 | [33mWARNING[0m | Public method ApprovalActivityEmitter::emitApprovalApproved()
     |         | is missing @spec PHPDoc tag — link back to
     |         | openspec/specs/{capability}/spec.md#requirement-{slug}
 199 | [33mWARNING[0m | Public method ApprovalActivityEmitter::emitApprovalRejected()
     |         | is missing @spec PHPDoc tag — link back to
     |         | openspec/specs/{capability}/spec.md#requirement-{slug}
 227 | [33mWARNING[0m | Public method ApprovalActivityEmitter::emitDocumentSigned() is
     |         | missing @spec PHPDoc tag — link back to
     |         | openspec/specs/{capability}/spec.md#requirement-{slug}
 256 | [33mWARNING[0m | Public method ApprovalActivityEmitter::emitDecisionMade() is
     |         | missing @spec PHPDoc tag — link back to
     |         | openspec/specs/{capability}/spec.md#requirement-{slug}
--------------------------------------------------------------------------------


[1mFILE: ...lanes/sq-tails/lib/Reporting/Generator/ManagementLetterReportGenerator.php[0m
--------------------------------------------------------------------------------
[1mFOUND 0 ERRORS AND 2 WARNINGS AFFECTING 2 LINES[0m
--------------------------------------------------------------------------------
 59 | [33mWARNING[0m | Class ManagementLetterReportGenerator is missing @spec PHPDoc
    |         | tag — link back to
    |         | openspec/specs/{capability}/spec.md#requirement-{slug}, not a
    |         | change dir
 65 | [33mWARNING[0m | Public method ManagementLetterReportGenerator::reportType() is
    |         | missing @spec PHPDoc tag — link back to
    |         | openspec/specs/{capability}/spec.md#requirement-{slug}
--------------------------------------------------------------------------------


[1mFILE: ...linde/memcap-work/lq-lanes/sq-tails/lib/Service/SupplierInvoiceService.php[0m
--------------------------------------------------------------------------------
[1mFOUND 0 ERRORS AND 1 WARNING AFFECTING 1 LINE[0m
--------------------------------------------------------------------------------
 572 | [33mWARNING[0m | Public method SupplierInvoiceService::parseUblInvoice() is
     |         | missing @spec PHPDoc tag — link back to
     |         | openspec/specs/{capability}/spec.md#requirement-{slug}
--------------------------------------------------------------------------------


[1mFILE: ...emcap-work/lq-lanes/sq-tails/lib/Service/BbvMigration/RgsAccountMapper.php[0m
--------------------------------------------------------------------------------
[1mFOUND 0 ERRORS AND 1 WARNING AFFECTING 1 LINE[0m
--------------------------------------------------------------------------------
 136 | [33mWARNING[0m | Public method RgsAccountMapper::suggestMappings() is missing
     |         | @spec PHPDoc tag — link back to
     |         | openspec/specs/{capability}/spec.md#requirement-{slug}
--------------------------------------------------------------------------------


[1mFILE: .../rubenlinde/memcap-work/lq-lanes/sq-tails/lib/Service/UrenAlertService.php[0m
--------------------------------------------------------------------------------
[1mFOUND 0 ERRORS AND 1 WARNING AFFECTING 1 LINE[0m
--------------------------------------------------------------------------------
 206 | [33mWARNING[0m | Public method UrenAlertService::handelingsperspectief() is
     |         | missing @spec PHPDoc tag — link back to
     |         | openspec/specs/{capability}/spec.md#requirement-{slug}
--------------------------------------------------------------------------------


[1mFILE: ...linde/memcap-work/lq-lanes/sq-tails/lib/Service/ENSIAQuestionSetLoader.php[0m
--------------------------------------------------------------------------------
[1mFOUND 0 ERRORS AND 1 WARNING AFFECTING 1 LINE[0m
--------------------------------------------------------------------------------
 95 | [33mWARNING[0m | Public method ENSIAQuestionSetLoader::load() is missing @spec
    |         | PHPDoc tag — link back to
    |         | openspec/specs/{capability}/spec.md#requirement-{slug}
--------------------------------------------------------------------------------


[1mFILE: ...ap-work/lq-lanes/sq-tails/lib/Standards/Checks/NationalExtraTailChecks.php[0m
--------------------------------------------------------------------------------
[1mFOUND 0 ERRORS AND 4 WARNINGS AFFECTING 4 LINES[0m
--------------------------------------------------------------------------------
  73 | [33mWARNING[0m | Class NationalExtraTailChecks is missing @spec PHPDoc tag —
     |         | link back to
     |         | openspec/specs/{capability}/spec.md#requirement-{slug}, not a
     |         | change dir
 106 | [33mWARNING[0m | Public method NationalExtraTailChecks::checks() is missing
     |         | @spec PHPDoc tag — link back to
     |         | openspec/specs/{capability}/spec.md#requirement-{slug}
 280 | [33mWARNING[0m | Public method NationalExtraTailChecks::seedSpec() is missing
     |         | @spec PHPDoc tag — link back to
     |         | openspec/specs/{capability}/spec.md#requirement-{slug}
 311 | [33mWARNING[0m | Public method NationalExtraTailChecks::seedObjects() is
     |         | missing @spec PHPDoc tag — link back to
     |         | openspec/specs/{capability}/spec.md#requirement-{slug}
--------------------------------------------------------------------------------


[1mFILE: ...benlinde/memcap-work/lq-lanes/sq-tails/lib/Lifecycle/WbsoDocumentGuard.php[0m
--------------------------------------------------------------------------------
[1mFOUND 0 ERRORS AND 2 WARNINGS AFFECTING 2 LINES[0m
--------------------------------------------------------------------------------
 66 | [33mWARNING[0m | Public method WbsoDocumentGuard::canFile() is missing @spec
    |         | PHPDoc tag — link back to
    |         | openspec/specs/{capability}/spec.md#requirement-{slug}
 87 | [33mWARNING[0m | Public method WbsoDocumentGuard::canArchive() is missing @spec
    |         | PHPDoc tag — link back to
    |         | openspec/specs/{capability}/spec.md#requirement-{slug}
--------------------------------------------------------------------------------


[1mFILE: ...nlinde/memcap-work/lq-lanes/sq-tails/lib/Standards/Checks/SeedsObjects.php[0m
--------------------------------------------------------------------------------
[1mFOUND 0 ERRORS AND 1 WARNING AFFECTING 1 LINE[0m
--------------------------------------------------------------------------------
 38 | [33mWARNING[0m | Public method SeedsObjects::seedObjects() is missing @spec
    |         | PHPDoc tag — link back to
    |         | openspec/specs/{capability}/spec.md#requirement-{slug}
--------------------------------------------------------------------------------


[1mFILE: home/rubenlinde/memcap-work/lq-lanes/sq-tails/lib/Support/DateWindow.php[0m
--------------------------------------------------------------------------------
[1mFOUND 0 ERRORS AND 1 WARNING AFFECTING 1 LINE[0m
--------------------------------------------------------------------------------
 62 | [33mWARNING[0m | Public method DateWindow::overlaps() is missing @spec PHPDoc
    |         | tag — link back to
    |         | openspec/specs/{capability}/spec.md#requirement-{slug}
--------------------------------------------------------------------------------


[1mFILE: ...lq-lanes/sq-tails/lib/Reporting/Generator/GeneralLedgerReportGenerator.php[0m
--------------------------------------------------------------------------------
[1mFOUND 0 ERRORS AND 4 WARNINGS AFFECTING 4 LINES[0m
--------------------------------------------------------------------------------
  57 | [33mWARNING[0m | Class GeneralLedgerReportGenerator is missing @spec PHPDoc tag
     |         | — link back to
     |         | openspec/specs/{capability}/spec.md#requirement-{slug}, not a
     |         | change dir
  79 | [33mWARNING[0m | Public method GeneralLedgerReportGenerator::reportType() is
     |         | missing @spec PHPDoc tag — link back to
     |         | openspec/specs/{capability}/spec.md#requirement-{slug}
  88 | [33mWARNING[0m | Public method GeneralLedgerReportGenerator::supportedFormats()
     |         | is missing @spec PHPDoc tag — link back to
     |         | openspec/specs/{capability}/spec.md#requirement-{slug}
 100 | [33mWARNING[0m | Public method GeneralLedgerReportGenerator::generate() is
     |         | missing @spec PHPDoc tag — link back to
     |         | openspec/specs/{capability}/spec.md#requirement-{slug}
--------------------------------------------------------------------------------


[1mFILE: ...enlinde/memcap-work/lq-lanes/sq-tails/lib/Service/BIKStaffelCalculator.php[0m
--------------------------------------------------------------------------------
[1mFOUND 0 ERRORS AND 1 WARNING AFFECTING 1 LINE[0m
--------------------------------------------------------------------------------
 350 | [33mWARNING[0m | Public method BIKStaffelCalculator::resolveRateOn() is missing
     |         | @spec PHPDoc tag — link back to
     |         | openspec/specs/{capability}/spec.md#requirement-{slug}
--------------------------------------------------------------------------------


[1mFILE: ...enlinde/memcap-work/lq-lanes/sq-tails/lib/Service/ListenerSlugContract.php[0m
--------------------------------------------------------------------------------
[1mFOUND 0 ERRORS AND 2 WARNINGS AFFECTING 2 LINES[0m
--------------------------------------------------------------------------------
 57 | [33mWARNING[0m | Class ListenerSlugContract is missing @spec PHPDoc tag — link
    |         | back to openspec/specs/{capability}/spec.md#requirement-{slug},
    |         | not a change dir
 83 | [33mWARNING[0m | Public method ListenerSlugContract::isEnabled() is missing
    |         | @spec PHPDoc tag — link back to
    |         | openspec/specs/{capability}/spec.md#requirement-{slug}
--------------------------------------------------------------------------------


[1mFILE: ...rubenlinde/memcap-work/lq-lanes/sq-tails/lib/Service/WidgetAuthService.php[0m
--------------------------------------------------------------------------------
[1mFOUND 0 ERRORS AND 10 WARNINGS AFFECTING 10 LINES[0m
--------------------------------------------------------------------------------
  53 | [33mWARNING[0m | Class WidgetAuthService is missing @spec PHPDoc tag — link
     |         | back to
     |         | openspec/specs/{capability}/spec.md#requirement-{slug}, not a
     |         | change dir
 115 | [33mWARNING[0m | Public method WidgetAuthService::validateApiKey() is missing
     |         | @spec PHPDoc tag — link back to
     |         | openspec/specs/{capability}/spec.md#requirement-{slug}
 164 | [33mWARNING[0m | Public method WidgetAuthService::consumeRateLimit() is missing
     |         | @spec PHPDoc tag — link back to
     |         | openspec/specs/{capability}/spec.md#requirement-{slug}
 220 | [33mWARNING[0m | Public method WidgetAuthService::createApiKey() is missing
     |         | @spec PHPDoc tag — link back to
     |         | openspec/specs/{capability}/spec.md#requirement-{slug}
 282 | [33mWARNING[0m | Public method WidgetAuthService::rotateApiKey() is missing
     |         | @spec PHPDoc tag — link back to
     |         | openspec/specs/{capability}/spec.md#requirement-{slug}
 346 | [33mWARNING[0m | Public method WidgetAuthService::revokeApiKey() is missing
     |         | @spec PHPDoc tag — link back to
     |         | openspec/specs/{capability}/spec.md#requirement-{slug}
 386 | [33mWARNING[0m | Public method WidgetAuthService::findActiveKeyByBusinessId()
     |         | is missing @spec PHPDoc tag — link back to
     |         | openspec/specs/{capability}/spec.md#requirement-{slug}
 437 | [33mWARNING[0m | Public method WidgetAuthService::findKeyByBusinessId() is
     |         | missing @spec PHPDoc tag — link back to
     |         | openspec/specs/{capability}/spec.md#requirement-{slug}
 474 | [33mWARNING[0m | Public method WidgetAuthService::hashKey() is missing @spec
     |         | PHPDoc tag — link back to
     |         | openspec/specs/{capability}/spec.md#requirement-{slug}
 483 | [33mWARNING[0m | Public method WidgetAuthService::generatePlaintextKey() is
     |         | missing @spec PHPDoc tag — link back to
     |         | openspec/specs/{capability}/spec.md#requirement-{slug}
--------------------------------------------------------------------------------


[1mFILE: ...work/lq-lanes/sq-tails/lib/Controller/InventoryMobileScannerController.php[0m
--------------------------------------------------------------------------------
[1mFOUND 0 ERRORS AND 1 WARNING AFFECTING 1 LINE[0m
--------------------------------------------------------------------------------
 71 | [33mWARNING[0m | Class InventoryMobileScannerController is missing @spec PHPDoc
    |         | tag — link back to
    |         | openspec/specs/{capability}/spec.md#requirement-{slug}, not a
    |         | change dir
--------------------------------------------------------------------------------


[1mFILE: ...nde/memcap-work/lq-lanes/sq-tails/lib/Integration/ContractLeafProvider.php[0m
--------------------------------------------------------------------------------
[1mFOUND 0 ERRORS AND 14 WARNINGS AFFECTING 14 LINES[0m
--------------------------------------------------------------------------------
  89 | [33mWARNING[0m | Public method ContractLeafProvider::getId() is missing @spec
     |         | PHPDoc tag — link back to
     |         | openspec/specs/{capability}/spec.md#requirement-{slug}
  98 | [33mWARNING[0m | Public method ContractLeafProvider::getLabel() is missing
     |         | @spec PHPDoc tag — link back to
     |         | openspec/specs/{capability}/spec.md#requirement-{slug}
 107 | [33mWARNING[0m | Public method ContractLeafProvider::getIcon() is missing @spec
     |         | PHPDoc tag — link back to
     |         | openspec/specs/{capability}/spec.md#requirement-{slug}
 116 | [33mWARNING[0m | Public method ContractLeafProvider::getGroup() is missing
     |         | @spec PHPDoc tag — link back to
     |         | openspec/specs/{capability}/spec.md#requirement-{slug}
 125 | [33mWARNING[0m | Public method ContractLeafProvider::getRequiredApp() is
     |         | missing @spec PHPDoc tag — link back to
     |         | openspec/specs/{capability}/spec.md#requirement-{slug}
 134 | [33mWARNING[0m | Public method ContractLeafProvider::getStorageStrategy() is
     |         | missing @spec PHPDoc tag — link back to
     |         | openspec/specs/{capability}/spec.md#requirement-{slug}
 143 | [33mWARNING[0m | Public method ContractLeafProvider::getOpenConnectorSource()
     |         | is missing @spec PHPDoc tag — link back to
     |         | openspec/specs/{capability}/spec.md#requirement-{slug}
 152 | [33mWARNING[0m | Public method ContractLeafProvider::isEnabled() is missing
     |         | @spec PHPDoc tag — link back to
     |         | openspec/specs/{capability}/spec.md#requirement-{slug}
 161 | [33mWARNING[0m | Public method ContractLeafProvider::requiresPermission() is
     |         | missing @spec PHPDoc tag — link back to
     |         | openspec/specs/{capability}/spec.md#requirement-{slug}
 170 | [33mWARNING[0m | Public method ContractLeafProvider::authRequirements() is
     |         | missing @spec PHPDoc tag — link back to
     |         | openspec/specs/{capability}/spec.md#requirement-{slug}
 243 | [33mWARNING[0m | Public method ContractLeafProvider::create() is missing @spec
     |         | PHPDoc tag — link back to
     |         | openspec/specs/{capability}/spec.md#requirement-{slug}
 264 | [33mWARNING[0m | Public method ContractLeafProvider::update() is missing @spec
     |         | PHPDoc tag — link back to
     |         | openspec/specs/{capability}/spec.md#requirement-{slug}
 284 | [33mWARNING[0m | Public method ContractLeafProvider::delete() is missing @spec
     |         | PHPDoc tag — link back to
     |         | openspec/specs/{capability}/spec.md#requirement-{slug}
 293 | [33mWARNING[0m | Public method ContractLeafProvider::health() is missing @spec
     |         | PHPDoc tag — link back to
     |         | openspec/specs/{capability}/spec.md#requirement-{slug}
--------------------------------------------------------------------------------


[1mFILE: ...mcap-work/lq-lanes/sq-tails/lib/Standards/Checks/ChartOfAccountsChecks.php[0m
--------------------------------------------------------------------------------
[1mFOUND 0 ERRORS AND 3 WARNINGS AFFECTING 3 LINES[0m
--------------------------------------------------------------------------------
  56 | [33mWARNING[0m | Class ChartOfAccountsChecks is missing @spec PHPDoc tag —
     |         | link back to
     |         | openspec/specs/{capability}/spec.md#requirement-{slug}, not a
     |         | change dir
  62 | [33mWARNING[0m | Public method ChartOfAccountsChecks::checks() is missing @spec
     |         | PHPDoc tag — link back to
     |         | openspec/specs/{capability}/spec.md#requirement-{slug}
 129 | [33mWARNING[0m | Public method ChartOfAccountsChecks::seedSpec() is missing
     |         | @spec PHPDoc tag — link back to
     |         | openspec/specs/{capability}/spec.md#requirement-{slug}
--------------------------------------------------------------------------------


[1mFILE: ...nlinde/memcap-work/lq-lanes/sq-tails/lib/Service/UsageRatingCalculator.php[0m
--------------------------------------------------------------------------------
[1mFOUND 0 ERRORS AND 1 WARNING AFFECTING 1 LINE[0m
--------------------------------------------------------------------------------
 48 | [33mWARNING[0m | Class UsageRatingCalculator is missing @spec PHPDoc tag —
    |         | link back to
    |         | openspec/specs/{capability}/spec.md#requirement-{slug}, not a
    |         | change dir
--------------------------------------------------------------------------------


[1mFILE: ...emcap-work/lq-lanes/sq-tails/lib/Service/InventoryMobileScannerService.php[0m
--------------------------------------------------------------------------------
[1mFOUND 0 ERRORS AND 3 WARNINGS AFFECTING 3 LINES[0m
--------------------------------------------------------------------------------
  56 | [33mWARNING[0m | Class InventoryMobileScannerService is missing @spec PHPDoc
     |         | tag — link back to
     |         | openspec/specs/{capability}/spec.md#requirement-{slug}, not a
     |         | change dir
 109 | [33mWARNING[0m | Public method InventoryMobileScannerService::downloadDeltas()
     |         | is missing @spec PHPDoc tag — link back to
     |         | openspec/specs/{capability}/spec.md#requirement-{slug}
 179 | [33mWARNING[0m | Public method
     |         | InventoryMobileScannerService::uploadOperations() is missing
     |         | @spec PHPDoc tag — link back to
     |         | openspec/specs/{capability}/spec.md#requirement-{slug}
--------------------------------------------------------------------------------


[1mFILE: ...me/rubenlinde/memcap-work/lq-lanes/sq-tails/lib/Guard/DBAOpdrachtGuard.php[0m
--------------------------------------------------------------------------------
[1mFOUND 0 ERRORS AND 1 WARNING AFFECTING 1 LINE[0m
--------------------------------------------------------------------------------
 125 | [33mWARNING[0m | Public method DBAOpdrachtGuard::computeRetentieDeadline() is
     |         | missing @spec PHPDoc tag — link back to
     |         | openspec/specs/{capability}/spec.md#requirement-{slug}
--------------------------------------------------------------------------------


[1mFILE: ...emcap-work/lq-lanes/sq-tails/lib/Service/PayrollChartOfAccountsMapping.php[0m
--------------------------------------------------------------------------------
[1mFOUND 0 ERRORS AND 2 WARNINGS AFFECTING 2 LINES[0m
--------------------------------------------------------------------------------
 121 | [33mWARNING[0m | Public method PayrollChartOfAccountsMapping::all() is missing
     |         | @spec PHPDoc tag — link back to
     |         | openspec/specs/{capability}/spec.md#requirement-{slug}
 144 | [33mWARNING[0m | Public method PayrollChartOfAccountsMapping::isKnown() is
     |         | missing @spec PHPDoc tag — link back to
     |         | openspec/specs/{capability}/spec.md#requirement-{slug}
--------------------------------------------------------------------------------


[1mFILE: ...rk/lq-lanes/sq-tails/lib/Reporting/Generator/ProfitLossReportGenerator.php[0m
--------------------------------------------------------------------------------
[1mFOUND 0 ERRORS AND 2 WARNINGS AFFECTING 2 LINES[0m
--------------------------------------------------------------------------------
 57 | [33mWARNING[0m | Class ProfitLossReportGenerator is missing @spec PHPDoc tag —
    |         | link back to
    |         | openspec/specs/{capability}/spec.md#requirement-{slug}, not a
    |         | change dir
 97 | [33mWARNING[0m | Public method ProfitLossReportGenerator::reportType() is
    |         | missing @spec PHPDoc tag — link back to
    |         | openspec/specs/{capability}/spec.md#requirement-{slug}
--------------------------------------------------------------------------------


[1mFILE: ...inde/memcap-work/lq-lanes/sq-tails/lib/Service/ENSIABevindingGenerator.php[0m
--------------------------------------------------------------------------------
[1mFOUND 0 ERRORS AND 1 WARNING AFFECTING 1 LINE[0m
--------------------------------------------------------------------------------
 72 | [33mWARNING[0m | Public method ENSIABevindingGenerator::generate() is missing
    |         | @spec PHPDoc tag — link back to
    |         | openspec/specs/{capability}/spec.md#requirement-{slug}
--------------------------------------------------------------------------------


[1mFILE: ...emcap-work/lq-lanes/sq-tails/lib/Standards/Checks/SustainabilityChecks.php[0m
--------------------------------------------------------------------------------
[1mFOUND 0 ERRORS AND 4 WARNINGS AFFECTING 4 LINES[0m
--------------------------------------------------------------------------------
  55 | [33mWARNING[0m | Class SustainabilityChecks is missing @spec PHPDoc tag —
     |         | link back to
     |         | openspec/specs/{capability}/spec.md#requirement-{slug}, not a
     |         | change dir
  80 | [33mWARNING[0m | Public method SustainabilityChecks::checks() is missing @spec
     |         | PHPDoc tag — link back to
     |         | openspec/specs/{capability}/spec.md#requirement-{slug}
 298 | [33mWARNING[0m | Public method SustainabilityChecks::seedSpec() is missing
     |         | @spec PHPDoc tag — link back to
     |         | openspec/specs/{capability}/spec.md#requirement-{slug}
 313 | [33mWARNING[0m | Public method SustainabilityChecks::seedObjects() is missing
     |         | @spec PHPDoc tag — link back to
     |         | openspec/specs/{capability}/spec.md#requirement-{slug}
--------------------------------------------------------------------------------


[1mFILE: ...ubenlinde/memcap-work/lq-lanes/sq-tails/lib/Service/WbsoAccountService.php[0m
--------------------------------------------------------------------------------
[1mFOUND 0 ERRORS AND 6 WARNINGS AFFECTING 6 LINES[0m
--------------------------------------------------------------------------------
  74 | [33mWARNING[0m | Public method
     |         | WbsoAccountService::getAccountsByAdministration() is missing
     |         | @spec PHPDoc tag — link back to
     |         | openspec/specs/{capability}/spec.md#requirement-{slug}
  89 | [33mWARNING[0m | Public method WbsoAccountService::getAccountHierarchy() is
     |         | missing @spec PHPDoc tag — link back to
     |         | openspec/specs/{capability}/spec.md#requirement-{slug}
 139 | [33mWARNING[0m | Public method WbsoAccountService::getAccountByNumber() is
     |         | missing @spec PHPDoc tag — link back to
     |         | openspec/specs/{capability}/spec.md#requirement-{slug}
 175 | [33mWARNING[0m | Public method WbsoAccountService::createAccount() is missing
     |         | @spec PHPDoc tag — link back to
     |         | openspec/specs/{capability}/spec.md#requirement-{slug}
 210 | [33mWARNING[0m | Public method WbsoAccountService::updateAccount() is missing
     |         | @spec PHPDoc tag — link back to
     |         | openspec/specs/{capability}/spec.md#requirement-{slug}
 250 | [33mWARNING[0m | Public method WbsoAccountService::validatePayload() is missing
     |         | @spec PHPDoc tag — link back to
     |         | openspec/specs/{capability}/spec.md#requirement-{slug}
--------------------------------------------------------------------------------


[1mFILE: ...benlinde/memcap-work/lq-lanes/sq-tails/lib/Service/HrmqCostRateAdapter.php[0m
--------------------------------------------------------------------------------
[1mFOUND 0 ERRORS AND 1 WARNING AFFECTING 1 LINE[0m
--------------------------------------------------------------------------------
 200 | [33mWARNING[0m | Inline comments must end in full-stops, exclamation marks, or
     |         | question marks
--------------------------------------------------------------------------------


[1mFILE: ...ome/rubenlinde/memcap-work/lq-lanes/sq-tails/lib/Service/WidgetService.php[0m
--------------------------------------------------------------------------------
[1mFOUND 0 ERRORS AND 3 WARNINGS AFFECTING 3 LINES[0m
--------------------------------------------------------------------------------
 206 | [33mWARNING[0m | Public method WidgetService::validateEmail() is missing @spec
     |         | PHPDoc tag — link back to
     |         | openspec/specs/{capability}/spec.md#requirement-{slug}
 220 | [33mWARNING[0m | Public method WidgetService::validatePhone() is missing @spec
     |         | PHPDoc tag — link back to
     |         | openspec/specs/{capability}/spec.md#requirement-{slug}
 235 | [33mWARNING[0m | Public method WidgetService::validateName() is missing @spec
     |         | PHPDoc tag — link back to
     |         | openspec/specs/{capability}/spec.md#requirement-{slug}
--------------------------------------------------------------------------------


[1mFILE: .../lq-lanes/sq-tails/lib/Reporting/Generator/TrialBalanceReportGenerator.php[0m
--------------------------------------------------------------------------------
[1mFOUND 0 ERRORS AND 4 WARNINGS AFFECTING 4 LINES[0m
--------------------------------------------------------------------------------
  63 | [33mWARNING[0m | Class TrialBalanceReportGenerator is missing @spec PHPDoc tag
     |         | — link back to
     |         | openspec/specs/{capability}/spec.md#requirement-{slug}, not a
     |         | change dir
  85 | [33mWARNING[0m | Public method TrialBalanceReportGenerator::reportType() is
     |         | missing @spec PHPDoc tag — link back to
     |         | openspec/specs/{capability}/spec.md#requirement-{slug}
  94 | [33mWARNING[0m | Public method TrialBalanceReportGenerator::supportedFormats()
     |         | is missing @spec PHPDoc tag — link back to
     |         | openspec/specs/{capability}/spec.md#requirement-{slug}
 106 | [33mWARNING[0m | Public method TrialBalanceReportGenerator::generate() is
     |         | missing @spec PHPDoc tag — link back to
     |         | openspec/specs/{capability}/spec.md#requirement-{slug}
--------------------------------------------------------------------------------


[1mFILE: ...mcap-work/lq-lanes/sq-tails/lib/Service/Pipelinq/PipelinqAdminNotifier.php[0m
--------------------------------------------------------------------------------
[1mFOUND 0 ERRORS AND 1 WARNING AFFECTING 1 LINE[0m
--------------------------------------------------------------------------------
 57 | [33mWARNING[0m | Public method PipelinqAdminNotifier::notifyAuthFailure() is
    |         | missing @spec PHPDoc tag — link back to
    |         | openspec/specs/{capability}/spec.md#requirement-{slug}
--------------------------------------------------------------------------------


[1mFILE: ...ubenlinde/memcap-work/lq-lanes/sq-tails/lib/Service/BillingModelEngine.php[0m
--------------------------------------------------------------------------------
[1mFOUND 0 ERRORS AND 5 WARNINGS AFFECTING 5 LINES[0m
--------------------------------------------------------------------------------
  39 | [33mWARNING[0m | Class BillingModelEngine is missing @spec PHPDoc tag — link
     |         | back to
     |         | openspec/specs/{capability}/spec.md#requirement-{slug}, not a
     |         | change dir
 118 | [33mWARNING[0m | Public method BillingModelEngine::calculateFixedFee() is
     |         | missing @spec PHPDoc tag — link back to
     |         | openspec/specs/{capability}/spec.md#requirement-{slug}
 150 | [33mWARNING[0m | Public method BillingModelEngine::calculateMilestone() is
     |         | missing @spec PHPDoc tag — link back to
     |         | openspec/specs/{capability}/spec.md#requirement-{slug}
 189 | [33mWARNING[0m | Public method BillingModelEngine::calculateRetainer() is
     |         | missing @spec PHPDoc tag — link back to
     |         | openspec/specs/{capability}/spec.md#requirement-{slug}
 254 | [33mWARNING[0m | Public method BillingModelEngine::calculateMixed() is missing
     |         | @spec PHPDoc tag — link back to
     |         | openspec/specs/{capability}/spec.md#requirement-{slug}
--------------------------------------------------------------------------------


[1mFILE: .../rubenlinde/memcap-work/lq-lanes/sq-tails/lib/Service/CBSExportService.php[0m
--------------------------------------------------------------------------------
[1mFOUND 0 ERRORS AND 5 WARNINGS AFFECTING 5 LINES[0m
--------------------------------------------------------------------------------
 133 | [33mWARNING[0m | Public method CBSExportService::generateSubmission() is
     |         | missing @spec PHPDoc tag — link back to
     |         | openspec/specs/{capability}/spec.md#requirement-{slug}
 240 | [33mWARNING[0m | Public method CBSExportService::validateSubmission() is
     |         | missing @spec PHPDoc tag — link back to
     |         | openspec/specs/{capability}/spec.md#requirement-{slug}
 302 | [33mWARNING[0m | Public method CBSExportService::generateIV3Json() is missing
     |         | @spec PHPDoc tag — link back to
     |         | openspec/specs/{capability}/spec.md#requirement-{slug}
 354 | [33mWARNING[0m | Public method CBSExportService::getMappingFromSettings() is
     |         | missing @spec PHPDoc tag — link back to
     |         | openspec/specs/{capability}/spec.md#requirement-{slug}
 412 | [33mWARNING[0m | Public method CBSExportService::aggregateLines() is missing
     |         | @spec PHPDoc tag — link back to
     |         | openspec/specs/{capability}/spec.md#requirement-{slug}
--------------------------------------------------------------------------------


[1mFILE: ...nde/memcap-work/lq-lanes/sq-tails/lib/Service/LeaseReassessmentService.php[0m
--------------------------------------------------------------------------------
[1mFOUND 0 ERRORS AND 1 WARNING AFFECTING 1 LINE[0m
--------------------------------------------------------------------------------
 336 | [33mWARNING[0m | Public method
     |         | LeaseReassessmentService::approvalThresholdCents() is missing
     |         | @spec PHPDoc tag — link back to
     |         | openspec/specs/{capability}/spec.md#requirement-{slug}
--------------------------------------------------------------------------------


[1mFILE: ...-lanes/sq-tails/lib/Service/PurchaseOrder/PurchaseOrderMailerInterface.php[0m
--------------------------------------------------------------------------------
[1mFOUND 0 ERRORS AND 1 WARNING AFFECTING 1 LINE[0m
--------------------------------------------------------------------------------
 55 | [33mWARNING[0m | Public method
    |         | PurchaseOrderMailerInterface::sendPurchaseOrderEmail() is
    |         | missing @spec PHPDoc tag — link back to
    |         | openspec/specs/{capability}/spec.md#requirement-{slug}
--------------------------------------------------------------------------------


[1mFILE: .../rubenlinde/memcap-work/lq-lanes/sq-tails/lib/Service/RuleAuditService.php[0m
--------------------------------------------------------------------------------
[1mFOUND 0 ERRORS AND 1 WARNING AFFECTING 1 LINE[0m
--------------------------------------------------------------------------------
 44 | [33mWARNING[0m | Class RuleAuditService is missing @spec PHPDoc tag — link
    |         | back to openspec/specs/{capability}/spec.md#requirement-{slug},
    |         | not a change dir
--------------------------------------------------------------------------------


[1mFILE: ...ork/lq-lanes/sq-tails/lib/Service/PurchaseOrder/LogPurchaseOrderMailer.php[0m
--------------------------------------------------------------------------------
[1mFOUND 0 ERRORS AND 1 WARNING AFFECTING 1 LINE[0m
--------------------------------------------------------------------------------
 68 | [33mWARNING[0m | Public method LogPurchaseOrderMailer::sendPurchaseOrderEmail()
    |         | is missing @spec PHPDoc tag — link back to
    |         | openspec/specs/{capability}/spec.md#requirement-{slug}
--------------------------------------------------------------------------------


[1mFILE: ...-lanes/sq-tails/lib/Service/Migration/GlLineFiscalYearBackfillMigrator.php[0m
--------------------------------------------------------------------------------
[1mFOUND 0 ERRORS AND 1 WARNING AFFECTING 1 LINE[0m
--------------------------------------------------------------------------------
 64 | [33mWARNING[0m | Class GlLineFiscalYearBackfillMigrator is missing @spec PHPDoc
    |         | tag — link back to
    |         | openspec/specs/{capability}/spec.md#requirement-{slug}, not a
    |         | change dir
--------------------------------------------------------------------------------


[1mFILE: ...rubenlinde/memcap-work/lq-lanes/sq-tails/lib/Reporting/ReportCatalogue.php[0m
--------------------------------------------------------------------------------
[1mFOUND 0 ERRORS AND 3 WARNINGS AFFECTING 3 LINES[0m
--------------------------------------------------------------------------------
  58 | [33mWARNING[0m | Class ReportCatalogue is missing @spec PHPDoc tag — link
     |         | back to
     |         | openspec/specs/{capability}/spec.md#requirement-{slug}, not a
     |         | change dir
  80 | [33mWARNING[0m | Public method ReportCatalogue::all() is missing @spec PHPDoc
     |         | tag — link back to
     |         | openspec/specs/{capability}/spec.md#requirement-{slug}
 121 | [33mWARNING[0m | Public method ReportCatalogue::byId() is missing @spec PHPDoc
     |         | tag — link back to
     |         | openspec/specs/{capability}/spec.md#requirement-{slug}
--------------------------------------------------------------------------------


[1mFILE: ...p-work/lq-lanes/sq-tails/lib/PaymentRun/Generator/SepaPain001Generator.php[0m
--------------------------------------------------------------------------------
[1mFOUND 0 ERRORS AND 3 WARNINGS AFFECTING 3 LINES[0m
--------------------------------------------------------------------------------
 44 | [33mWARNING[0m | Class SepaPain001Generator is missing @spec PHPDoc tag — link
    |         | back to openspec/specs/{capability}/spec.md#requirement-{slug},
    |         | not a change dir
 58 | [33mWARNING[0m | Public method SepaPain001Generator::format() is missing @spec
    |         | PHPDoc tag — link back to
    |         | openspec/specs/{capability}/spec.md#requirement-{slug}
 69 | [33mWARNING[0m | Public method SepaPain001Generator::render() is missing @spec
    |         | PHPDoc tag — link back to
    |         | openspec/specs/{capability}/spec.md#requirement-{slug}
--------------------------------------------------------------------------------


[1mFILE: ...emcap-work/lq-lanes/sq-tails/lib/Service/Treasury/TreasuryRateSnapshot.php[0m
--------------------------------------------------------------------------------
[1mFOUND 0 ERRORS AND 3 WARNINGS AFFECTING 3 LINES[0m
--------------------------------------------------------------------------------
 61 | [33mWARNING[0m | Public method TreasuryRateSnapshot::isLive() is missing @spec
    |         | PHPDoc tag — link back to
    |         | openspec/specs/{capability}/spec.md#requirement-{slug}
 70 | [33mWARNING[0m | Public method TreasuryRateSnapshot::isDormant() is missing
    |         | @spec PHPDoc tag — link back to
    |         | openspec/specs/{capability}/spec.md#requirement-{slug}
 81 | [33mWARNING[0m | Public method TreasuryRateSnapshot::asFloat() is missing @spec
    |         | PHPDoc tag — link back to
    |         | openspec/specs/{capability}/spec.md#requirement-{slug}
--------------------------------------------------------------------------------


[1mFILE: ...q-lanes/sq-tails/lib/Reporting/Generator/BbvJaarstukkenReportGenerator.php[0m
--------------------------------------------------------------------------------
[1mFOUND 0 ERRORS AND 2 WARNINGS AFFECTING 2 LINES[0m
--------------------------------------------------------------------------------
 57 | [33mWARNING[0m | Class BbvJaarstukkenReportGenerator is missing @spec PHPDoc tag
    |         | — link back to
    |         | openspec/specs/{capability}/spec.md#requirement-{slug}, not a
    |         | change dir
 63 | [33mWARNING[0m | Public method BbvJaarstukkenReportGenerator::reportType() is
    |         | missing @spec PHPDoc tag — link back to
    |         | openspec/specs/{capability}/spec.md#requirement-{slug}
--------------------------------------------------------------------------------


[1mFILE: ...q-lanes/sq-tails/lib/PaymentRun/Generator/PaymentRunGeneratorInterface.php[0m
--------------------------------------------------------------------------------
[1mFOUND 0 ERRORS AND 2 WARNINGS AFFECTING 2 LINES[0m
--------------------------------------------------------------------------------
 47 | [33mWARNING[0m | Public method PaymentRunGeneratorInterface::format() is missing
    |         | @spec PHPDoc tag — link back to
    |         | openspec/specs/{capability}/spec.md#requirement-{slug}
 59 | [33mWARNING[0m | Public method PaymentRunGeneratorInterface::render() is missing
    |         | @spec PHPDoc tag — link back to
    |         | openspec/specs/{capability}/spec.md#requirement-{slug}
--------------------------------------------------------------------------------


[1mFILE: ...cap-work/lq-lanes/sq-tails/lib/Service/AdministrationAuditTrailService.php[0m
--------------------------------------------------------------------------------
[1mFOUND 0 ERRORS AND 1 WARNING AFFECTING 1 LINE[0m
--------------------------------------------------------------------------------
 208 | [33mWARNING[0m | Public method
     |         | AdministrationAuditTrailService::sortByTimestampDesc() is
     |         | missing @spec PHPDoc tag — link back to
     |         | openspec/specs/{capability}/spec.md#requirement-{slug}
--------------------------------------------------------------------------------


[1mFILE: ...work/lq-lanes/sq-tails/lib/Service/Migration/BudgetSchemaSplitMigrator.php[0m
--------------------------------------------------------------------------------
[1mFOUND 0 ERRORS AND 1 WARNING AFFECTING 1 LINE[0m
--------------------------------------------------------------------------------
 77 | [33mWARNING[0m | Class BudgetSchemaSplitMigrator is missing @spec PHPDoc tag —
    |         | link back to
    |         | openspec/specs/{capability}/spec.md#requirement-{slug}, not a
    |         | change dir
--------------------------------------------------------------------------------


[1mFILE: ...emcap-work/lq-lanes/sq-tails/lib/Service/ObjectPaymentRequestValidator.php[0m
--------------------------------------------------------------------------------
[1mFOUND 0 ERRORS AND 1 WARNING AFFECTING 1 LINE[0m
--------------------------------------------------------------------------------
 156 | [33mWARNING[0m | Public method ObjectPaymentRequestValidator::subjectKey() is
     |         | missing @spec PHPDoc tag — link back to
     |         | openspec/specs/{capability}/spec.md#requirement-{slug}
--------------------------------------------------------------------------------


[1mFILE: ...benlinde/memcap-work/lq-lanes/sq-tails/lib/Service/AbbLifecycleService.php[0m
--------------------------------------------------------------------------------
[1mFOUND 0 ERRORS AND 4 WARNINGS AFFECTING 4 LINES[0m
--------------------------------------------------------------------------------
  75 | [33mWARNING[0m | Public method AbbLifecycleService::canTransition() is missing
     |         | @spec PHPDoc tag — link back to
     |         | openspec/specs/{capability}/spec.md#requirement-{slug}
 178 | [33mWARNING[0m | Public method AbbLifecycleService::generateTasks() is missing
     |         | @spec PHPDoc tag — link back to
     |         | openspec/specs/{capability}/spec.md#requirement-{slug}
 242 | [33mWARNING[0m | Public method AbbLifecycleService::calculateNextEvaluation()
     |         | is missing @spec PHPDoc tag — link back to
     |         | openspec/specs/{capability}/spec.md#requirement-{slug}
 267 | [33mWARNING[0m | Public method AbbLifecycleService::flagDependentActivities()
     |         | is missing @spec PHPDoc tag — link back to
     |         | openspec/specs/{capability}/spec.md#requirement-{slug}
--------------------------------------------------------------------------------


[1mFILE: ...emcap-work/lq-lanes/sq-tails/lib/Service/WmoJaarrekeningBijlageService.php[0m
--------------------------------------------------------------------------------
[1mFOUND 0 ERRORS AND 4 WARNINGS AFFECTING 4 LINES[0m
--------------------------------------------------------------------------------
  59 | [33mWARNING[0m | Public method WmoJaarrekeningBijlageService::compose() is
     |         | missing @spec PHPDoc tag — link back to
     |         | openspec/specs/{capability}/spec.md#requirement-{slug}
 154 | [33mWARNING[0m | Public method
     |         | WmoJaarrekeningBijlageService::summariseCompliance() is
     |         | missing @spec PHPDoc tag — link back to
     |         | openspec/specs/{capability}/spec.md#requirement-{slug}
 191 | [33mWARNING[0m | Public method WmoJaarrekeningBijlageService::toMarkdown() is
     |         | missing @spec PHPDoc tag — link back to
     |         | openspec/specs/{capability}/spec.md#requirement-{slug}
 241 | [33mWARNING[0m | Public method WmoJaarrekeningBijlageService::toXml() is
     |         | missing @spec PHPDoc tag — link back to
     |         | openspec/specs/{capability}/spec.md#requirement-{slug}
--------------------------------------------------------------------------------


[1mFILE: ...-work/lq-lanes/sq-tails/lib/Service/PurchaseOrder/PeppolBisOrderMapper.php[0m
--------------------------------------------------------------------------------
[1mFOUND 0 ERRORS AND 1 WARNING AFFECTING 1 LINE[0m
--------------------------------------------------------------------------------
 68 | [33mWARNING[0m | Public method PeppolBisOrderMapper::toUblOrderXml() is missing
    |         | @spec PHPDoc tag — link back to
    |         | openspec/specs/{capability}/spec.md#requirement-{slug}
--------------------------------------------------------------------------------


[1mFILE: home/rubenlinde/memcap-work/lq-lanes/sq-tails/lib/Service/SlotService.php[0m
--------------------------------------------------------------------------------
[1mFOUND 0 ERRORS AND 4 WARNINGS AFFECTING 4 LINES[0m
--------------------------------------------------------------------------------
  54 | [33mWARNING[0m | Class SlotService is missing @spec PHPDoc tag — link back to
     |         | openspec/specs/{capability}/spec.md#requirement-{slug}, not a
     |         | change dir
 110 | [33mWARNING[0m | Public method SlotService::getAvailableSlots() is missing
     |         | @spec PHPDoc tag — link back to
     |         | openspec/specs/{capability}/spec.md#requirement-{slug}
 191 | [33mWARNING[0m | Public method SlotService::invalidate() is missing @spec
     |         | PHPDoc tag — link back to
     |         | openspec/specs/{capability}/spec.md#requirement-{slug}
 213 | [33mWARNING[0m | Public method SlotService::enumerateSlotsPublic() is missing
     |         | @spec PHPDoc tag — link back to
     |         | openspec/specs/{capability}/spec.md#requirement-{slug}
--------------------------------------------------------------------------------


[1mFILE: ...memcap-work/lq-lanes/sq-tails/lib/Service/Treasury/TreasuryRateService.php[0m
--------------------------------------------------------------------------------
[1mFOUND 0 ERRORS AND 4 WARNINGS AFFECTING 4 LINES[0m
--------------------------------------------------------------------------------
 106 | [33mWARNING[0m | Public method TreasuryRateService::getReferenceRate() is
     |         | missing @spec PHPDoc tag — link back to
     |         | openspec/specs/{capability}/spec.md#requirement-{slug}
 136 | [33mWARNING[0m | Public method TreasuryRateService::getFxSpot() is missing
     |         | @spec PHPDoc tag — link back to
     |         | openspec/specs/{capability}/spec.md#requirement-{slug}
 168 | [33mWARNING[0m | Public method TreasuryRateService::hasLiveSnapshotSource() is
     |         | missing @spec PHPDoc tag — link back to
     |         | openspec/specs/{capability}/spec.md#requirement-{slug}
 177 | [33mWARNING[0m | Public method TreasuryRateService::resetCache() is missing
     |         | @spec PHPDoc tag — link back to
     |         | openspec/specs/{capability}/spec.md#requirement-{slug}
--------------------------------------------------------------------------------


[1mFILE: ...work/lq-lanes/sq-tails/lib/PaymentRun/Generator/PaymentRunCsvGenerator.php[0m
--------------------------------------------------------------------------------
[1mFOUND 0 ERRORS AND 3 WARNINGS AFFECTING 3 LINES[0m
--------------------------------------------------------------------------------
 36 | [33mWARNING[0m | Class PaymentRunCsvGenerator is missing @spec PHPDoc tag —
    |         | link back to
    |         | openspec/specs/{capability}/spec.md#requirement-{slug}, not a
    |         | change dir
 57 | [33mWARNING[0m | Public method PaymentRunCsvGenerator::format() is missing @spec
    |         | PHPDoc tag — link back to
    |         | openspec/specs/{capability}/spec.md#requirement-{slug}
 68 | [33mWARNING[0m | Public method PaymentRunCsvGenerator::render() is missing @spec
    |         | PHPDoc tag — link back to
    |         | openspec/specs/{capability}/spec.md#requirement-{slug}
--------------------------------------------------------------------------------


[1mFILE: home/rubenlinde/memcap-work/lq-lanes/sq-tails/lib/Service/IcsService.php[0m
--------------------------------------------------------------------------------
[1mFOUND 0 ERRORS AND 1 WARNING AFFECTING 1 LINE[0m
--------------------------------------------------------------------------------
 116 | [33mWARNING[0m | Public method IcsService::generateIcs() is missing @spec
     |         | PHPDoc tag — link back to
     |         | openspec/specs/{capability}/spec.md#requirement-{slug}
--------------------------------------------------------------------------------


[1mFILE: .../lq-lanes/sq-tails/lib/Service/Migration/RevenueContractRenameMigrator.php[0m
--------------------------------------------------------------------------------
[1mFOUND 0 ERRORS AND 1 WARNING AFFECTING 1 LINE[0m
--------------------------------------------------------------------------------
 70 | [33mWARNING[0m | Class RevenueContractRenameMigrator is missing @spec PHPDoc tag
    |         | — link back to
    |         | openspec/specs/{capability}/spec.md#requirement-{slug}, not a
    |         | change dir
--------------------------------------------------------------------------------


[1mFILE: .../memcap-work/lq-lanes/sq-tails/lib/Standards/Checks/RemainingVatChecks.php[0m
--------------------------------------------------------------------------------
[1mFOUND 0 ERRORS AND 4 WARNINGS AFFECTING 4 LINES[0m
--------------------------------------------------------------------------------
  70 | [33mWARNING[0m | Class RemainingVatChecks is missing @spec PHPDoc tag — link
     |         | back to
     |         | openspec/specs/{capability}/spec.md#requirement-{slug}, not a
     |         | change dir
  76 | [33mWARNING[0m | Public method RemainingVatChecks::checks() is missing @spec
     |         | PHPDoc tag — link back to
     |         | openspec/specs/{capability}/spec.md#requirement-{slug}
 262 | [33mWARNING[0m | Public method RemainingVatChecks::seedSpec() is missing @spec
     |         | PHPDoc tag — link back to
     |         | openspec/specs/{capability}/spec.md#requirement-{slug}
 308 | [33mWARNING[0m | Public method RemainingVatChecks::seedObjects() is missing
     |         | @spec PHPDoc tag — link back to
     |         | openspec/specs/{capability}/spec.md#requirement-{slug}
--------------------------------------------------------------------------------


[1mFILE: ...ap-work/lq-lanes/sq-tails/lib/Service/Booking/ConfirmationTokenService.php[0m
--------------------------------------------------------------------------------
[1mFOUND 0 ERRORS AND 8 WARNINGS AFFECTING 8 LINES[0m
--------------------------------------------------------------------------------
 109 | [33mWARNING[0m | Public method ConfirmationTokenService::issueToken() is
     |         | missing @spec PHPDoc tag — link back to
     |         | openspec/specs/{capability}/spec.md#requirement-{slug}
 151 | [33mWARNING[0m | Public method ConfirmationTokenService::issueAndSend() is
     |         | missing @spec PHPDoc tag — link back to
     |         | openspec/specs/{capability}/spec.md#requirement-{slug}
 200 | [33mWARNING[0m | Public method ConfirmationTokenService::validate() is missing
     |         | @spec PHPDoc tag — link back to
     |         | openspec/specs/{capability}/spec.md#requirement-{slug}
 266 | [33mWARNING[0m | Public method ConfirmationTokenService::markRedeemed() is
     |         | missing @spec PHPDoc tag — link back to
     |         | openspec/specs/{capability}/spec.md#requirement-{slug}
 281 | [33mWARNING[0m | Public method
     |         | ConfirmationTokenService::revokeActiveForAppointment() is
     |         | missing @spec PHPDoc tag — link back to
     |         | openspec/specs/{capability}/spec.md#requirement-{slug}
 303 | [33mWARNING[0m | Public method ConfirmationTokenService::resend() is missing
     |         | @spec PHPDoc tag — link back to
     |         | openspec/specs/{capability}/spec.md#requirement-{slug}
 349 | [33mWARNING[0m | Public method ConfirmationTokenService::buildConfirmUrl() is
     |         | missing @spec PHPDoc tag — link back to
     |         | openspec/specs/{capability}/spec.md#requirement-{slug}
 363 | [33mWARNING[0m | Public method
     |         | ConfirmationTokenService::findActiveTokenForAppointment() is
     |         | missing @spec PHPDoc tag — link back to
     |         | openspec/specs/{capability}/spec.md#requirement-{slug}
--------------------------------------------------------------------------------


[1mFILE: ...ubenlinde/memcap-work/lq-lanes/sq-tails/lib/Service/FeeScheduleService.php[0m
--------------------------------------------------------------------------------
[1mFOUND 0 ERRORS AND 3 WARNINGS AFFECTING 3 LINES[0m
--------------------------------------------------------------------------------
 452 | [33mWARNING[0m | Public method FeeScheduleService::citation() is missing @spec
     |         | PHPDoc tag — link back to
     |         | openspec/specs/{capability}/spec.md#requirement-{slug}
 480 | [33mWARNING[0m | Public method FeeScheduleService::tupleKey() is missing @spec
     |         | PHPDoc tag — link back to
     |         | openspec/specs/{capability}/spec.md#requirement-{slug}
 497 | [33mWARNING[0m | Public method FeeScheduleService::isValidOn() is missing @spec
     |         | PHPDoc tag — link back to
     |         | openspec/specs/{capability}/spec.md#requirement-{slug}
--------------------------------------------------------------------------------


[1mFILE: ...es/sq-tails/lib/Service/Migration/GlLineAdministrationBackfillMigrator.php[0m
--------------------------------------------------------------------------------
[1mFOUND 0 ERRORS AND 1 WARNING AFFECTING 1 LINE[0m
--------------------------------------------------------------------------------
 89 | [33mWARNING[0m | Class GlLineAdministrationBackfillMigrator is missing @spec
    |         | PHPDoc tag — link back to
    |         | openspec/specs/{capability}/spec.md#requirement-{slug}, not a
    |         | change dir
--------------------------------------------------------------------------------


[1mFILE: ...nde/memcap-work/lq-lanes/sq-tails/lib/Service/Booking/TimezoneResolver.php[0m
--------------------------------------------------------------------------------
[1mFOUND 0 ERRORS AND 1 WARNING AFFECTING 1 LINE[0m
--------------------------------------------------------------------------------
 77 | [33mWARNING[0m | Public method TimezoneResolver::resolve() is missing @spec
    |         | PHPDoc tag — link back to
    |         | openspec/specs/{capability}/spec.md#requirement-{slug}
--------------------------------------------------------------------------------


[1mFILE: ...anes/sq-tails/lib/Service/Migration/SubsidieOrderConsolidationMigrator.php[0m
--------------------------------------------------------------------------------
[1mFOUND 0 ERRORS AND 1 WARNING AFFECTING 1 LINE[0m
--------------------------------------------------------------------------------
 75 | [33mWARNING[0m | Class SubsidieOrderConsolidationMigrator is missing @spec
    |         | PHPDoc tag — link back to
    |         | openspec/specs/{capability}/spec.md#requirement-{slug}, not a
    |         | change dir
--------------------------------------------------------------------------------


[1mFILE: ...memcap-work/lq-lanes/sq-tails/lib/Service/DepositReconciliationService.php[0m
--------------------------------------------------------------------------------
[1mFOUND 0 ERRORS AND 1 WARNING AFFECTING 1 LINE[0m
--------------------------------------------------------------------------------
 377 | [33mWARNING[0m | Public method
     |         | DepositReconciliationService::lifecycleStateToOutcome() is
     |         | missing @spec PHPDoc tag — link back to
     |         | openspec/specs/{capability}/spec.md#requirement-{slug}
--------------------------------------------------------------------------------


[1mFILE: ...work/lq-lanes/sq-tails/lib/Listener/BookingLifecycleTransitionListener.php[0m
--------------------------------------------------------------------------------
[1mFOUND 0 ERRORS AND 1 WARNING AFFECTING 1 LINE[0m
--------------------------------------------------------------------------------
 109 | [33mWARNING[0m | Public method BookingLifecycleTransitionListener::handle() is
     |         | missing @spec PHPDoc tag — link back to
     |         | openspec/specs/{capability}/spec.md#requirement-{slug}
--------------------------------------------------------------------------------


[1mFILE: ...e/memcap-work/lq-lanes/sq-tails/lib/Service/Booking/TransactionalGuard.php[0m
--------------------------------------------------------------------------------
[1mFOUND 0 ERRORS AND 6 WARNINGS AFFECTING 6 LINES[0m
--------------------------------------------------------------------------------
  44 | [33mWARNING[0m | Class TransactionalGuard is missing @spec PHPDoc tag — link
     |         | back to
     |         | openspec/specs/{capability}/spec.md#requirement-{slug}, not a
     |         | change dir
  70 | [33mWARNING[0m | Public method TransactionalGuard::beginTransaction() is
     |         | missing @spec PHPDoc tag — link back to
     |         | openspec/specs/{capability}/spec.md#requirement-{slug}
  84 | [33mWARNING[0m | Public method TransactionalGuard::commit() is missing @spec
     |         | PHPDoc tag — link back to
     |         | openspec/specs/{capability}/spec.md#requirement-{slug}
 101 | [33mWARNING[0m | Public method TransactionalGuard::rollBack() is missing @spec
     |         | PHPDoc tag — link back to
     |         | openspec/specs/{capability}/spec.md#requirement-{slug}
 118 | [33mWARNING[0m | Public method TransactionalGuard::inTransaction() is missing
     |         | @spec PHPDoc tag — link back to
     |         | openspec/specs/{capability}/spec.md#requirement-{slug}
 143 | [33mWARNING[0m | Public method TransactionalGuard::lockResourceRow() is missing
     |         | @spec PHPDoc tag — link back to
     |         | openspec/specs/{capability}/spec.md#requirement-{slug}
--------------------------------------------------------------------------------


[1mFILE: home/rubenlinde/memcap-work/lq-lanes/sq-tails/lib/Enums/DBAConstants.php[0m
--------------------------------------------------------------------------------
[1mFOUND 0 ERRORS AND 3 WARNINGS AFFECTING 3 LINES[0m
--------------------------------------------------------------------------------
 141 | [33mWARNING[0m | Public method DBAConstants::bandFromScore() is missing @spec
     |         | PHPDoc tag — link back to
     |         | openspec/specs/{capability}/spec.md#requirement-{slug}
 167 | [33mWARNING[0m | Public method DBAConstants::vbarGrensCents() is missing @spec
     |         | PHPDoc tag — link back to
     |         | openspec/specs/{capability}/spec.md#requirement-{slug}
 190 | [33mWARNING[0m | Public method DBAConstants::complianceMode() is missing @spec
     |         | PHPDoc tag — link back to
     |         | openspec/specs/{capability}/spec.md#requirement-{slug}
--------------------------------------------------------------------------------


[1mFILE: ...memcap-work/lq-lanes/sq-tails/lib/Standards/Checks/InvoicingTailChecks.php[0m
--------------------------------------------------------------------------------
[1mFOUND 0 ERRORS AND 3 WARNINGS AFFECTING 3 LINES[0m
--------------------------------------------------------------------------------
  65 | [33mWARNING[0m | Class InvoicingTailChecks is missing @spec PHPDoc tag — link
     |         | back to
     |         | openspec/specs/{capability}/spec.md#requirement-{slug}, not a
     |         | change dir
 134 | [33mWARNING[0m | Public method InvoicingTailChecks::checks() is missing @spec
     |         | PHPDoc tag — link back to
     |         | openspec/specs/{capability}/spec.md#requirement-{slug}
 384 | [33mWARNING[0m | Public method InvoicingTailChecks::seedSpec() is missing @spec
     |         | PHPDoc tag — link back to
     |         | openspec/specs/{capability}/spec.md#requirement-{slug}
--------------------------------------------------------------------------------


[1mFILE: ...benlinde/memcap-work/lq-lanes/sq-tails/lib/Service/WbsoDocumentService.php[0m
--------------------------------------------------------------------------------
[1mFOUND 0 ERRORS AND 8 WARNINGS AFFECTING 8 LINES[0m
--------------------------------------------------------------------------------
  94 | [33mWARNING[0m | Public method
     |         | WbsoDocumentService::getDocumentsByAdministration() is missing
     |         | @spec PHPDoc tag — link back to
     |         | openspec/specs/{capability}/spec.md#requirement-{slug}
 110 | [33mWARNING[0m | Public method WbsoDocumentService::getDocumentsByType() is
     |         | missing @spec PHPDoc tag — link back to
     |         | openspec/specs/{capability}/spec.md#requirement-{slug}
 133 | [33mWARNING[0m | Public method WbsoDocumentService::getDocument() is missing
     |         | @spec PHPDoc tag — link back to
     |         | openspec/specs/{capability}/spec.md#requirement-{slug}
 154 | [33mWARNING[0m | Public method WbsoDocumentService::createDocument() is missing
     |         | @spec PHPDoc tag — link back to
     |         | openspec/specs/{capability}/spec.md#requirement-{slug}
 186 | [33mWARNING[0m | Public method WbsoDocumentService::fileDocument() is missing
     |         | @spec PHPDoc tag — link back to
     |         | openspec/specs/{capability}/spec.md#requirement-{slug}
 231 | [33mWARNING[0m | Public method WbsoDocumentService::archiveDocument() is
     |         | missing @spec PHPDoc tag — link back to
     |         | openspec/specs/{capability}/spec.md#requirement-{slug}
 276 | [33mWARNING[0m | Public method WbsoDocumentService::isRetentionElapsed() is
     |         | missing @spec PHPDoc tag — link back to
     |         | openspec/specs/{capability}/spec.md#requirement-{slug}
 299 | [33mWARNING[0m | Public method WbsoDocumentService::validateDocumentPayload()
     |         | is missing @spec PHPDoc tag — link back to
     |         | openspec/specs/{capability}/spec.md#requirement-{slug}
--------------------------------------------------------------------------------


[1mFILE: ...cap-work/lq-lanes/sq-tails/lib/Service/CommercialActivityReviewService.php[0m
--------------------------------------------------------------------------------
[1mFOUND 0 ERRORS AND 2 WARNINGS AFFECTING 2 LINES[0m
--------------------------------------------------------------------------------
  64 | [33mWARNING[0m | Public method
     |         | CommercialActivityReviewService::reviewOverdueState() is
     |         | missing @spec PHPDoc tag — link back to
     |         | openspec/specs/{capability}/spec.md#requirement-{slug}
 111 | [33mWARNING[0m | Public method
     |         | CommercialActivityReviewService::composeReviewTask() is
     |         | missing @spec PHPDoc tag — link back to
     |         | openspec/specs/{capability}/spec.md#requirement-{slug}
--------------------------------------------------------------------------------


[1mFILE: ...e/rubenlinde/memcap-work/lq-lanes/sq-tails/lib/Standards/RuleCatalogue.php[0m
--------------------------------------------------------------------------------
[1mFOUND 0 ERRORS AND 10 WARNINGS AFFECTING 10 LINES[0m
--------------------------------------------------------------------------------
  44 | [33mWARNING[0m | Class RuleCatalogue is missing @spec PHPDoc tag — link back
     |         | to openspec/specs/{capability}/spec.md#requirement-{slug}, not
     |         | a change dir
  81 | [33mWARNING[0m | Public method RuleCatalogue::all() is missing @spec PHPDoc tag
     |         | — link back to
     |         | openspec/specs/{capability}/spec.md#requirement-{slug}
 111 | [33mWARNING[0m | Public method RuleCatalogue::byDomain() is missing @spec
     |         | PHPDoc tag — link back to
     |         | openspec/specs/{capability}/spec.md#requirement-{slug}
 122 | [33mWARNING[0m | Public method RuleCatalogue::byFramework() is missing @spec
     |         | PHPDoc tag — link back to
     |         | openspec/specs/{capability}/spec.md#requirement-{slug}
 133 | [33mWARNING[0m | Public method RuleCatalogue::byJurisdiction() is missing @spec
     |         | PHPDoc tag — link back to
     |         | openspec/specs/{capability}/spec.md#requirement-{slug}
 152 | [33mWARNING[0m | Public method RuleCatalogue::machineCheckable() is missing
     |         | @spec PHPDoc tag — link back to
     |         | openspec/specs/{capability}/spec.md#requirement-{slug}
 169 | [33mWARNING[0m | Public method RuleCatalogue::count() is missing @spec PHPDoc
     |         | tag — link back to
     |         | openspec/specs/{capability}/spec.md#requirement-{slug}
 178 | [33mWARNING[0m | Public method RuleCatalogue::countByDomain() is missing @spec
     |         | PHPDoc tag — link back to
     |         | openspec/specs/{capability}/spec.md#requirement-{slug}
 194 | [33mWARNING[0m | Public method RuleCatalogue::version() is missing @spec PHPDoc
     |         | tag — link back to
     |         | openspec/specs/{capability}/spec.md#requirement-{slug}
 203 | [33mWARNING[0m | Public method RuleCatalogue::reset() is missing @spec PHPDoc
     |         | tag — link back to
     |         | openspec/specs/{capability}/spec.md#requirement-{slug}
--------------------------------------------------------------------------------


[1mFILE: ...de/memcap-work/lq-lanes/sq-tails/lib/Standards/Checks/IfrsUsGaapChecks.php[0m
--------------------------------------------------------------------------------
[1mFOUND 0 ERRORS AND 4 WARNINGS AFFECTING 4 LINES[0m
--------------------------------------------------------------------------------
  70 | [33mWARNING[0m | Class IfrsUsGaapChecks is missing @spec PHPDoc tag — link
     |         | back to
     |         | openspec/specs/{capability}/spec.md#requirement-{slug}, not a
     |         | change dir
 102 | [33mWARNING[0m | Public method IfrsUsGaapChecks::checks() is missing @spec
     |         | PHPDoc tag — link back to
     |         | openspec/specs/{capability}/spec.md#requirement-{slug}
 261 | [33mWARNING[0m | Public method IfrsUsGaapChecks::seedSpec() is missing @spec
     |         | PHPDoc tag — link back to
     |         | openspec/specs/{capability}/spec.md#requirement-{slug}
 384 | [33mWARNING[0m | Public method IfrsUsGaapChecks::seedObjects() is missing @spec
     |         | PHPDoc tag — link back to
     |         | openspec/specs/{capability}/spec.md#requirement-{slug}
--------------------------------------------------------------------------------


[1mFILE: ...nde/memcap-work/lq-lanes/sq-tails/lib/Request/InvoiceGenerationRequest.php[0m
--------------------------------------------------------------------------------
[1mFOUND 0 ERRORS AND 2 WARNINGS AFFECTING 2 LINES[0m
--------------------------------------------------------------------------------
 41 | [33mWARNING[0m | Class InvoiceGenerationRequest is missing @spec PHPDoc tag —
    |         | link back to
    |         | openspec/specs/{capability}/spec.md#requirement-{slug}, not a
    |         | change dir
 94 | [33mWARNING[0m | Public method InvoiceGenerationRequest::fromArray() is missing
    |         | @spec PHPDoc tag — link back to
    |         | openspec/specs/{capability}/spec.md#requirement-{slug}
--------------------------------------------------------------------------------


[1mFILE: ...me/rubenlinde/memcap-work/lq-lanes/sq-tails/lib/Settings/AdminSettings.php[0m
--------------------------------------------------------------------------------
[1mFOUND 0 ERRORS AND 6 WARNINGS AFFECTING 6 LINES[0m
--------------------------------------------------------------------------------
  38 | [33mWARNING[0m | Class AdminSettings is missing @spec PHPDoc tag — link back
     |         | to openspec/specs/{capability}/spec.md#requirement-{slug}, not
     |         | a change dir
  56 | [33mWARNING[0m | Public method AdminSettings::getForm() is missing @spec PHPDoc
     |         | tag — link back to
     |         | openspec/specs/{capability}/spec.md#requirement-{slug}
  73 | [33mWARNING[0m | Public method AdminSettings::getSection() is missing @spec
     |         | PHPDoc tag — link back to
     |         | openspec/specs/{capability}/spec.md#requirement-{slug}
  82 | [33mWARNING[0m | Public method AdminSettings::getPriority() is missing @spec
     |         | PHPDoc tag — link back to
     |         | openspec/specs/{capability}/spec.md#requirement-{slug}
  91 | [33mWARNING[0m | Public method AdminSettings::getName() is missing @spec PHPDoc
     |         | tag — link back to
     |         | openspec/specs/{capability}/spec.md#requirement-{slug}
 100 | [33mWARNING[0m | Public method AdminSettings::getAuthorizedAppConfig() is
     |         | missing @spec PHPDoc tag — link back to
     |         | openspec/specs/{capability}/spec.md#requirement-{slug}
--------------------------------------------------------------------------------


[1mFILE: ...ork/lq-lanes/sq-tails/lib/Listener/ReconciliationMatchToReportListener.php[0m
--------------------------------------------------------------------------------
[1mFOUND 0 ERRORS AND 1 WARNING AFFECTING 1 LINE[0m
--------------------------------------------------------------------------------
 110 | [33mWARNING[0m | Public method ReconciliationMatchToReportListener::handle() is
     |         | missing @spec PHPDoc tag — link back to
     |         | openspec/specs/{capability}/spec.md#requirement-{slug}
--------------------------------------------------------------------------------


[1mFILE: ...lanes/sq-tails/lib/Reporting/Generator/AbstractDocumentReportGenerator.php[0m
--------------------------------------------------------------------------------
[1mFOUND 0 ERRORS AND 3 WARNINGS AFFECTING 3 LINES[0m
--------------------------------------------------------------------------------
  75 | [33mWARNING[0m | Class AbstractDocumentReportGenerator is missing @spec PHPDoc
     |         | tag — link back to
     |         | openspec/specs/{capability}/spec.md#requirement-{slug}, not a
     |         | change dir
 162 | [33mWARNING[0m | Public method
     |         | AbstractDocumentReportGenerator::supportedFormats() is missing
     |         | @spec PHPDoc tag — link back to
     |         | openspec/specs/{capability}/spec.md#requirement-{slug}
 183 | [33mWARNING[0m | Public method AbstractDocumentReportGenerator::generate() is
     |         | missing @spec PHPDoc tag — link back to
     |         | openspec/specs/{capability}/spec.md#requirement-{slug}
--------------------------------------------------------------------------------


[1mFILE: ...-work/lq-lanes/sq-tails/lib/Standards/Checks/FinancialStatementsChecks.php[0m
--------------------------------------------------------------------------------
[1mFOUND 0 ERRORS AND 4 WARNINGS AFFECTING 4 LINES[0m
--------------------------------------------------------------------------------
  57 | [33mWARNING[0m | Class FinancialStatementsChecks is missing @spec PHPDoc tag
     |         | — link back to
     |         | openspec/specs/{capability}/spec.md#requirement-{slug}, not a
     |         | change dir
  85 | [33mWARNING[0m | Public method FinancialStatementsChecks::checks() is missing
     |         | @spec PHPDoc tag — link back to
     |         | openspec/specs/{capability}/spec.md#requirement-{slug}
 232 | [33mWARNING[0m | Public method FinancialStatementsChecks::seedSpec() is missing
     |         | @spec PHPDoc tag — link back to
     |         | openspec/specs/{capability}/spec.md#requirement-{slug}
 244 | [33mWARNING[0m | Public method FinancialStatementsChecks::seedObjects() is
     |         | missing @spec PHPDoc tag — link back to
     |         | openspec/specs/{capability}/spec.md#requirement-{slug}
--------------------------------------------------------------------------------


[1mFILE: ...memcap-work/lq-lanes/sq-tails/lib/Service/IntegralCostPriceLockService.php[0m
--------------------------------------------------------------------------------
[1mFOUND 0 ERRORS AND 1 WARNING AFFECTING 1 LINE[0m
--------------------------------------------------------------------------------
 179 | [33mWARNING[0m | Public method IntegralCostPriceLockService::shouldLock() is
     |         | missing @spec PHPDoc tag — link back to
     |         | openspec/specs/{capability}/spec.md#requirement-{slug}
--------------------------------------------------------------------------------


[1mFILE: ...-work/lq-lanes/sq-tails/lib/Standards/Checks/InvoiceMentionsTailChecks.php[0m
--------------------------------------------------------------------------------
[1mFOUND 0 ERRORS AND 3 WARNINGS AFFECTING 3 LINES[0m
--------------------------------------------------------------------------------
  42 | [33mWARNING[0m | Class InvoiceMentionsTailChecks is missing @spec PHPDoc tag
     |         | — link back to
     |         | openspec/specs/{capability}/spec.md#requirement-{slug}, not a
     |         | change dir
  59 | [33mWARNING[0m | Public method InvoiceMentionsTailChecks::checks() is missing
     |         | @spec PHPDoc tag — link back to
     |         | openspec/specs/{capability}/spec.md#requirement-{slug}
 102 | [33mWARNING[0m | Public method InvoiceMentionsTailChecks::seedSpec() is missing
     |         | @spec PHPDoc tag — link back to
     |         | openspec/specs/{capability}/spec.md#requirement-{slug}
--------------------------------------------------------------------------------


[1mFILE: home/rubenlinde/memcap-work/lq-lanes/sq-tails/lib/Standards/RuleEngine.php[0m
--------------------------------------------------------------------------------
[1mFOUND 0 ERRORS AND 9 WARNINGS AFFECTING 9 LINES[0m
--------------------------------------------------------------------------------
  50 | [33mWARNING[0m | Class RuleEngine is missing @spec PHPDoc tag — link back to
     |         | openspec/specs/{capability}/spec.md#requirement-{slug}, not a
     |         | change dir
 304 | [33mWARNING[0m | Public method RuleEngine::providerSeedSpecs() is missing @spec
     |         | PHPDoc tag — link back to
     |         | openspec/specs/{capability}/spec.md#requirement-{slug}
 321 | [33mWARNING[0m | Public method RuleEngine::providerSeedObjects() is missing
     |         | @spec PHPDoc tag — link back to
     |         | openspec/specs/{capability}/spec.md#requirement-{slug}
 372 | [33mWARNING[0m | Public method RuleEngine::evaluate() is missing @spec PHPDoc
     |         | tag — link back to
     |         | openspec/specs/{capability}/spec.md#requirement-{slug}
 404 | [33mWARNING[0m | Public method RuleEngine::hasMandatory() is missing @spec
     |         | PHPDoc tag — link back to
     |         | openspec/specs/{capability}/spec.md#requirement-{slug}
 421 | [33mWARNING[0m | Public method RuleEngine::violationFor() is missing @spec
     |         | PHPDoc tag — link back to
     |         | openspec/specs/{capability}/spec.md#requirement-{slug}
 437 | [33mWARNING[0m | Public method RuleEngine::supportedTypes() is missing @spec
     |         | PHPDoc tag — link back to
     |         | openspec/specs/{capability}/spec.md#requirement-{slug}
 447 | [33mWARNING[0m | Public method RuleEngine::checkedRuleIds() is missing @spec
     |         | PHPDoc tag — link back to
     |         | openspec/specs/{capability}/spec.md#requirement-{slug}
 463 | [33mWARNING[0m | Public method RuleEngine::reset() is missing @spec PHPDoc tag
     |         | — link back to
     |         | openspec/specs/{capability}/spec.md#requirement-{slug}
--------------------------------------------------------------------------------


[1mFILE: home/rubenlinde/memcap-work/lq-lanes/sq-tails/lib/Standards/Violation.php[0m
--------------------------------------------------------------------------------
[1mFOUND 0 ERRORS AND 2 WARNINGS AFFECTING 2 LINES[0m
--------------------------------------------------------------------------------
 33 | [33mWARNING[0m | Class Violation is missing @spec PHPDoc tag — link back to
    |         | openspec/specs/{capability}/spec.md#requirement-{slug}, not a
    |         | change dir
 56 | [33mWARNING[0m | Public method Violation::jsonSerialize() is missing @spec
    |         | PHPDoc tag — link back to
    |         | openspec/specs/{capability}/spec.md#requirement-{slug}
--------------------------------------------------------------------------------


[1mFILE: ...nlinde/memcap-work/lq-lanes/sq-tails/lib/Standards/ComplianceCatalogue.php[0m
--------------------------------------------------------------------------------
[1mFOUND 0 ERRORS AND 5 WARNINGS AFFECTING 5 LINES[0m
--------------------------------------------------------------------------------
  48 | [33mWARNING[0m | Class ComplianceCatalogue is missing @spec PHPDoc tag — link
     |         | back to
     |         | openspec/specs/{capability}/spec.md#requirement-{slug}, not a
     |         | change dir
 115 | [33mWARNING[0m | Public method ComplianceCatalogue::all() is missing @spec
     |         | PHPDoc tag — link back to
     |         | openspec/specs/{capability}/spec.md#requirement-{slug}
 153 | [33mWARNING[0m | Public method ComplianceCatalogue::applicableTo() is missing
     |         | @spec PHPDoc tag — link back to
     |         | openspec/specs/{capability}/spec.md#requirement-{slug}
 179 | [33mWARNING[0m | Public method ComplianceCatalogue::byType() is missing @spec
     |         | PHPDoc tag — link back to
     |         | openspec/specs/{capability}/spec.md#requirement-{slug}
 196 | [33mWARNING[0m | Public method ComplianceCatalogue::version() is missing @spec
     |         | PHPDoc tag — link back to
     |         | openspec/specs/{capability}/spec.md#requirement-{slug}
--------------------------------------------------------------------------------


[1mFILE: ...de/memcap-work/lq-lanes/sq-tails/lib/Standards/Checks/AmlBankingChecks.php[0m
--------------------------------------------------------------------------------
[1mFOUND 0 ERRORS AND 4 WARNINGS AFFECTING 4 LINES[0m
--------------------------------------------------------------------------------
  68 | [33mWARNING[0m | Class AmlBankingChecks is missing @spec PHPDoc tag — link
     |         | back to
     |         | openspec/specs/{capability}/spec.md#requirement-{slug}, not a
     |         | change dir
  77 | [33mWARNING[0m | Public method AmlBankingChecks::checks() is missing @spec
     |         | PHPDoc tag — link back to
     |         | openspec/specs/{capability}/spec.md#requirement-{slug}
 243 | [33mWARNING[0m | Public method AmlBankingChecks::seedSpec() is missing @spec
     |         | PHPDoc tag — link back to
     |         | openspec/specs/{capability}/spec.md#requirement-{slug}
 266 | [33mWARNING[0m | Public method AmlBankingChecks::seedObjects() is missing @spec
     |         | PHPDoc tag — link back to
     |         | openspec/specs/{capability}/spec.md#requirement-{slug}
--------------------------------------------------------------------------------


[1mFILE: ...emcap-work/lq-lanes/sq-tails/lib/Standards/Checks/InvoicingExtraChecks.php[0m
--------------------------------------------------------------------------------
[1mFOUND 0 ERRORS AND 3 WARNINGS AFFECTING 3 LINES[0m
--------------------------------------------------------------------------------
  51 | [33mWARNING[0m | Class InvoicingExtraChecks is missing @spec PHPDoc tag —
     |         | link back to
     |         | openspec/specs/{capability}/spec.md#requirement-{slug}, not a
     |         | change dir
 159 | [33mWARNING[0m | Public method InvoicingExtraChecks::checks() is missing @spec
     |         | PHPDoc tag — link back to
     |         | openspec/specs/{capability}/spec.md#requirement-{slug}
 306 | [33mWARNING[0m | Public method InvoicingExtraChecks::seedSpec() is missing
     |         | @spec PHPDoc tag — link back to
     |         | openspec/specs/{capability}/spec.md#requirement-{slug}
--------------------------------------------------------------------------------


[1mFILE: home/rubenlinde/memcap-work/lq-lanes/sq-tails/lib/Service/FluxService.php[0m
--------------------------------------------------------------------------------
[1mFOUND 0 ERRORS AND 2 WARNINGS AFFECTING 2 LINES[0m
--------------------------------------------------------------------------------
 467 | [33mWARNING[0m | Public method FluxService::renderNarrativeJson() is missing
     |         | @spec PHPDoc tag — link back to
     |         | openspec/specs/{capability}/spec.md#requirement-{slug}
 482 | [33mWARNING[0m | Public method FluxService::renderNarrativePdfBody() is missing
     |         | @spec PHPDoc tag — link back to
     |         | openspec/specs/{capability}/spec.md#requirement-{slug}
--------------------------------------------------------------------------------


[1mFILE: ...cap-work/lq-lanes/sq-tails/lib/Standards/Checks/VatBbvLedgerTailChecks.php[0m
--------------------------------------------------------------------------------
[1mFOUND 0 ERRORS AND 4 WARNINGS AFFECTING 4 LINES[0m
--------------------------------------------------------------------------------
  77 | [33mWARNING[0m | Class VatBbvLedgerTailChecks is missing @spec PHPDoc tag —
     |         | link back to
     |         | openspec/specs/{capability}/spec.md#requirement-{slug}, not a
     |         | change dir
 138 | [33mWARNING[0m | Public method VatBbvLedgerTailChecks::checks() is missing
     |         | @spec PHPDoc tag — link back to
     |         | openspec/specs/{capability}/spec.md#requirement-{slug}
 270 | [33mWARNING[0m | Public method VatBbvLedgerTailChecks::seedSpec() is missing
     |         | @spec PHPDoc tag — link back to
     |         | openspec/specs/{capability}/spec.md#requirement-{slug}
 318 | [33mWARNING[0m | Public method VatBbvLedgerTailChecks::seedObjects() is missing
     |         | @spec PHPDoc tag — link back to
     |         | openspec/specs/{capability}/spec.md#requirement-{slug}
--------------------------------------------------------------------------------


[1mFILE: ...ork/lq-lanes/sq-tails/lib/Standards/Checks/PublicSectorIpsasGasbChecks.php[0m
--------------------------------------------------------------------------------
[1mFOUND 0 ERRORS AND 4 WARNINGS AFFECTING 4 LINES[0m
--------------------------------------------------------------------------------
  65 | [33mWARNING[0m | Class PublicSectorIpsasGasbChecks is missing @spec PHPDoc tag
     |         | — link back to
     |         | openspec/specs/{capability}/spec.md#requirement-{slug}, not a
     |         | change dir
 116 | [33mWARNING[0m | Public method PublicSectorIpsasGasbChecks::checks() is missing
     |         | @spec PHPDoc tag — link back to
     |         | openspec/specs/{capability}/spec.md#requirement-{slug}
 290 | [33mWARNING[0m | Public method PublicSectorIpsasGasbChecks::seedSpec() is
     |         | missing @spec PHPDoc tag — link back to
     |         | openspec/specs/{capability}/spec.md#requirement-{slug}
 302 | [33mWARNING[0m | Public method PublicSectorIpsasGasbChecks::seedObjects() is
     |         | missing @spec PHPDoc tag — link back to
     |         | openspec/specs/{capability}/spec.md#requirement-{slug}
--------------------------------------------------------------------------------


[1mFILE: ...mcap-work/lq-lanes/sq-tails/lib/Standards/Checks/LedgerIntegrityChecks.php[0m
--------------------------------------------------------------------------------
[1mFOUND 0 ERRORS AND 3 WARNINGS AFFECTING 3 LINES[0m
--------------------------------------------------------------------------------
  53 | [33mWARNING[0m | Class LedgerIntegrityChecks is missing @spec PHPDoc tag —
     |         | link back to
     |         | openspec/specs/{capability}/spec.md#requirement-{slug}, not a
     |         | change dir
  61 | [33mWARNING[0m | Public method LedgerIntegrityChecks::checks() is missing @spec
     |         | PHPDoc tag — link back to
     |         | openspec/specs/{capability}/spec.md#requirement-{slug}
 160 | [33mWARNING[0m | Public method LedgerIntegrityChecks::seedSpec() is missing
     |         | @spec PHPDoc tag — link back to
     |         | openspec/specs/{capability}/spec.md#requirement-{slug}
--------------------------------------------------------------------------------


[1mFILE: ...ork/lq-lanes/sq-tails/lib/Standards/Checks/NationalReportingTailChecks.php[0m
--------------------------------------------------------------------------------
[1mFOUND 0 ERRORS AND 3 WARNINGS AFFECTING 3 LINES[0m
--------------------------------------------------------------------------------
  62 | [33mWARNING[0m | Class NationalReportingTailChecks is missing @spec PHPDoc tag
     |         | — link back to
     |         | openspec/specs/{capability}/spec.md#requirement-{slug}, not a
     |         | change dir
  69 | [33mWARNING[0m | Public method NationalReportingTailChecks::checks() is missing
     |         | @spec PHPDoc tag — link back to
     |         | openspec/specs/{capability}/spec.md#requirement-{slug}
 214 | [33mWARNING[0m | Public method NationalReportingTailChecks::seedSpec() is
     |         | missing @spec PHPDoc tag — link back to
     |         | openspec/specs/{capability}/spec.md#requirement-{slug}
--------------------------------------------------------------------------------


[1mFILE: ...linde/memcap-work/lq-lanes/sq-tails/lib/Standards/Checks/CheckProvider.php[0m
--------------------------------------------------------------------------------
[1mFOUND 0 ERRORS AND 2 WARNINGS AFFECTING 2 LINES[0m
--------------------------------------------------------------------------------
 42 | [33mWARNING[0m | Public method CheckProvider::checks() is missing @spec PHPDoc
    |         | tag — link back to
    |         | openspec/specs/{capability}/spec.md#requirement-{slug}
 51 | [33mWARNING[0m | Public method CheckProvider::seedSpec() is missing @spec PHPDoc
    |         | tag — link back to
    |         | openspec/specs/{capability}/spec.md#requirement-{slug}
--------------------------------------------------------------------------------


[1mFILE: ...emcap-work/lq-lanes/sq-tails/lib/Standards/Checks/ComplianceTailChecks.php[0m
--------------------------------------------------------------------------------
[1mFOUND 0 ERRORS AND 4 WARNINGS AFFECTING 4 LINES[0m
--------------------------------------------------------------------------------
  72 | [33mWARNING[0m | Class ComplianceTailChecks is missing @spec PHPDoc tag —
     |         | link back to
     |         | openspec/specs/{capability}/spec.md#requirement-{slug}, not a
     |         | change dir
  78 | [33mWARNING[0m | Public method ComplianceTailChecks::checks() is missing @spec
     |         | PHPDoc tag — link back to
     |         | openspec/specs/{capability}/spec.md#requirement-{slug}
 156 | [33mWARNING[0m | Public method ComplianceTailChecks::seedSpec() is missing
     |         | @spec PHPDoc tag — link back to
     |         | openspec/specs/{capability}/spec.md#requirement-{slug}
 176 | [33mWARNING[0m | Public method ComplianceTailChecks::seedObjects() is missing
     |         | @spec PHPDoc tag — link back to
     |         | openspec/specs/{capability}/spec.md#requirement-{slug}
--------------------------------------------------------------------------------


[1mFILE: ...nde/memcap-work/lq-lanes/sq-tails/lib/Standards/Checks/FinalTailChecks.php[0m
--------------------------------------------------------------------------------
[1mFOUND 0 ERRORS AND 4 WARNINGS AFFECTING 4 LINES[0m
--------------------------------------------------------------------------------
  43 | [33mWARNING[0m | Class FinalTailChecks is missing @spec PHPDoc tag — link
     |         | back to
     |         | openspec/specs/{capability}/spec.md#requirement-{slug}, not a
     |         | change dir
  49 | [33mWARNING[0m | Public method FinalTailChecks::checks() is missing @spec
     |         | PHPDoc tag — link back to
     |         | openspec/specs/{capability}/spec.md#requirement-{slug}
  91 | [33mWARNING[0m | Public method FinalTailChecks::seedSpec() is missing @spec
     |         | PHPDoc tag — link back to
     |         | openspec/specs/{capability}/spec.md#requirement-{slug}
 107 | [33mWARNING[0m | Public method FinalTailChecks::seedObjects() is missing @spec
     |         | PHPDoc tag — link back to
     |         | openspec/specs/{capability}/spec.md#requirement-{slug}
--------------------------------------------------------------------------------

Time: 3.11 secs; Memory: 8MB

=== phpmd ===

=== psalm ===
Target PHP version: 8.3 (inferred from composer.json).
Scanning files...
Analyzing files...

░░░░░░░░░░░░░░░░░░░░░░░░░░░░░░░░░░░░░░░░░░░░░░░░░░░░░░░░░░░░  60 / 769 (7%)
░░░░░░░░░░░░░░░░░░░░░░░░░░░░░░░░░░░░░░░░░░░░░░░░░░░░░░░░░░░░ 120 / 769 (15%)
░░░░░░░░░░░░░░░░░░░░░░░░░░░░░░░░░░░░░░░░░░░░░░░░░░░░░░░░░░░░ 180 / 769 (23%)
░░░░░░░░░░░░░░░░░░░░░░░░░░░░░░░░░░░░░░░░░░░░░░░░░░░░░░░░░░░░ 240 / 769 (31%)
░░░░░░░░░░░░░░░░░░░░░░░░░░░░░░░░░░░░░░░░░░░░░░░░░░░░░░░░░░░░ 300 / 769 (39%)
░░░░░░░░░░░░░░░░░░░░░░░░░░░░░░░░░░░░░░░░░░░░░░░░░░░░░░░░░░░░ 360 / 769 (46%)
░░░░░░░░░░░░░░░░░░░░░░░░░░░░░░░░░░░░░░░░░░░░░░░░░░░░░░░░░░░░ 420 / 769 (54%)
░░░░░░░░░░░░░░░░░░░░░░░░░░░░░░░░░░░░░░░░░░░░░░░░░░░░░░░░░░░░ 480 / 769 (62%)
░░░░░░░░░░░░░░░░░░░░░░░░░░░░░░░░░░░░░░░░░░░░░░░░░░░░░░░░░░░░ 540 / 769 (70%)
░░░░░░░░░░░░░░░░░░░░░░░░░░░░░░░░░░░░░░░░░░░░░░░░░░░░░░░░░░░░ 600 / 769 (78%)
░░░░░░░░░░░░░░░░░░░░░░░░░░░░░░░░░░░░░░░░░░░░░░░░░░░░░░░░░░░░ 660 / 769 (85%)
░░░░░░░░░░░░░░░░░░░░░░░░░░░░░░░░░░░░░░░░░░░░░░░░░░░░░░░░░░░░ 720 / 769 (93%)
░░░░░░░░░░░░░░░░░░░░░░░░░░░░░░░░░░░░░░░░░░░░░░░░░

------------------------------
[42;2m                              [0m
[42;30;2m       No errors found!       [0m
[42;2m                              [0m
------------------------------
1278 other issues found.
You can display them with [30;48;5;195m--show-info=true[0m
------------------------------

Checks took 87.75 seconds and used 322.144MB of memory
Psalm was able to infer types for 94.8489% of the codebase

=== phpstan ===
Note: Using configuration file /home/rubenlinde/memcap-work/lq-lanes/sq-tails/phpstan.neon.
   0/763 [░░░░░░░░░░░░░░░░░░░░░░░░░░░░]   0%
 399/763 [▓▓▓▓▓▓▓▓▓▓▓▓▓▓░░░░░░░░░░░░░░]  52%
 763/763 [▓▓▓▓▓▓▓▓▓▓▓▓▓▓▓▓▓▓▓▓▓▓▓▓▓▓▓▓] 100%


 [OK] No errors                                                                 


=== test:all ===
PHPUnit 10.5.63 by Sebastian Bergmann and contributors.

Runtime:       PHP 8.3.6
Configuration: /home/rubenlinde/memcap-work/lq-lanes/sq-tails/phpunit-unit.xml

.............................................................   61 / 5409 (  1%)
.............................................................  122 / 5409 (  2%)
.............................................................  183 / 5409 (  3%)
.............................................................  244 / 5409 (  4%)
.............................................................  305 / 5409 (  5%)
.............................................................  366 / 5409 (  6%)
.............................................................  427 / 5409 (  7%)
.............................................................  488 / 5409 (  9%)
.............................................................  549 / 5409 ( 10%)
.............................................................  610 / 5409 ( 11%)
.............................................................  671 / 5409 ( 12%)
.............................................................  732 / 5409 ( 13%)
.............................................................  793 / 5409 ( 14%)
.............................................................  854 / 5409 ( 15%)
.............................................................  915 / 5409 ( 16%)
.............................................................  976 / 5409 ( 18%)
............................................................. 1037 / 5409 ( 19%)
............................................................. 1098 / 5409 ( 20%)
............................................................. 1159 / 5409 ( 21%)
............................................................. 1220 / 5409 ( 22%)
............................................................. 1281 / 5409 ( 23%)
............................................................. 1342 / 5409 ( 24%)
............................................................. 1403 / 5409 ( 25%)
............................................................. 1464 / 5409 ( 27%)
............................................................. 1525 / 5409 ( 28%)
............................................................. 1586 / 5409 ( 29%)
............................................................. 1647 / 5409 ( 30%)
............................................................. 1708 / 5409 ( 31%)
............................................................. 1769 / 5409 ( 32%)
............................................................. 1830 / 5409 ( 33%)
............................................................. 1891 / 5409 ( 34%)
............................................................. 1952 / 5409 ( 36%)
............................................................. 2013 / 5409 ( 37%)
............................................................. 2074 / 5409 ( 38%)
............................................................. 2135 / 5409 ( 39%)
............................................................. 2196 / 5409 ( 40%)
............................................................. 2257 / 5409 ( 41%)
............................................................. 2318 / 5409 ( 42%)
............................................................. 2379 / 5409 ( 43%)
............................................................. 2440 / 5409 ( 45%)
............................................................. 2501 / 5409 ( 46%)
............................................................. 2562 / 5409 ( 47%)
............................................................. 2623 / 5409 ( 48%)
............................................................. 2684 / 5409 ( 49%)
............................................................. 2745 / 5409 ( 50%)
............................................................. 2806 / 5409 ( 51%)
............................................................. 2867 / 5409 ( 53%)
............................................................. 2928 / 5409 ( 54%)
............................................................. 2989 / 5409 ( 55%)
............................................................. 3050 / 5409 ( 56%)
............................................................. 3111 / 5409 ( 57%)
............................................................. 3172 / 5409 ( 58%)
............................................................. 3233 / 5409 ( 59%)
............................................................. 3294 / 5409 ( 60%)
............................................................. 3355 / 5409 ( 62%)
............................................................. 3416 / 5409 ( 63%)
............................................................. 3477 / 5409 ( 64%)
............................................................. 3538 / 5409 ( 65%)
............................................................. 3599 / 5409 ( 66%)
............................................................. 3660 / 5409 ( 67%)
............................................................. 3721 / 5409 ( 68%)
............................................................. 3782 / 5409 ( 69%)
............................................................. 3843 / 5409 ( 71%)
............................................................. 3904 / 5409 ( 72%)
............................................................. 3965 / 5409 ( 73%)
............................................................. 4026 / 5409 ( 74%)
............................................................. 4087 / 5409 ( 75%)
............................................................. 4148 / 5409 ( 76%)
............................................................. 4209 / 5409 ( 77%)
............................................................. 4270 / 5409 ( 78%)
............................................................. 4331 / 5409 ( 80%)
............................................................. 4392 / 5409 ( 81%)
............................................................. 4453 / 5409 ( 82%)
............................................................. 4514 / 5409 ( 83%)
............................................................. 4575 / 5409 ( 84%)
............................................................. 4636 / 5409 ( 85%)
............................................................. 4697 / 5409 ( 86%)
............................................................. 4758 / 5409 ( 87%)
............................................................. 4819 / 5409 ( 89%)
............................................................. 4880 / 5409 ( 90%)
............................................................. 4941 / 5409 ( 91%)
............................................................. 5002 / 5409 ( 92%)
............................................................. 5063 / 5409 ( 93%)
............................................................. 5124 / 5409 ( 94%)
............................................................. 5185 / 5409 ( 95%)
............................................................. 5246 / 5409 ( 96%)
............................................................. 5307 / 5409 ( 98%)
............................................................. 5368 / 5409 ( 99%)
.........................................                     5409 / 5409 (100%)

Time: 05:38.389, Memory: 170.50 MB

[30;42mOK (5409 tests, 49439 assertions)[0m

ALL CHECKS PASSED
EXIT 0
