
=== lint ===
No syntax errors detected in ./node_modules/flatted/php/flatted.php
No syntax errors detected in ./tests/bootstrap.php
No syntax errors detected in ./tests/Integration/CashflowSeedDataIntegrationTest.php
No syntax errors detected in ./tests/Integration/CalendarViewTest.php
No syntax errors detected in ./tests/Integration/WaterschappenBbv01ConfigSchemasSeedIntegrationTest.php
No syntax errors detected in ./tests/Integration/Ifrs15RevenueIntegrationTest.php
No syntax errors detected in ./tests/Integration/ComplianceAggregationTest.php
No syntax errors detected in ./tests/Integration/PurchaseOrder3WayManifestIntegrationTest.php
No syntax errors detected in ./tests/Integration/ExceptionResolutionIntegrationTest.php
No syntax errors detected in ./tests/Integration/MultiPoConsolidationIntegrationTest.php
No syntax errors detected in ./tests/Integration/PurchaseOrder3WaySchemasIntegrationTest.php
No syntax errors detected in ./tests/Integration/SalesOrderSeedDataIntegrationTest.php
No syntax errors detected in ./tests/Integration/ThreeWayMatchingIntegrationTest.php
No syntax errors detected in ./tests/Integration/ModelOrReferencesPilotSeedIntegrationTest.php
No syntax errors detected in ./tests/Integration/Pipelinq/PipelinqMockServer.php
No syntax errors detected in ./tests/Integration/WaterschappenBbv09FiscalAuditIntegrationTest.php
No syntax errors detected in ./tests/Integration/SupplierInvoicePeppolIngestionIntegrationTest.php
No syntax errors detected in ./tests/Integration/BookingFormTest.php
No syntax errors detected in ./tests/bootstrap-stubs.php
No syntax errors detected in ./tests/unit/Controller/SettingsControllerTest.php
No syntax errors detected in ./tests/stubs/OpenRegister/BackgroundJob/ActorForwardedJob.php
No syntax errors detected in ./tests/stubs/OpenRegister/Contract/ObjectServiceInterface.php
No syntax errors detected in ./tests/stubs/OpenRegister/Contract/ObjectEntityInterface.php
No syntax errors detected in ./tests/stubs/OpenRegister/Event/ObjectCreatingEvent.php
No syntax errors detected in ./tests/stubs/OpenRegister/Event/ObjectUpdatingEvent.php
No syntax errors detected in ./tests/stubs/OpenRegister/Event/RegisterLeafProvidersEvent.php
No syntax errors detected in ./tests/stubs/OpenRegister/Event/ObjectTransitionedEvent.php
No syntax errors detected in ./tests/stubs/OpenRegister/Event/DeepLinkRegistrationEvent.php
No syntax errors detected in ./tests/stubs/OpenRegister/Event/ObjectCreatedEvent.php
No syntax errors detected in ./tests/stubs/OpenRegister/Event/ObjectUpdatedEvent.php
No syntax errors detected in ./tests/stubs/OpenRegister/Lifecycle/LifecycleGuardInterface.php
No syntax errors detected in ./tests/stubs/OpenRegister/Lifecycle/GuardResult.php
No syntax errors detected in ./tests/stubs/OpenRegister/Lifecycle/LifecycleActionInterface.php
No syntax errors detected in ./tests/stubs/OpenRegister/Service/Integration/IntegrationProvider.php
No syntax errors detected in ./tests/stubs/OpenRegister/Service/Integration/LeafDescriptor.php
No syntax errors detected in ./tests/stubs/OpenRegister/Service/Aggregation/AggregationQuery.php
No syntax errors detected in ./tests/stubs/OpenRegister/Service/Deferral/ListenerDeferralService.php
No syntax errors detected in ./tests/stubs/OpenRegister/Service/Deferral/DeferredListenerContext.php
No syntax errors detected in ./tests/stubs/OpenRegister/Service/OrganisationService.php
No syntax errors detected in ./tests/stubs/OpenRegister/Service/Notification/RecipientResolverInterface.php
No syntax errors detected in ./tests/stubs/OpenRegister/AppHost/IMetricsProvider.php
No syntax errors detected in ./tests/stubs/OpenRegister/AppHost/Observability/MetricSample.php
No syntax errors detected in ./tests/stubs/OpenRegister/Db/ObjectEntity.php
No syntax errors detected in ./tests/stubs/Integriq/Event/ConnectionStatusReportedEvent.php
No syntax errors detected in ./tests/bootstrap-unit.php
No syntax errors detected in ./tests/bootstrap-standalone.php
No syntax errors detected in ./tests/Unit/BackgroundJob/MandateDormancyExpiryJobTest.php
No syntax errors detected in ./tests/Unit/BackgroundJob/ConnectionReportJobTest.php
No syntax errors detected in ./tests/Unit/BackgroundJob/CrisisModeRefreshJobTest.php
No syntax errors detected in ./tests/Unit/BackgroundJob/LotExpiryAlertJobTest.php
No syntax errors detected in ./tests/Unit/BackgroundJob/BankfeedReconciliationJobTest.php
No syntax errors detected in ./tests/Unit/BackgroundJob/SoftCloseJobTest.php
No syntax errors detected in ./tests/Unit/BackgroundJob/TenderNedAwardPromotionJobTest.php
No syntax errors detected in ./tests/Unit/BackgroundJob/DeadlineReminderJobTest.php
No syntax errors detected in ./tests/Unit/BackgroundJob/FxRateImportJobTest.php
No syntax errors detected in ./tests/Unit/BackgroundJob/PipelinqTimelineRetryJobTest.php
No syntax errors detected in ./tests/Unit/BackgroundJob/CalibrationBatchJobTest.php
No syntax errors detected in ./tests/Unit/BackgroundJob/HorizonRollingJobTest.php
No syntax errors detected in ./tests/Unit/BackgroundJob/BookingReminderJobTest.php
No syntax errors detected in ./tests/Unit/BackgroundJob/DocumentArchiveCronTest.php
No syntax errors detected in ./tests/Unit/BackgroundJob/ViesOutageRetryJobTest.php
No syntax errors detected in ./tests/Unit/BackgroundJob/EmuQuarterlyDraftJobTest.php
No syntax errors detected in ./tests/Unit/BackgroundJob/VendorPerformanceAggregationJobTest.php
No syntax errors detected in ./tests/Unit/BackgroundJob/CancelUnconfirmedAppointmentsTest.php
No syntax errors detected in ./tests/Unit/BackgroundJob/AdministrationBackupSchedulerJobTest.php
No syntax errors detected in ./tests/Unit/Controller/CBSSubmissionControllerTest.php
No syntax errors detected in ./tests/Unit/Controller/InventoryMobileScannerControllerTest.php
No syntax errors detected in ./tests/Unit/Controller/ProductCatalogControllerTest.php
No syntax errors detected in ./tests/Unit/Controller/AdministrationControllerTest.php
No syntax errors detected in ./tests/Unit/Controller/AccountantPortalControllerTest.php
No syntax errors detected in ./tests/Unit/Controller/WbsoAdministratieControllerTest.php
No syntax errors detected in ./tests/Unit/Controller/WidgetApiControllerTest.php
No syntax errors detected in ./tests/Unit/Controller/OssControllerTest.php
No syntax errors detected in ./tests/Unit/Controller/PurchaseOrderControllerTest.php
No syntax errors detected in ./tests/Unit/Controller/DBAControllerTest.php
No syntax errors detected in ./tests/Unit/Controller/BillingIntakeControllerTest.php
No syntax errors detected in ./tests/Unit/Controller/RecognitionControllerTest.php
No syntax errors detected in ./tests/Unit/Controller/BankRuleControllerTest.php
No syntax errors detected in ./tests/Unit/Controller/InvoiceApiControllerTest.php
No syntax errors detected in ./tests/Unit/Controller/KorControllerTest.php
No syntax errors detected in ./tests/Unit/Controller/VATDeclarationControllerTest.php
No syntax errors detected in ./tests/Unit/Controller/PortalContributionDeclineControllerTest.php
No syntax errors detected in ./tests/Unit/Controller/DeadlineCalendarSettingsControllerTest.php
No syntax errors detected in ./tests/Unit/Controller/SettingsControllerWriteTest.php
No syntax errors detected in ./tests/Unit/Controller/CashflowExportControllerTest.php
No syntax errors detected in ./tests/Unit/Controller/InventoryScanControllerTest.php
No syntax errors detected in ./tests/Unit/Controller/LeaseDisclosureContractTest.php
No syntax errors detected in ./tests/Unit/Controller/IcpControllerTest.php
No syntax errors detected in ./tests/Unit/Controller/ARInvoiceEInvoiceControllerTest.php
No syntax errors detected in ./tests/Unit/Controller/BadoControleprotocolControllerTest.php
No syntax errors detected in ./tests/Unit/Controller/BBVDashboardControllerTest.php
No syntax errors detected in ./tests/Unit/Controller/BookingDepthControllerTest.php
No syntax errors detected in ./tests/Unit/Controller/SubjectCostControllerTest.php
No syntax errors detected in ./tests/Unit/Controller/TaxPaymentControllerTest.php
No syntax errors detected in ./tests/Unit/Controller/StockLedgerControllerTest.php
No syntax errors detected in ./tests/Unit/Controller/BudgetGridControllerTest.php
No syntax errors detected in ./tests/Unit/Controller/ReportingControllerTest.php
No syntax errors detected in ./tests/Unit/Controller/BcfClaimControllerTest.php
No syntax errors detected in ./tests/Unit/Controller/PeriodCloseControllerTest.php
No syntax errors detected in ./tests/Unit/Controller/GoodsReceiptNoteControllerTest.php
No syntax errors detected in ./tests/Unit/Controller/PrefsControllerTest.php
No syntax errors detected in ./tests/Unit/Controller/ApiFallbackControllerTest.php
No syntax errors detected in ./tests/Unit/Controller/PaymentRequestActionControllerTest.php
No syntax errors detected in ./tests/Unit/Controller/InventoryValuationReportControllerTest.php
No syntax errors detected in ./tests/Unit/Controller/TrialBalanceControllerTest.php
No syntax errors detected in ./tests/Unit/Controller/ExtractionRequestControllerTest.php
No syntax errors detected in ./tests/Unit/Controller/VATReturnControllerTest.php
No syntax errors detected in ./tests/Unit/Controller/ProgrammabegrotingControllerTest.php
No syntax errors detected in ./tests/Unit/Controller/DunningControllerTest.php
No syntax errors detected in ./tests/Unit/Controller/PaymentRunControllerTest.php
No syntax errors detected in ./tests/Unit/Controller/ServiceReceiptControllerTest.php
No syntax errors detected in ./tests/Unit/Controller/WbsoTransactionApiControllerTest.php
No syntax errors detected in ./tests/Unit/Controller/PurchaseOrderApprovalControllerTest.php
No syntax errors detected in ./tests/Unit/Controller/BudgetScenarioControllerTest.php
No syntax errors detected in ./tests/Unit/Controller/PayrollWebhookControllerTest.php
No syntax errors detected in ./tests/Unit/Controller/WbsoAccountApiControllerTest.php
No syntax errors detected in ./tests/Unit/Controller/AansluitingControllerTest.php
No syntax errors detected in ./tests/Unit/Controller/NotificationControllerTest.php
No syntax errors detected in ./tests/Unit/Controller/FinancialDashboardControllerTest.php
No syntax errors detected in ./tests/Unit/Controller/PortalPaymentInitiationControllerTest.php
No syntax errors detected in ./tests/Unit/Controller/InventoryAdjustmentControllerTest.php
No syntax errors detected in ./tests/Unit/Controller/RequisitionControllerTest.php
No syntax errors detected in ./tests/Unit/Controller/WbsoDocumentApiControllerTest.php
No syntax errors detected in ./tests/Unit/Controller/WidgetSettingsControllerTest.php
No syntax errors detected in ./tests/Unit/Controller/VATLineControllerTest.php
No syntax errors detected in ./tests/Unit/Controller/BudgetBBVMappingControllerTest.php
No syntax errors detected in ./tests/Unit/Controller/ThreeWayMatchExceptionControllerTest.php
No syntax errors detected in ./tests/Unit/Controller/BarcodeLookupControllerTest.php
No syntax errors detected in ./tests/Unit/Controller/TimelineDeadLetterControllerTest.php
No syntax errors detected in ./tests/Unit/Controller/RevenueControllerTest.php
No syntax errors detected in ./tests/Unit/Controller/CalendarControllerTest.php
No syntax errors detected in ./tests/Unit/Controller/BookingDetailControllerTest.php
No syntax errors detected in ./tests/Unit/Controller/ThreeWayMatchAuditControllerTest.php
No syntax errors detected in ./tests/Unit/Controller/LeaseReassessmentControllerTest.php
No syntax errors detected in ./tests/Unit/Controller/SepaAuditControllerTest.php
No syntax errors detected in ./tests/Unit/Controller/ReconciliationResolutionControllerTest.php
No syntax errors detected in ./tests/Unit/Controller/PipelinqSettingsControllerTest.php
No syntax errors detected in ./tests/Unit/Controller/BankStatementImportControllerTest.php
No syntax errors detected in ./tests/Unit/Controller/SupplierInvoiceImportControllerTest.php
No syntax errors detected in ./tests/Unit/Controller/BbvProgrammeBudgetControllerTest.php
No syntax errors detected in ./tests/Unit/Controller/SoftCloseControllerTest.php
No syntax errors detected in ./tests/Unit/Controller/ContributionControllerTest.php
No syntax errors detected in ./tests/Unit/Controller/SetupControllerTest.php
No syntax errors detected in ./tests/Unit/Controller/MultiPoConsolidationControllerTest.php
No syntax errors detected in ./tests/Unit/Controller/PayrollControllerTest.php
No syntax errors detected in ./tests/Unit/Controller/DepositWebhookControllerTest.php
No syntax errors detected in ./tests/Unit/Controller/ThreeWayMatchControllerTest.php
No syntax errors detected in ./tests/Unit/Controller/InnovatieboxControllerTest.php
No syntax errors detected in ./tests/Unit/Controller/SpendAnalyticsControllerTest.php
No syntax errors detected in ./tests/Unit/Controller/ComplianceExportControllerTest.php
No syntax errors detected in ./tests/Unit/Controller/ConfirmationApiControllerTest.php
No syntax errors detected in ./tests/Unit/Controller/TaxReportControllerTest.php
No syntax errors detected in ./tests/Unit/Controller/GRIRReconciliationControllerTest.php
No syntax errors detected in ./tests/Unit/Controller/PaymentRequestWebhookControllerTest.php
No syntax errors detected in ./tests/Unit/Controller/BookingNotificationControllerTest.php
No syntax errors detected in ./tests/Unit/Controller/AdministrationExportControllerTest.php
No syntax errors detected in ./tests/Unit/Repair/InitializeSettingsTest.php
No syntax errors detected in ./tests/Unit/Repair/RenameDutchValuesTest.php
No syntax errors detected in ./tests/Unit/Repair/FoldIntoOrderTest.php
No syntax errors detected in ./tests/Unit/Repair/BackfillFiscalPeriodsTest.php
No syntax errors detected in ./tests/Unit/Repair/BackfillPaymentRequestCustomerTest.php
No syntax errors detected in ./tests/Unit/Repair/RenameMandateCommitmentKindsTest.php
No syntax errors detected in ./tests/Unit/Repair/BackfillArInvoiceProvenanceTest.php
No syntax errors detected in ./tests/Unit/Repair/RenameCollidingSchemaSlugsTest.php
No syntax errors detected in ./tests/Unit/Repair/BackfillGlLineAdministrationTest.php
No syntax errors detected in ./tests/Unit/Repair/RematerialiseConvertedCalculationsTest.php
No syntax errors detected in ./tests/Unit/Repair/DelegateSigningMigrationRepairTest.php
No syntax errors detected in ./tests/Unit/Repair/RetireSubsidieSchemaTest.php
No syntax errors detected in ./tests/Unit/Repair/RetireCostProjectStepTest.php
No syntax errors detected in ./tests/Unit/Repair/PeriodCloseBackfillTest.php
No syntax errors detected in ./tests/Unit/Repair/RenameCommitmentSchemasTest.php
No syntax errors detected in ./tests/Unit/Integration/CustomerBridgeIntegrationTest.php
No syntax errors detected in ./tests/Unit/Integration/TenderNedStatusSyncTest.php
No syntax errors detected in ./tests/Unit/Integration/PipelinqMockServerTest.php
No syntax errors detected in ./tests/Unit/Integration/PaymentRequestLeafProviderTest.php
No syntax errors detected in ./tests/Unit/Integration/CustomerBridgeLifecycleEventsTest.php
No syntax errors detected in ./tests/Unit/Integration/WaterschappenBbv03ValidationRulesIntegrationTest.php
No syntax errors detected in ./tests/Unit/Integration/WaterschappenBbvAggregationIntegrationTest.php
No syntax errors detected in ./tests/Unit/Integration/ContractLeafProviderTest.php
No syntax errors detected in ./tests/Unit/PaymentRun/PaymentRunCsvGeneratorTest.php
No syntax errors detected in ./tests/Unit/PaymentRun/PaymentRunExportServiceTest.php
No syntax errors detected in ./tests/Unit/PaymentRun/PaymentRunReconciliationServiceTest.php
No syntax errors detected in ./tests/Unit/PaymentRun/SepaPain001GeneratorTest.php
No syntax errors detected in ./tests/Unit/Reporting/ReportGenerationServiceTest.php
No syntax errors detected in ./tests/Unit/Reporting/AbstractDocumentReportGeneratorTest.php
No syntax errors detected in ./tests/Unit/Reporting/XafAuditfileGeneratorTest.php
No syntax errors detected in ./tests/Unit/Consolidation/ConsolidationGuardTest.php
No syntax errors detected in ./tests/Unit/ShillinqTest.php
No syntax errors detected in ./tests/Unit/AppInfo/IntegriqCloudEventRegistrationTest.php
No syntax errors detected in ./tests/Unit/AppInfo/SigningDelegationRegistrationTest.php
No syntax errors detected in ./tests/Unit/AppInfo/ContainerResolvableConstructorsTest.php
No syntax errors detected in ./tests/Unit/AppInfo/BackgroundJobRegistrationContractTest.php
No syntax errors detected in ./tests/Unit/AppInfo/CanonicalRouteMethodContractTest.php
No syntax errors detected in ./tests/Unit/AppInfo/CompositionRootArgumentsTest.php
No syntax errors detected in ./tests/Unit/AppInfo/OrderFulfilmentGateRegistrationTest.php
No syntax errors detected in ./tests/Unit/AppInfo/ApiFallbackRouteOrderTest.php
No syntax errors detected in ./tests/Unit/Lifecycle/PensionIas19GuardTest.php
No syntax errors detected in ./tests/Unit/Lifecycle/APGuardTest.php
No syntax errors detected in ./tests/Unit/Lifecycle/BookingCancellationGuardTest.php
No syntax errors detected in ./tests/Unit/Lifecycle/EuExpenditureGuardTest.php
No syntax errors detected in ./tests/Unit/Lifecycle/GuardObjectServiceStub.php
No syntax errors detected in ./tests/Unit/Lifecycle/BcfClaimGuardTest.php
No syntax errors detected in ./tests/Unit/Lifecycle/FrameworkAgreementDrawdownGuardTest.php
No syntax errors detected in ./tests/Unit/Lifecycle/PaymentRunDuplicateGuardTest.php
No syntax errors detected in ./tests/Unit/Lifecycle/StockReservationGuardInventoryStockTest.php
No syntax errors detected in ./tests/Unit/Lifecycle/DesinvesteringsbijtellingGuardTest.php
No syntax errors detected in ./tests/Unit/Lifecycle/VarianceGateTest.php
No syntax errors detected in ./tests/Unit/Lifecycle/BudgetOverrunGuardTest.php
No syntax errors detected in ./tests/Unit/Lifecycle/RequisitionConversionGuardTest.php
No syntax errors detected in ./tests/Unit/Lifecycle/WriteOffReasonGuardTest.php
No syntax errors detected in ./tests/Unit/Lifecycle/JournalEntryGuardTest.php
No syntax errors detected in ./tests/Unit/Lifecycle/MandateEnforcerTest.php
No syntax errors detected in ./tests/Unit/Lifecycle/LotSellabilityGuardTest.php
No syntax errors detected in ./tests/Unit/Lifecycle/EliminationBalanceGuardTest.php
No syntax errors detected in ./tests/Unit/Lifecycle/InventoryPostingGuardTest.php
No syntax errors detected in ./tests/Unit/Lifecycle/AuditorStatementGuardTest.php
No syntax errors detected in ./tests/Unit/Lifecycle/LotTrackingReceiptGuardTest.php
No syntax errors detected in ./tests/Unit/Lifecycle/MandateGuardTest.php
No syntax errors detected in ./tests/Unit/Lifecycle/RepostingEligibilityGuardTest.php
No syntax errors detected in ./tests/Unit/Lifecycle/PeriodStatusGuardTest.php
No syntax errors detected in ./tests/Unit/Lifecycle/TenderNedProcurementGuardTest.php
No syntax errors detected in ./tests/Unit/Lifecycle/PeriodCloseGuardSuspenseTest.php
No syntax errors detected in ./tests/Unit/Lifecycle/EliminationGuardTest.php
No syntax errors detected in ./tests/Unit/Lifecycle/BudgetBlockerTest.php
No syntax errors detected in ./tests/Unit/Lifecycle/SupplierQualificationGuardTest.php
No syntax errors detected in ./tests/Unit/Lifecycle/VatPreconditionGuardTest.php
No syntax errors detected in ./tests/Unit/Lifecycle/PreNotificationGuardTest.php
No syntax errors detected in ./tests/Unit/Lifecycle/CcmFindingGuardTest.php
No syntax errors detected in ./tests/Unit/Lifecycle/InventoryValuationMethodGuardTest.php
No syntax errors detected in ./tests/Unit/Lifecycle/ENSIAValidationGuardTest.php
No syntax errors detected in ./tests/Unit/Lifecycle/DualGaapGuardTest.php
No syntax errors detected in ./tests/Unit/Lifecycle/ObjectionPeriodGuardTest.php
No syntax errors detected in ./tests/Unit/Lifecycle/PostingGuardsThroughAdapterTest.php
No syntax errors detected in ./tests/Unit/Lifecycle/WBSOExportValidationGuardTest.php
No syntax errors detected in ./tests/Unit/Lifecycle/IntercompanyToleranceGuardTest.php
No syntax errors detected in ./tests/Unit/Lifecycle/RegisterRequiresGuardAdapterTest.php
No syntax errors detected in ./tests/Unit/Lifecycle/IcpFinalizeGuardTest.php
No syntax errors detected in ./tests/Unit/Lifecycle/AansluitingResolutionGuardTest.php
No syntax errors detected in ./tests/Unit/Lifecycle/PeriodCloseGuardTest.php
No syntax errors detected in ./tests/Unit/Lifecycle/ProgrammabegrotingGuardTest.php
No syntax errors detected in ./tests/Unit/Lifecycle/OpenBalanceGuardTest.php
No syntax errors detected in ./tests/Unit/Lifecycle/ComplianceValidatorTest.php
No syntax errors detected in ./tests/Unit/Lifecycle/AnnualReportGuardTest.php
No syntax errors detected in ./tests/Unit/Lifecycle/VpbBerekeningGuardTest.php
No syntax errors detected in ./tests/Unit/Lifecycle/RechtmatigheidWorkflowTest.php
No syntax errors detected in ./tests/Unit/Lifecycle/WbsoMededelingGuardTest.php
No syntax errors detected in ./tests/Unit/Lifecycle/BegrotingswijzigingGuardTest.php
No syntax errors detected in ./tests/Unit/Lifecycle/CommitmentGuardTest.php
No syntax errors detected in ./tests/Unit/Lifecycle/ContractLifecycleGuardTest.php
No syntax errors detected in ./tests/Unit/Lifecycle/QuoteOrderInvoiceGuardTest.php
No syntax errors detected in ./tests/Unit/Lifecycle/CbcrPillar2GuardTest.php
No syntax errors detected in ./tests/Unit/Lifecycle/SubmissionWindowGuardTest.php
No syntax errors detected in ./tests/Unit/Lifecycle/OrderFulfilmentGuardTest.php
No syntax errors detected in ./tests/Unit/Lifecycle/DBAComplianceGuardTest.php
No syntax errors detected in ./tests/Unit/Lifecycle/ThreeWayMatchGuardTest.php
No syntax errors detected in ./tests/Unit/Lifecycle/FourEyesPaymentRunGuardTest.php
No syntax errors detected in ./tests/Unit/Lifecycle/VpbAangifteGuardTest.php
No syntax errors detected in ./tests/Unit/Lifecycle/FidoTreasuryGuardTest.php
No syntax errors detected in ./tests/Unit/Lifecycle/RetainerGuardTest.php
No syntax errors detected in ./tests/Unit/Lifecycle/PostingPathDeclarationsTest.php
No syntax errors detected in ./tests/Unit/Lifecycle/QuoteOrderInvoiceGuardStockTest.php
No syntax errors detected in ./tests/Unit/Lifecycle/IntercompanyTransactionGuardTest.php
No syntax errors detected in ./tests/Unit/Lifecycle/PeriodCloseGuardTrialBalanceTest.php
No syntax errors detected in ./tests/Unit/Lifecycle/EuFondsenGuardsTest.php
No syntax errors detected in ./tests/Unit/Lifecycle/PayrollGuardTest.php
No syntax errors detected in ./tests/Unit/Lifecycle/CsrdEsrsGuardTest.php
No syntax errors detected in ./tests/Unit/Lifecycle/RechtmatigheidGuardTest.php
No syntax errors detected in ./tests/Unit/Lifecycle/GLReversalGuardTest.php
No syntax errors detected in ./tests/Unit/Lifecycle/AnnualBudgetDefaultGuardTest.php
No syntax errors detected in ./tests/Unit/Lifecycle/SettlementGuardTest.php
No syntax errors detected in ./tests/Unit/Lifecycle/InvoiceFromBookingGuardTest.php
No syntax errors detected in ./tests/Unit/Lifecycle/VoluntaryDeclineGuardTest.php
No syntax errors detected in ./tests/Unit/Lifecycle/DunningGuardTest.php
No syntax errors detected in ./tests/Unit/Lifecycle/StatementParserTest.php
No syntax errors detected in ./tests/Unit/Lifecycle/CommitmentWorkflowTest.php
No syntax errors detected in ./tests/Unit/Lifecycle/SequenceTypeGuardTest.php
No syntax errors detected in ./tests/Unit/Lifecycle/InvoiceGuardTest.php
No syntax errors detected in ./tests/Unit/Lifecycle/ConsolidationGuardTest.php
No syntax errors detected in ./tests/Unit/Lifecycle/BalanceGuardTest.php
No syntax errors detected in ./tests/Unit/Lifecycle/ExpenseClaimGuardTest.php
No syntax errors detected in ./tests/Unit/Lifecycle/SubsidieVerantwoordingGuardTest.php
No syntax errors detected in ./tests/Unit/Lifecycle/LeaseContractGuardTest.php
No syntax errors detected in ./tests/Unit/Lifecycle/FiscalYearGuardTest.php
No syntax errors detected in ./tests/Unit/Lifecycle/Action/MaterialiseGlTransactionActionTest.php
No syntax errors detected in ./tests/Unit/Lifecycle/Action/EvaluateAllocationRulesActionTest.php
No syntax errors detected in ./tests/Unit/Lifecycle/Action/InMemoryObjectStore.php
No syntax errors detected in ./tests/Unit/Lifecycle/Action/AppendReopenHistoryActionTest.php
No syntax errors detected in ./tests/Unit/Lifecycle/ProvisionGuardTest.php
No syntax errors detected in ./tests/Unit/Lifecycle/StatementParserXxeTest.php
No syntax errors detected in ./tests/Unit/Sort/FefoSortTest.php
No syntax errors detected in ./tests/Unit/Util/TokenValidatorTest.php
No syntax errors detected in ./tests/Unit/Service/PurchaseOrderGovernanceGuardTest.php
No syntax errors detected in ./tests/Unit/Service/LandedCostAllocationServiceTest.php
No syntax errors detected in ./tests/Unit/Service/ProgrammabegrotingExporterTest.php
No syntax errors detected in ./tests/Unit/Service/LeaseTransitionWizardTest.php
No syntax errors detected in ./tests/Unit/Service/BookkeepingOperationsFragmentTest.php
No syntax errors detected in ./tests/Unit/Service/PayrollWkrHandoffServiceTest.php
No syntax errors detected in ./tests/Unit/Service/CarryForwardLossServiceTest.php
No syntax errors detected in ./tests/Unit/Service/StatementManifestServiceTest.php
No syntax errors detected in ./tests/Unit/Service/ProgrammabegrotingFragmentTest.php
No syntax errors detected in ./tests/Unit/Service/BookingNotificationTriggersFragmentTest.php
No syntax errors detected in ./tests/Unit/Service/AdministrationImportFragmentTest.php
No syntax errors detected in ./tests/Unit/Service/EmuReportingFragmentTest.php
No syntax errors detected in ./tests/Unit/Service/MigratedNotificationDialectFragmentTest.php
No syntax errors detected in ./tests/Unit/Service/BookingEmailTemplatesFragmentTest.php
No syntax errors detected in ./tests/Unit/Service/Signing/SigningDelegationServiceTest.php
No syntax errors detected in ./tests/Unit/Service/Signing/NoLocalSigningEngineGuardTest.php
No syntax errors detected in ./tests/Unit/Service/Signing/SignoffDecisionServiceTest.php
No syntax errors detected in ./tests/Unit/Service/VendorPerformanceAggregationIntegrationTest.php
No syntax errors detected in ./tests/Unit/Service/SkuGeneratorTest.php
No syntax errors detected in ./tests/Unit/Service/CogsPosterServiceTest.php
No syntax errors detected in ./tests/Unit/Service/TreasuryIhbFragmentTest.php
No syntax errors detected in ./tests/Unit/Service/BookingsConfirmFlowFragmentTest.php
No syntax errors detected in ./tests/Unit/Service/IntegralCostPriceLockServiceTest.php
No syntax errors detected in ./tests/Unit/Service/WbsoSnoAdministratieFragmentTest.php
No syntax errors detected in ./tests/Unit/Service/SepaAuditServiceTest.php
No syntax errors detected in ./tests/Unit/Service/BcfClaimFragmentTest.php
No syntax errors detected in ./tests/Unit/Service/BudgetVsActualsCalculatorTest.php
No syntax errors detected in ./tests/Unit/Service/WmoAuditLogServiceTest.php
No syntax errors detected in ./tests/Unit/Service/EinvoicingUblPeppolFragmentTest.php
No syntax errors detected in ./tests/Unit/Service/CcmRuleEngineTest.php
No syntax errors detected in ./tests/Unit/Service/UsageRatingCalculatorTest.php
No syntax errors detected in ./tests/Unit/Service/UrenNormDeterminationServiceTest.php
No syntax errors detected in ./tests/Unit/Service/ENSIABevindingGeneratorTest.php
No syntax errors detected in ./tests/Unit/Service/BIKStaffelCalculatorTest.php
No syntax errors detected in ./tests/Unit/Service/SchoolContributionsFragmentTest.php
No syntax errors detected in ./tests/Unit/Service/SuspenseAgeingServiceTest.php
No syntax errors detected in ./tests/Unit/Service/RevenueCutoffServiceTest.php
No syntax errors detected in ./tests/Unit/Service/WbsoDocumentServiceTest.php
No syntax errors detected in ./tests/Unit/Service/WidgetServiceTest.php
No syntax errors detected in ./tests/Unit/Service/PayrollFragmentTest.php
No syntax errors detected in ./tests/Unit/Service/SalesDispatchStockIssueServiceTest.php
No syntax errors detected in ./tests/Unit/Service/ExceptionResolutionServiceTest.php
No syntax errors detected in ./tests/Unit/Service/Sms/SmsOptOutPolicyTest.php
No syntax errors detected in ./tests/Unit/Service/Sms/SmsReminderDispatcherTest.php
No syntax errors detected in ./tests/Unit/Service/Sms/SmsTemplateRendererTest.php
No syntax errors detected in ./tests/Unit/Service/Sms/SmsPhoneNumberNormalizerTest.php
No syntax errors detected in ./tests/Unit/Service/Sms/LogSmsProviderAdapterTest.php
No syntax errors detected in ./tests/Unit/Service/AansluitingCalculatorTest.php
No syntax errors detected in ./tests/Unit/Service/ContributionRaiseServiceTest.php
No syntax errors detected in ./tests/Unit/Service/LeaseDecideskWebhookServiceTest.php
No syntax errors detected in ./tests/Unit/Service/BookingsCreateAppointmentFragmentTest.php
No syntax errors detected in ./tests/Unit/Service/InventoryMobileScannerServiceTest.php
No syntax errors detected in ./tests/Unit/Service/ComplianceServiceTest.php
No syntax errors detected in ./tests/Unit/Service/PurchaseOrderIntegrationTest.php
No syntax errors detected in ./tests/Unit/Service/LeaseReassessmentServiceTest.php
No syntax errors detected in ./tests/Unit/Service/IntercompanyMatchingServiceTest.php
No syntax errors detected in ./tests/Unit/Service/InvoicePdfGeneratorTest.php
No syntax errors detected in ./tests/Unit/Service/HrmqCostRateAdapterTest.php
No syntax errors detected in ./tests/Unit/Service/DisposalJournalEmitterTest.php
No syntax errors detected in ./tests/Unit/Service/CashflowPdfRendererTest.php
No syntax errors detected in ./tests/Unit/Service/BadoControleprotocolCalculatorTest.php
No syntax errors detected in ./tests/Unit/Service/GRIRClearingServiceTest.php
No syntax errors detected in ./tests/Unit/Service/IbAangifteZzpFragmentTest.php
No syntax errors detected in ./tests/Unit/Service/NrvWriteDownServiceTest.php
No syntax errors detected in ./tests/Unit/Service/AuditTrailIntegrationTest.php
No syntax errors detected in ./tests/Unit/Service/SubsidieVerantwoordingFragmentTest.php
No syntax errors detected in ./tests/Unit/Service/CbcrPillar2FragmentTest.php
No syntax errors detected in ./tests/Unit/Service/KapitaallastenCalculatorTest.php
No syntax errors detected in ./tests/Unit/Service/LeasePaymentScheduleServiceTest.php
No syntax errors detected in ./tests/Unit/Service/WbsoAccountServiceTest.php
No syntax errors detected in ./tests/Unit/Service/ApprovalActivityEmitterTest.php
No syntax errors detected in ./tests/Unit/Service/OssInvoiceRouterTest.php
No syntax errors detected in ./tests/Unit/Service/MultiCurrencyFragmentTest.php
No syntax errors detected in ./tests/Unit/Service/TrialBalanceFragmentTest.php
No syntax errors detected in ./tests/Unit/Service/SoftCloseExecutorTest.php
No syntax errors detected in ./tests/Unit/Service/SupplierInvoiceServiceTest.php
No syntax errors detected in ./tests/Unit/Service/FiscalYearContextServiceTest.php
No syntax errors detected in ./tests/Unit/Service/PayrollChartOfAccountsMappingTest.php
No syntax errors detected in ./tests/Unit/Service/NoShowFeeCaptureServiceTest.php
No syntax errors detected in ./tests/Unit/Service/DepreciationCalculatorTest.php
No syntax errors detected in ./tests/Unit/Service/OssRateResolverTest.php
No syntax errors detected in ./tests/Unit/Service/TaxNotificationServiceTest.php
No syntax errors detected in ./tests/Unit/Service/AppointmentConfirmationServiceTest.php
No syntax errors detected in ./tests/Unit/Service/KorThresholdCalculatorTest.php
No syntax errors detected in ./tests/Unit/Service/StandardsPolicyServiceTest.php
No syntax errors detected in ./tests/Unit/Service/BankRuleSuggestionServiceTest.php
No syntax errors detected in ./tests/Unit/Service/ENSIAVerklaringGeneratorTest.php
No syntax errors detected in ./tests/Unit/Service/UrenAlertServiceTest.php
No syntax errors detected in ./tests/Unit/Service/InventoryMobileScannerFragmentTest.php
No syntax errors detected in ./tests/Unit/Service/CycleCountServiceTest.php
No syntax errors detected in ./tests/Unit/Service/LeaseRecognitionServiceTest.php
No syntax errors detected in ./tests/Unit/Service/OssReturnFormatterTest.php
No syntax errors detected in ./tests/Unit/Service/ConfirmationMailerTest.php
No syntax errors detected in ./tests/Unit/Service/Ifrs16LeaseFragmentTest.php
No syntax errors detected in ./tests/Unit/Service/WidgetAuthServiceTest.php
No syntax errors detected in ./tests/Unit/Service/CashflowForecastFragmentTest.php
No syntax errors detected in ./tests/Unit/Service/MultiAdministratieFragmentTest.php
No syntax errors detected in ./tests/Unit/Service/BadoControleprotocolEndToEndTest.php
No syntax errors detected in ./tests/Unit/Service/RevenueRecognitionCalculatorTest.php
No syntax errors detected in ./tests/Unit/Service/UrenTallyServiceTest.php
No syntax errors detected in ./tests/Unit/Service/BudgetImpactEmitterTest.php
No syntax errors detected in ./tests/Unit/Service/ObligationTaskBridgeTest.php
No syntax errors detected in ./tests/Unit/Service/MilestoneTemplateServiceTest.php
No syntax errors detected in ./tests/Unit/Service/GrotendeelsCriteriumServiceTest.php
No syntax errors detected in ./tests/Unit/Service/InnovatieboxIntegrationTest.php
No syntax errors detected in ./tests/Unit/Service/InventoryValuationReportServiceTest.php
No syntax errors detected in ./tests/Unit/Service/IcpCalculatorTest.php
No syntax errors detected in ./tests/Unit/Service/Commitment/CommitmentMaterialisationServiceTest.php
No syntax errors detected in ./tests/Unit/Service/TrialBalancePerformanceTest.php
No syntax errors detected in ./tests/Unit/Service/TaxReportCalculatorTest.php
No syntax errors detected in ./tests/Unit/Service/WmoComplianceCalculatorTest.php
No syntax errors detected in ./tests/Unit/Service/ProductCatalogServiceTest.php
No syntax errors detected in ./tests/Unit/Service/RecurringInvoiceGeneratorTest.php
No syntax errors detected in ./tests/Unit/Service/AdministrationArchivalServiceLookupTest.php
No syntax errors detected in ./tests/Unit/Service/MarketGovernmentSeparationFragmentTest.php
No syntax errors detected in ./tests/Unit/Service/DropApiVerificationServiceTest.php
No syntax errors detected in ./tests/Unit/Service/QualifyingAssetValidatorTest.php
No syntax errors detected in ./tests/Unit/Service/SettingsServiceFixedAssetLinkTest.php
No syntax errors detected in ./tests/Unit/Service/BookingsCancellationRulesFragmentTest.php
No syntax errors detected in ./tests/Unit/Service/SubsidieVerantwoordingServiceTest.php
No syntax errors detected in ./tests/Unit/Service/ObjectPaymentRequestValidatorTest.php
No syntax errors detected in ./tests/Unit/Service/Extraction/ExtractionPrefillServiceTest.php
No syntax errors detected in ./tests/Unit/Service/Extraction/GlAccountSuggestionClientTest.php
No syntax errors detected in ./tests/Unit/Service/Extraction/DocudeskExtractionClientTest.php
No syntax errors detected in ./tests/Unit/Service/Extraction/ChartOfAccountsCandidateServiceTest.php
No syntax errors detected in ./tests/Unit/Service/GoodsReceiptNoteServiceTest.php
No syntax errors detected in ./tests/Unit/Service/CreditControlDunningFragmentTest.php
No syntax errors detected in ./tests/Unit/Service/WbsoAdministratieServiceTest.php
No syntax errors detected in ./tests/Unit/Service/FinancialSeriesCalculatorTest.php
No syntax errors detected in ./tests/Unit/Service/InvoiceFromTimeExpenseFragmentTest.php
No syntax errors detected in ./tests/Unit/Service/PeriodCloseAssistantServiceTest.php
No syntax errors detected in ./tests/Unit/Service/RequisitionServiceTest.php
No syntax errors detected in ./tests/Unit/Service/ConnectionReportServiceTest.php
No syntax errors detected in ./tests/Unit/Service/InventoryScanServiceTest.php
No syntax errors detected in ./tests/Unit/Service/Dunning/EvidenceRetentionEnforcerTest.php
No syntax errors detected in ./tests/Unit/Service/Dunning/DunningLetterComposerTest.php
No syntax errors detected in ./tests/Unit/Service/Dunning/VoluntaryReminderTemplateTest.php
No syntax errors detected in ./tests/Unit/Service/Dunning/DunningTemplateRegistryTest.php
No syntax errors detected in ./tests/Unit/Service/Dunning/CreditScoreServiceTest.php
No syntax errors detected in ./tests/Unit/Service/Dunning/VoluntaryContributionPolicyTest.php
No syntax errors detected in ./tests/Unit/Service/CsrdEsrsFragmentTest.php
No syntax errors detected in ./tests/Unit/Service/BadoSisaBijlageIIATest.php
No syntax errors detected in ./tests/Unit/Service/TrialBalanceTenancyIsolationTest.php
No syntax errors detected in ./tests/Unit/Service/ServiceReceiptServiceTest.php
No syntax errors detected in ./tests/Unit/Service/BadoControleprotocolFragmentTest.php
No syntax errors detected in ./tests/Unit/Service/InventoryGlAdjustmentPosterTest.php
No syntax errors detected in ./tests/Unit/Service/Import/AuditfileParserTest.php
No syntax errors detected in ./tests/Unit/Service/Import/ImportProfileTest.php
No syntax errors detected in ./tests/Unit/Service/Import/ImportPipelineServiceTest.php
No syntax errors detected in ./tests/Unit/Service/CommercialActivityReviewServiceTest.php
No syntax errors detected in ./tests/Unit/Service/CashflowAggregationLogicTest.php
No syntax errors detected in ./tests/Unit/Service/VendorPerformanceAggregationTest.php
No syntax errors detected in ./tests/Unit/Service/Treasury/TreasuryRateServiceTest.php
No syntax errors detected in ./tests/Unit/Service/Treasury/FxRevaluationServiceTest.php
No syntax errors detected in ./tests/Unit/Service/Treasury/TreasuryRateSnapshotTest.php
No syntax errors detected in ./tests/Unit/Service/Treasury/RealisedFxSettlementServiceTest.php
No syntax errors detected in ./tests/Unit/Service/IntegralCostPriceCalculatorTest.php
No syntax errors detected in ./tests/Unit/Service/KorMonitorServiceTest.php
No syntax errors detected in ./tests/Unit/Service/CashflowExportServiceTest.php
No syntax errors detected in ./tests/Unit/Service/PayrollApArHandoffServiceTest.php
No syntax errors detected in ./tests/Unit/Service/PaymentReconciliationServiceTest.php
No syntax errors detected in ./tests/Unit/Service/SisaReportingServiceTest.php
No syntax errors detected in ./tests/Unit/Service/PayrollServiceTest.php
No syntax errors detected in ./tests/Unit/Service/DemoDataServiceTest.php
No syntax errors detected in ./tests/Unit/Service/SupplierQualificationServiceTest.php
No syntax errors detected in ./tests/Unit/Service/OssFragmentTest.php
No syntax errors detected in ./tests/Unit/Service/OverdueVerantwoordingNotificationTest.php
No syntax errors detected in ./tests/Unit/Service/ConsolidationFragmentTest.php
No syntax errors detected in ./tests/Unit/Service/SubsidieOrderConsolidationMigratorTest.php
No syntax errors detected in ./tests/Unit/Service/RegisterFragmentMergeTest.php
No syntax errors detected in ./tests/Unit/Service/TrialBalanceServiceTest.php
No syntax errors detected in ./tests/Unit/Service/BookingSmsReminderChannelFragmentTest.php
No syntax errors detected in ./tests/Unit/Service/PaymentSettlementServiceTest.php
No syntax errors detected in ./tests/Unit/Service/LegesAtIntakeFragmentTest.php
No syntax errors detected in ./tests/Unit/Service/FinancialDashboardServiceTest.php
No syntax errors detected in ./tests/Unit/Service/IcpFragmentTest.php
No syntax errors detected in ./tests/Unit/Service/PayrollCalculatorTest.php
No syntax errors detected in ./tests/Unit/Service/BudgetProjectionCalculatorTest.php
No syntax errors detected in ./tests/Unit/Service/SlotServiceTest.php
No syntax errors detected in ./tests/Unit/Service/VatSuppletieDetectionServiceTest.php
No syntax errors detected in ./tests/Unit/Service/ContractCostRollupServiceTest.php
No syntax errors detected in ./tests/Unit/Service/BbvProgrammeBudgetCalculatorTest.php
No syntax errors detected in ./tests/Unit/Service/GRIRClearingIntegrationTest.php
No syntax errors detected in ./tests/Unit/Service/BudgetScenarioEvaluatorTest.php
No syntax errors detected in ./tests/Unit/Service/BookingNotificationServiceTest.php
No syntax errors detected in ./tests/Unit/Service/UrenPrognoseServiceTest.php
No syntax errors detected in ./tests/Unit/Service/VATCalculationServiceTest.php
No syntax errors detected in ./tests/Unit/Service/ListenerSchemaResolverTest.php
No syntax errors detected in ./tests/Unit/Service/DepositPaymentFragmentTest.php
No syntax errors detected in ./tests/Unit/Service/WbsoTransactionServiceTest.php
No syntax errors detected in ./tests/Unit/Service/InnovatieboxFragmentTest.php
No syntax errors detected in ./tests/Unit/Service/PayrollSbrConversionServiceTest.php
No syntax errors detected in ./tests/Unit/Service/Migration/BudgetSchemaSplitMigratorTest.php
No syntax errors detected in ./tests/Unit/Service/Migration/GlLineAdministrationBackfillMigratorTest.php
No syntax errors detected in ./tests/Unit/Service/Migration/GlLineFiscalYearBackfillMigratorTest.php
No syntax errors detected in ./tests/Unit/Service/KnownCostReaderTest.php
No syntax errors detected in ./tests/Unit/Service/AdministrationAuditTrailServiceTest.php
No syntax errors detected in ./tests/Unit/Service/BadoControleprotocolTenantTest.php
No syntax errors detected in ./tests/Unit/Service/RetainerBillingFragmentTest.php
No syntax errors detected in ./tests/Unit/Service/VpbMkbFragmentTest.php
No syntax errors detected in ./tests/Unit/Service/AansluitingServiceTest.php
No syntax errors detected in ./tests/Unit/Service/MultiPoConsolidationServiceTest.php
No syntax errors detected in ./tests/Unit/Service/ComplianceDeadlineCalendarServiceTest.php
No syntax errors detected in ./tests/Unit/Service/AcmReportGeneratorTest.php
No syntax errors detected in ./tests/Unit/Service/VoorzieningenClaimsFragmentTest.php
No syntax errors detected in ./tests/Unit/Service/ContributionInvoiceBuilderTest.php
No syntax errors detected in ./tests/Unit/Service/ENSIAXmlExporterTest.php
No syntax errors detected in ./tests/Unit/Service/CancellationServiceTest.php
No syntax errors detected in ./tests/Unit/Service/EuFondsenFragmentTest.php
No syntax errors detected in ./tests/Unit/Service/PayrollUpaHandoffServiceTest.php
No syntax errors detected in ./tests/Unit/Service/ConsolidationMappingServiceTest.php
No syntax errors detected in ./tests/Unit/Service/AccountantDashboardServiceTest.php
No syntax errors detected in ./tests/Unit/Service/TaxCalculationHelperTest.php
No syntax errors detected in ./tests/Unit/Service/BadoFindingEscalationTest.php
No syntax errors detected in ./tests/Unit/Service/GoodsReceiptNoteIntegrationTest.php
No syntax errors detected in ./tests/Unit/Service/InventoryCycleCountFragmentTest.php
No syntax errors detected in ./tests/Unit/Service/ZzpUrencriteriumTrackerFragmentTest.php
No syntax errors detected in ./tests/Unit/Service/PeriodCloseServiceEntityRowTest.php
No syntax errors detected in ./tests/Unit/Service/InvoiceGenerationServiceIdorTest.php
No syntax errors detected in ./tests/Unit/Service/BcfClaimServiceTest.php
No syntax errors detected in ./tests/Unit/Service/Support/OpenRegisterFaithfulObjectService.php
No syntax errors detected in ./tests/Unit/Service/Support/ObjectEntityStub.php
No syntax errors detected in ./tests/Unit/Service/Support/InMemoryObjectServiceStubTest.php
No syntax errors detected in ./tests/Unit/Service/Support/FakeKnownCostScheduleExpander.php
No syntax errors detected in ./tests/Unit/Service/Support/DuckObjectServiceAdapterTest.php
No syntax errors detected in ./tests/Unit/Service/Support/DuckObjectServiceAdapter.php
No syntax errors detected in ./tests/Unit/Service/Support/RacingDefaultObjectServiceDecorator.php
No syntax errors detected in ./tests/Unit/Service/Support/InMemoryObjectServiceStub.php
No syntax errors detected in ./tests/Unit/Service/Support/ObjectServiceDoublesDeclareRawPairTest.php
No syntax errors detected in ./tests/Unit/Service/Support/FilteredObjectServiceStub.php
No syntax errors detected in ./tests/Unit/Service/Support/KnownCostFixtureObjectServiceStub.php
No syntax errors detected in ./tests/Unit/Service/Support/CallCountingObjectServiceDecorator.php
No syntax errors detected in ./tests/Unit/Service/FifoValuationServiceTest.php
No syntax errors detected in ./tests/Unit/Service/FidoTreasuryFragmentTest.php
No syntax errors detected in ./tests/Unit/Service/RequisitionConversionServiceTest.php
No syntax errors detected in ./tests/Unit/Service/KorFragmentTest.php
No syntax errors detected in ./tests/Unit/Service/BudgetProjectionReaderTest.php
No syntax errors detected in ./tests/Unit/Service/PipelinqCustomerBridge01FragmentTest.php
No syntax errors detected in ./tests/Unit/Service/PeriodCloseServiceTest.php
No syntax errors detected in ./tests/Unit/Service/LeaseAmortizationCalculatorTest.php
No syntax errors detected in ./tests/Unit/Service/InnovatieboxSbrExportServiceTest.php
No syntax errors detected in ./tests/Unit/Service/GrConsolidationFragmentTest.php
No syntax errors detected in ./tests/Unit/Service/ReconciliationResolutionServiceTest.php
No syntax errors detected in ./tests/Unit/Service/CcmRuleEngineFragmentTest.php
No syntax errors detected in ./tests/Unit/Service/ExpenseReimbursementOrPassthroughFragmentTest.php
No syntax errors detected in ./tests/Unit/Service/BudgetChartSeriesServiceTest.php
No syntax errors detected in ./tests/Unit/Service/WmoJaarrekeningBijlageServiceTest.php
No syntax errors detected in ./tests/Unit/Service/BankRulePreviewServiceTest.php
No syntax errors detected in ./tests/Unit/Service/SpendAnalyticsServiceTest.php
No syntax errors detected in ./tests/Unit/Service/Payment/MolliePaymentProviderTest.php
No syntax errors detected in ./tests/Unit/Service/Payment/PortalPaymentSessionServiceTest.php
No syntax errors detected in ./tests/Unit/Service/IcpFilingServiceTest.php
No syntax errors detected in ./tests/Unit/Service/DunningRunServiceTest.php
No syntax errors detected in ./tests/Unit/Service/BudgetGridReaderTest.php
No syntax errors detected in ./tests/Unit/Service/QuoteOrderInvoiceFragmentTest.php
No syntax errors detected in ./tests/Unit/Service/ShillinqNotificationsFragmentTest.php
No syntax errors detected in ./tests/Unit/Service/DepositReconciliationServiceTest.php
No syntax errors detected in ./tests/Unit/Service/VsoLockingValidatorTest.php
No syntax errors detected in ./tests/Unit/Service/FluxServiceTest.php
No syntax errors detected in ./tests/Unit/Service/LegesIntakeStepServiceTest.php
No syntax errors detected in ./tests/Unit/Service/AdministrationContextServiceTest.php
No syntax errors detected in ./tests/Unit/Service/ArPaymentLinksFragmentTest.php
No syntax errors detected in ./tests/Unit/Service/ENSIAQuestionSetLoaderTest.php
No syntax errors detected in ./tests/Unit/Service/Peppol/LogPeppolTransmissionAdapterTest.php
No syntax errors detected in ./tests/Unit/Service/DoorsnijdingsVerbodValidatorTest.php
No syntax errors detected in ./tests/Unit/Service/MovingAverageValuationServiceTest.php
No syntax errors detected in ./tests/Unit/Service/DualGaapFragmentTest.php
No syntax errors detected in ./tests/Unit/Service/PensionIas19FragmentTest.php
No syntax errors detected in ./tests/Unit/Service/OssReturnGeneratorTest.php
No syntax errors detected in ./tests/Unit/Service/SoftCloseFluxFragmentTest.php
No syntax errors detected in ./tests/Unit/Service/BudgetProjectionServiceTest.php
No syntax errors detected in ./tests/Unit/Service/CBSExportServiceTest.php
No syntax errors detected in ./tests/Unit/Service/AdministrationArchivalServiceTest.php
No syntax errors detected in ./tests/Unit/Service/ProvinciesBbvFragmentTest.php
No syntax errors detected in ./tests/Unit/Service/ContractLifecycleFragmentTest.php
No syntax errors detected in ./tests/Unit/Service/PayrollJaaropgaveServiceTest.php
No syntax errors detected in ./tests/Unit/Service/ContributionDebtorResolverTest.php
No syntax errors detected in ./tests/Unit/Service/MeteredInvoiceGenerationTest.php
No syntax errors detected in ./tests/Unit/Service/InvoiceDeduplicationServiceTest.php
No syntax errors detected in ./tests/Unit/Service/PayrollDetacheringFragmentTest.php
No syntax errors detected in ./tests/Unit/Service/SubjectCostAggregatorTest.php
No syntax errors detected in ./tests/Unit/Service/InnovatieboxAuditEventLoggerTest.php
No syntax errors detected in ./tests/Unit/Service/EInvoice/ArInvoiceUblMapperTest.php
No syntax errors detected in ./tests/Unit/Service/EInvoice/EInvoiceServiceTest.php
No syntax errors detected in ./tests/Unit/Service/EInvoice/EInvoiceValidationServiceTest.php
No syntax errors detected in ./tests/Unit/Service/PaymentRequestPortalScopeTest.php
No syntax errors detected in ./tests/Unit/Service/IntercompanyMatchingPerformanceTest.php
No syntax errors detected in ./tests/Unit/Service/PeriodCloseFragmentTest.php
No syntax errors detected in ./tests/Unit/Service/SepaDirectDebitFragmentTest.php
No syntax errors detected in ./tests/Unit/Service/ArInvoiceIcpPdfRendererTest.php
No syntax errors detected in ./tests/Unit/Service/AdministrationMigrationServiceTest.php
No syntax errors detected in ./tests/Unit/Service/BudgetGridCalculatorTest.php
No syntax errors detected in ./tests/Unit/Service/ConflictDetectionServiceTest.php
No syntax errors detected in ./tests/Unit/Service/BudgetVsActualsReaderTest.php
No syntax errors detected in ./tests/Unit/Service/BcfCompensationCalculatorTest.php
No syntax errors detected in ./tests/Unit/Service/WbsoRbacResolverTest.php
No syntax errors detected in ./tests/Unit/Service/BillingModelEngineTest.php
No syntax errors detected in ./tests/Unit/Service/IntercompanyJournalServiceTest.php
No syntax errors detected in ./tests/Unit/Service/ToleranceProfileServiceTest.php
No syntax errors detected in ./tests/Unit/Service/TaxReportServiceTest.php
No syntax errors detected in ./tests/Unit/Service/TrialBalanceCalculatorTest.php
No syntax errors detected in ./tests/Unit/Service/InMemoryObjectService.php
No syntax errors detected in ./tests/Unit/Service/PaymentRequestFinderTest.php
No syntax errors detected in ./tests/Unit/Service/SubjectCostServiceTest.php
No syntax errors detected in ./tests/Unit/Service/External/Mollie/LogMolliePaymentAdapterTest.php
No syntax errors detected in ./tests/Unit/Service/SluitendCalculatorTest.php
No syntax errors detected in ./tests/Unit/Service/RevenueContractRenameMigratorTest.php
No syntax errors detected in ./tests/Unit/Service/VatBtwFilingFragmentTest.php
No syntax errors detected in ./tests/Unit/Service/IntercompanyMatchingCalculatorTest.php
No syntax errors detected in ./tests/Unit/Service/VATReturnServiceEntityReturnTest.php
No syntax errors detected in ./tests/Unit/Service/BankfeedMatcherTest.php
No syntax errors detected in ./tests/Unit/Service/ActivityCostAllocationSplitterTest.php
No syntax errors detected in ./tests/Unit/Service/KnownCostScheduleExpanderTest.php
No syntax errors detected in ./tests/Unit/Service/CommitmentAccountingFragmentTest.php
No syntax errors detected in ./tests/Unit/Service/FeeScheduleServiceTest.php
No syntax errors detected in ./tests/Unit/Service/Pipelinq/PipelinqTimelineAuthHandlingTest.php
No syntax errors detected in ./tests/Unit/Service/Pipelinq/LoggingPipelinqAdminNotifierTest.php
No syntax errors detected in ./tests/Unit/Service/Pipelinq/PipelinqContactReadTest.php
No syntax errors detected in ./tests/Unit/Service/Pipelinq/PipelinqTimelinePublishTest.php
No syntax errors detected in ./tests/Unit/Service/Pipelinq/PersistentTimelineRetryQueueTest.php
No syntax errors detected in ./tests/Unit/Service/Pipelinq/PipelinqKlantbeeldTest.php
No syntax errors detected in ./tests/Unit/Service/Pipelinq/CustomerBridgeMetricsServiceTest.php
No syntax errors detected in ./tests/Unit/Service/Pipelinq/TimelineEventDtoTest.php
No syntax errors detected in ./tests/Unit/Service/Pipelinq/PipelinqContactAdapterTest.php
No syntax errors detected in ./tests/Unit/Service/Pipelinq/KlantbeeldResultTest.php
No syntax errors detected in ./tests/Unit/Service/Pipelinq/CircuitBreakerTest.php
No syntax errors detected in ./tests/Unit/Service/Pipelinq/PipelinqConfigTest.php
No syntax errors detected in ./tests/Unit/Service/EmuReportingServiceTest.php
No syntax errors detected in ./tests/Unit/Service/Ifrs15RevenueFragmentTest.php
No syntax errors detected in ./tests/Unit/Service/BbvMigration/RgsAccountMapperTest.php
No syntax errors detected in ./tests/Unit/Service/IcsServiceTest.php
No syntax errors detected in ./tests/Unit/Service/SettingsServiceSeedVisibilityTest.php
No syntax errors detected in ./tests/Unit/Service/BudgetScenarioReaderTest.php
No syntax errors detected in ./tests/Unit/Service/PayrollLivLkvHandoffServiceTest.php
No syntax errors detected in ./tests/Unit/Service/SettingsServiceTest.php
No syntax errors detected in ./tests/Unit/Service/AbbLifecycleServiceTest.php
No syntax errors detected in ./tests/Unit/Service/LeaseAuditPackGeneratorTest.php
No syntax errors detected in ./tests/Unit/Service/VATReturnServiceTest.php
No syntax errors detected in ./tests/Unit/Service/RateCardResolverTest.php
No syntax errors detected in ./tests/Unit/Service/CrossSubsidyDetectorTest.php
No syntax errors detected in ./tests/Unit/Service/ProfitAttributionServiceTest.php
No syntax errors detected in ./tests/Unit/Service/BudgetScenarioDefaultPromoterTest.php
No syntax errors detected in ./tests/Unit/Service/RecurringSeriesServiceTest.php
No syntax errors detected in ./tests/Unit/Service/PurchaseOrderServiceTest.php
No syntax errors detected in ./tests/Unit/Service/ThreeWayMatchingEngineTest.php
No syntax errors detected in ./tests/Unit/Service/AuditExportServiceTest.php
No syntax errors detected in ./tests/Unit/Service/TimezoneResolverTest.php
No syntax errors detected in ./tests/Unit/Service/PurchaseOrderApprovalServiceTest.php
No syntax errors detected in ./tests/Unit/Service/TaxPaymentReconciliationServiceTest.php
No syntax errors detected in ./tests/Unit/Service/IcpServiceTest.php
No syntax errors detected in ./tests/Unit/Service/OssPaymentReconciliationTest.php
No syntax errors detected in ./tests/Unit/Service/BegrotingswijzigingStackerTest.php
No syntax errors detected in ./tests/Unit/Service/NexusCalculationServiceTest.php
No syntax errors detected in ./tests/Unit/Service/BbvProgrammeBudgetServiceTest.php
No syntax errors detected in ./tests/Unit/Service/BbvSeedServiceTest.php
No syntax errors detected in ./tests/Unit/Service/KnownCostBudgetWriterTest.php
No syntax errors detected in ./tests/Unit/Service/PeriodCloseExceptionTest.php
No syntax errors detected in ./tests/Unit/Service/LeaseDisclosureServiceTest.php
No syntax errors detected in ./tests/Unit/Service/PaymentRevenueAccountResolverTest.php
No syntax errors detected in ./tests/Unit/Service/PurchaseOrderPeppolTransmissionTest.php
No syntax errors detected in ./tests/Unit/Service/RetainerResolverTest.php
No syntax errors detected in ./tests/Unit/Service/CycleCountServiceExtractIdTest.php
No syntax errors detected in ./tests/Unit/Service/TimeIntakeServiceTest.php
No syntax errors detected in ./tests/Unit/Service/DeferredTaxFragmentTest.php
No syntax errors detected in ./tests/Unit/Service/Booking/TimezoneResolverTest.php
No syntax errors detected in ./tests/Unit/Service/Booking/TransactionalGuardTest.php
No syntax errors detected in ./tests/Unit/Service/ProgrammaAggregatorTest.php
No syntax errors detected in ./tests/Unit/Service/ContributionDeclineServiceTest.php
No syntax errors detected in ./tests/Unit/Service/ViesServiceTest.php
No syntax errors detected in ./tests/Unit/Validation/JournalEntrySchemaTest.php
No syntax errors detected in ./tests/Unit/Validation/AnnualReportSchemaTest.php
No syntax errors detected in ./tests/Unit/Validation/PhotoValidatorTest.php
No syntax errors detected in ./tests/Unit/Validation/JournalManifestPagesTest.php
No syntax errors detected in ./tests/Unit/Validation/IbanValidatorTest.php
No syntax errors detected in ./tests/Unit/Validation/Titel9SeedsTest.php
No syntax errors detected in ./tests/Unit/Validation/BsnValidatorTest.php
No syntax errors detected in ./tests/Unit/Validation/BankReconciliationSchemaTest.php
No syntax errors detected in ./tests/Unit/Listener/GRIRClearingListenerTest.php
No syntax errors detected in ./tests/Unit/Listener/PeppolDeliveryStatusListenerTest.php
No syntax errors detected in ./tests/Unit/Listener/DeepLinkRegistrationListenerTest.php
No syntax errors detected in ./tests/Unit/Listener/TenderNedAwardDetectedListenerTest.php
No syntax errors detected in ./tests/Unit/Listener/LeaseActivationListenerTest.php
No syntax errors detected in ./tests/Unit/Listener/OrderFulfilmentTransitionListenerTest.php
No syntax errors detected in ./tests/Unit/Listener/PosStockDecrementListenerTest.php
No syntax errors detected in ./tests/Unit/Listener/BookingCreatedTimelinePublishListenerTest.php
No syntax errors detected in ./tests/Unit/Listener/CommitmentTransitionListenerTest.php
No syntax errors detected in ./tests/Unit/Listener/CommitmentMaterialisationListenerTest.php
No syntax errors detected in ./tests/Unit/Listener/BookingLifecycleTransitionListenerTest.php
No syntax errors detected in ./tests/Unit/Listener/IntegriqCloudEventListenerTest.php
No syntax errors detected in ./tests/Unit/Listener/FeeScheduleValidationListenerTest.php
No syntax errors detected in ./tests/Unit/Listener/OrderFulfilmentEvidenceListenerTest.php
No syntax errors detected in ./tests/Unit/Listener/IntercompanyLinkListenerTest.php
No syntax errors detected in ./tests/Unit/Listener/OssPaymentReconciliationListenerTest.php
No syntax errors detected in ./tests/Unit/Listener/AnnualReportSignoffRequestListenerTest.php
No syntax errors detected in ./tests/Unit/Listener/BookingEventListenerTest.php
No syntax errors detected in ./tests/Unit/Listener/FixedAssetDisposalListenerTest.php
No syntax errors detected in ./tests/Unit/Listener/ExtractionCompletedListenerTest.php
No syntax errors detected in ./tests/Unit/Listener/DeliveryDispatchListenerTest.php
No syntax errors detected in ./tests/Unit/Listener/SignoffDecisionConcludedListenerTest.php
No syntax errors detected in ./tests/Unit/Listener/InnovatieboxAuditTrailListenerTest.php
No syntax errors detected in ./tests/Unit/Listener/ACMReportSignTransitionListenerTest.php
No syntax errors detected in ./tests/Unit/Register/BillingPayloadDeclaredFieldsTest.php
No syntax errors detected in ./tests/Unit/Support/DateWindowTest.php
No syntax errors detected in ./tests/Unit/Support/FleetAppIdTest.php
No syntax errors detected in ./tests/Unit/Support/RegisterSlugPinTest.php
No syntax errors detected in ./tests/Unit/Command/OrdersAuditCommandTest.php
No syntax errors detected in ./tests/Unit/Command/ReferencesAuditCommandTest.php
No syntax errors detected in ./tests/Unit/Fixtures/WbsoAccountFixtures.php
No syntax errors detected in ./tests/Unit/Fixtures/WidgetFixtures.php
No syntax errors detected in ./tests/Unit/Fixtures/EffectiveRegisterFixture.php
No syntax errors detected in ./tests/Unit/Fixtures/WbsoTransactionFixtures.php
No syntax errors detected in ./tests/Unit/Fixtures/WbsoDocumentFixtures.php
No syntax errors detected in ./tests/Unit/Recognition/RevenueRecognitionServiceTest.php
No syntax errors detected in ./tests/Unit/Guard/OssPaymentGuardTest.php
No syntax errors detected in ./tests/Unit/Guard/VatSubmissionGuardTest.php
No syntax errors detected in ./tests/Unit/Guard/Iv3XmlValidationGuardTest.php
No syntax errors detected in ./tests/Unit/Guard/SubsidieRepaymentGuardTest.php
No syntax errors detected in ./tests/Unit/Guard/LocationHierarchyGuardTest.php
No syntax errors detected in ./tests/Unit/Guard/EmuCalculatorTest.php
No syntax errors detected in ./tests/Unit/Guard/StatementVerifyGuardVarianceTest.php
No syntax errors detected in ./tests/Unit/Guard/KorThresholdGuardTest.php
No syntax errors detected in ./tests/Unit/Guard/BcfSubmissionGuardTest.php
No syntax errors detected in ./tests/Unit/Guard/UrenDagregistratieGuardTest.php
No syntax errors detected in ./tests/Unit/Guard/BbvComplianceGuardTest.php
No syntax errors detected in ./tests/Unit/Guard/CashflowRecurringGuardTest.php
No syntax errors detected in ./tests/Unit/Guard/KiaSchalenLookupTest.php
No syntax errors detected in ./tests/Unit/Guard/OssThresholdGuardTest.php
No syntax errors detected in ./tests/Unit/Guard/IbFiscalAdjustmentGuardTest.php
No syntax errors detected in ./tests/Unit/Guard/InventoryScanGuardTest.php
No syntax errors detected in ./tests/Unit/Guard/OssLedgerGuardTest.php
No syntax errors detected in ./tests/Unit/Guard/IbBijtellingGuardTest.php
No syntax errors detected in ./tests/Unit/Guard/IntercompanyEliminationGuardTest.php
No syntax errors detected in ./tests/Unit/Guard/InvesteringsaftrekEligibilityGuardTest.php
No syntax errors detected in ./tests/Unit/Guard/CreditLimitGuardTest.php
No syntax errors detected in ./tests/Unit/Guard/Iv3SubmissionGuardTest.php
No syntax errors detected in ./tests/Unit/Guard/EmuSubmissionGuardTest.php
No syntax errors detected in ./tests/Unit/Guard/AccountBalanceGuardTest.php
No syntax errors detected in ./tests/Unit/Guard/BankReconciliationGuardTest.php
No syntax errors detected in ./tests/Unit/Guard/AppointmentGuardTest.php
No syntax errors detected in ./tests/Unit/Guard/BudgetScenarioModifierGuardTest.php
No syntax errors detected in ./tests/Unit/Guard/KorLockoutGuardTest.php
No syntax errors detected in ./tests/Unit/Guard/ProgrammaLinkGuardTest.php
No syntax errors detected in ./tests/Unit/Guard/ProjectCloseGuardTest.php
No syntax errors detected in ./tests/Unit/Guard/ProjectActivationGuardTest.php
No syntax errors detected in ./tests/Unit/Guard/RetentionGuardTest.php
No syntax errors detected in ./tests/Unit/Guard/ProjectTransitionGuardTest.php
No syntax errors detected in ./tests/Unit/Guard/UrencriteriumYearGuardTest.php
No syntax errors detected in ./tests/Unit/Guard/RateScheduleOverlapGuardTest.php
No syntax errors detected in ./tests/Unit/Guard/JournalVoidGuardTest.php
No syntax errors detected in ./tests/Unit/Guard/UrencriteriumGuardTest.php
No syntax errors detected in ./tests/Unit/Portal/PortalContributionProviderTest.php
No syntax errors detected in ./tests/Unit/Portal/PortalAssertionVerifierTest.php
No syntax errors detected in ./tests/Unit/Portal/PortalSubjectResolverTest.php
No syntax errors detected in ./tests/Unit/Standards/ComplianceCatalogueTest.php
No syntax errors detected in ./tests/Unit/Standards/RuleCatalogueTest.php
No syntax errors detected in ./tests/Unit/Standards/RuleEngineTest.php
No syntax errors detected in ./tests/Unit/Notification/RoleFallbackResolverTest.php
No syntax errors detected in ./tests/Unit/Notification/EInvoiceNotifierTest.php
No syntax errors detected in ./tests/Unit/Request/InvoiceGenerationRequestTest.php
No syntax errors detected in ./tests/Unit/Settings/BookingsConfirmFlowFragmentTest.php
No syntax errors detected in ./tests/Unit/Settings/OrderPrimitiveSchemaTest.php
No syntax errors detected in ./tests/Unit/Settings/CommitmentApprovalChainFragmentTest.php
No syntax errors detected in ./tests/Unit/Settings/AansluitingenFragmentTest.php
No syntax errors detected in ./tests/Unit/Settings/SubsidieOrderConsolidationSchemaTest.php
No syntax errors detected in ./tests/Unit/Settings/MultiCurrencyT4FragmentTest.php
No syntax errors detected in ./tests/Unit/Settings/BbvTaakveldTranslationTest.php
No syntax errors detected in ./tests/Unit/Settings/RechtmatigheidFragmentTest.php
No syntax errors detected in ./tests/Unit/Settings/CostCentersDimensionsFragmentTest.php
No syntax errors detected in ./tests/Unit/Settings/UrenDomainSubjectLinkTest.php
No syntax errors detected in ./tests/Unit/Settings/ProcurementGovernanceFragmentTest.php
No syntax errors detected in ./tests/Unit/Settings/PurchaseRequisitionFragmentTest.php
No syntax errors detected in ./tests/Unit/Settings/BtwSuppletieDetectionFragmentTest.php
No syntax errors detected in ./tests/Unit/Settings/RegisterLifecycleGuardsResolveTest.php
No syntax errors detected in ./tests/Unit/Settings/ConnectionsDeclarationTest.php
No syntax errors detected in ./templates/settings/admin.php
No syntax errors detected in ./templates/index.php
No syntax errors detected in ./scripts/coverage-guard.php
No syntax errors detected in ./appinfo/routes.php
No syntax errors detected in ./lib/BackgroundJob/AdministrationBackupSchedulerJob.php
No syntax errors detected in ./lib/BackgroundJob/EmuQuarterlyDraftJob.php
No syntax errors detected in ./lib/BackgroundJob/ViesOutageRetryJob.php
No syntax errors detected in ./lib/BackgroundJob/FxRateImportJob.php
No syntax errors detected in ./lib/BackgroundJob/PipelinqTimelineRetryJob.php
No syntax errors detected in ./lib/BackgroundJob/DBAFlagGenerationJob.php
No syntax errors detected in ./lib/BackgroundJob/ConnectionReportJob.php
No syntax errors detected in ./lib/BackgroundJob/BookingReminderJob.php
No syntax errors detected in ./lib/BackgroundJob/DBAPortfolioAggregationJob.php
No syntax errors detected in ./lib/BackgroundJob/ContractCostRollupJob.php
No syntax errors detected in ./lib/BackgroundJob/DeadlineReminderJob.php
No syntax errors detected in ./lib/BackgroundJob/VendorPerformanceAggregationJob.php
No syntax errors detected in ./lib/BackgroundJob/CalibrationBatchJob.php
No syntax errors detected in ./lib/BackgroundJob/TaxDeadlineReminderJob.php
No syntax errors detected in ./lib/BackgroundJob/TenderNedAwardPromotionJob.php
No syntax errors detected in ./lib/BackgroundJob/LotExpiryAlertJob.php
No syntax errors detected in ./lib/BackgroundJob/CancelUnconfirmedAppointments.php
No syntax errors detected in ./lib/BackgroundJob/CrisisModeRefreshJob.php
No syntax errors detected in ./lib/BackgroundJob/BankfeedReconciliationJob.php
No syntax errors detected in ./lib/BackgroundJob/DocumentArchiveCron.php
No syntax errors detected in ./lib/BackgroundJob/MandateDormancyExpiryJob.php
No syntax errors detected in ./lib/BackgroundJob/SoftCloseJob.php
No syntax errors detected in ./lib/BackgroundJob/HorizonRollingJob.php
No syntax errors detected in ./lib/Controller/VATDeclarationController.php
No syntax errors detected in ./lib/Controller/SupplierInvoiceImportController.php
No syntax errors detected in ./lib/Controller/BudgetGridController.php
No syntax errors detected in ./lib/Controller/NotificationController.php
No syntax errors detected in ./lib/Controller/LeaseReassessmentController.php
No syntax errors detected in ./lib/Controller/CBSSubmissionController.php
No syntax errors detected in ./lib/Controller/DepositWebhookController.php
No syntax errors detected in ./lib/Controller/AansluitingController.php
No syntax errors detected in ./lib/Controller/ExtractionRequestController.php
No syntax errors detected in ./lib/Controller/SettingsController.php
No syntax errors detected in ./lib/Controller/BarcodeLookupController.php
No syntax errors detected in ./lib/Controller/ContributionController.php
No syntax errors detected in ./lib/Controller/BookingDetailController.php
No syntax errors detected in ./lib/Controller/TimelineDeadLetterController.php
No syntax errors detected in ./lib/Controller/AccountantPortalController.php
No syntax errors detected in ./lib/Controller/PurchaseOrderApprovalController.php
No syntax errors detected in ./lib/Controller/WbsoTransactionApiController.php
No syntax errors detected in ./lib/Controller/VATReturnController.php
No syntax errors detected in ./lib/Controller/SepaAuditController.php
No syntax errors detected in ./lib/Controller/FxRateAdminController.php
No syntax errors detected in ./lib/Controller/BcfClaimController.php
No syntax errors detected in ./lib/Controller/CalendarController.php
No syntax errors detected in ./lib/Controller/PortalContributionDeclineController.php
No syntax errors detected in ./lib/Controller/PaymentRequestWebhookController.php
No syntax errors detected in ./lib/Controller/BankRuleController.php
No syntax errors detected in ./lib/Controller/IcpController.php
No syntax errors detected in ./lib/Controller/InventoryValuationReportController.php
No syntax errors detected in ./lib/Controller/CashflowExportController.php
No syntax errors detected in ./lib/Controller/BookingNotificationController.php
No syntax errors detected in ./lib/Controller/MultiPoConsolidationController.php
No syntax errors detected in ./lib/Controller/BudgetBBVMappingController.php
No syntax errors detected in ./lib/Controller/PayrollWebhookController.php
No syntax errors detected in ./lib/Controller/LeaseController.php
No syntax errors detected in ./lib/Controller/ReconciliationResolutionController.php
No syntax errors detected in ./lib/Controller/RecognitionController.php
No syntax errors detected in ./lib/Controller/ReportingController.php
No syntax errors detected in ./lib/Controller/SubjectCostController.php
No syntax errors detected in ./lib/Controller/PreferencesController.php
No syntax errors detected in ./lib/Controller/RevenueController.php
No syntax errors detected in ./lib/Controller/WidgetSettingsController.php
No syntax errors detected in ./lib/Controller/OssController.php
No syntax errors detected in ./lib/Controller/ComplianceExportController.php
No syntax errors detected in ./lib/Controller/PurchaseOrderController.php
No syntax errors detected in ./lib/Controller/BBVDashboardController.php
No syntax errors detected in ./lib/Controller/ThreeWayMatchAuditController.php
No syntax errors detected in ./lib/Controller/KorController.php
No syntax errors detected in ./lib/Controller/TaxReportController.php
No syntax errors detected in ./lib/Controller/FinancialDashboardController.php
No syntax errors detected in ./lib/Controller/ThreeWayMatchExceptionController.php
No syntax errors detected in ./lib/Controller/WidgetApiController.php
No syntax errors detected in ./lib/Controller/ConfirmationApiController.php
No syntax errors detected in ./lib/Controller/InventoryMobileScannerController.php
No syntax errors detected in ./lib/Controller/StockLedgerController.php
No syntax errors detected in ./lib/Controller/PayrollController.php
No syntax errors detected in ./lib/Controller/DBAController.php
No syntax errors detected in ./lib/Controller/InventoryScanController.php
No syntax errors detected in ./lib/Controller/WbsoAccountApiController.php
No syntax errors detected in ./lib/Controller/RequisitionController.php
No syntax errors detected in ./lib/Controller/GRIRReconciliationController.php
No syntax errors detected in ./lib/Controller/BadoControleprotocolController.php
No syntax errors detected in ./lib/Controller/PeriodCloseController.php
No syntax errors detected in ./lib/Controller/WbsoDocumentApiController.php
No syntax errors detected in ./lib/Controller/WbsoAdministratieController.php
No syntax errors detected in ./lib/Controller/TaxPaymentController.php
No syntax errors detected in ./lib/Controller/PaymentRequestActionController.php
No syntax errors detected in ./lib/Controller/GoodsReceiptNoteController.php
No syntax errors detected in ./lib/Controller/InventoryAdjustmentController.php
No syntax errors detected in ./lib/Controller/BudgetChartsController.php
No syntax errors detected in ./lib/Controller/AdministrationExportController.php
No syntax errors detected in ./lib/Controller/ApiFallbackController.php
No syntax errors detected in ./lib/Controller/BankStatementImportController.php
No syntax errors detected in ./lib/Controller/ThreeWayMatchController.php
No syntax errors detected in ./lib/Controller/ARInvoiceEInvoiceController.php
No syntax errors detected in ./lib/Controller/SoftCloseController.php
No syntax errors detected in ./lib/Controller/PaymentRunController.php
No syntax errors detected in ./lib/Controller/ProductCatalogController.php
No syntax errors detected in ./lib/Controller/BudgetScenarioController.php
No syntax errors detected in ./lib/Controller/SpendAnalyticsController.php
No syntax errors detected in ./lib/Controller/SetupController.php
No syntax errors detected in ./lib/Controller/DeadlineCalendarSettingsController.php
No syntax errors detected in ./lib/Controller/PortalPaymentInitiationController.php
No syntax errors detected in ./lib/Controller/InnovatieboxController.php
No syntax errors detected in ./lib/Controller/BbvProgrammeBudgetController.php
No syntax errors detected in ./lib/Controller/ServiceReceiptController.php
No syntax errors detected in ./lib/Controller/PipelinqSettingsController.php
No syntax errors detected in ./lib/Controller/BillingIntakeController.php
No syntax errors detected in ./lib/Controller/VATLineController.php
No syntax errors detected in ./lib/Controller/AdministrationController.php
No syntax errors detected in ./lib/Controller/DunningController.php
No syntax errors detected in ./lib/Controller/TrialBalanceController.php
No syntax errors detected in ./lib/Controller/BookingDepthController.php
No syntax errors detected in ./lib/Controller/ProgrammabegrotingController.php
No syntax errors detected in ./lib/Controller/InvoiceApiController.php
No syntax errors detected in ./lib/Repair/InitializeSettings.php
No syntax errors detected in ./lib/Repair/BackfillPaymentRequestCustomer.php
No syntax errors detected in ./lib/Repair/BackfillArInvoiceProvenance.php
No syntax errors detected in ./lib/Repair/UnifyAnalyticalDimensions.php
No syntax errors detected in ./lib/Repair/ValueMigrationPort.php
No syntax errors detected in ./lib/Repair/MigrateProductVendorMasterToPipelinq.php
No syntax errors detected in ./lib/Repair/RetireCostProjectStep.php
No syntax errors detected in ./lib/Repair/RenameDutchColumnsMap.php
No syntax errors detected in ./lib/Repair/InitializeBbvAdministration.php
No syntax errors detected in ./lib/Repair/DbValueMigrationPort.php
No syntax errors detected in ./lib/Repair/RenameDutchColumns.php
No syntax errors detected in ./lib/Repair/FoldDunningWriteoffIntoArInvoice.php
No syntax errors detected in ./lib/Repair/RematerialiseConvertedCalculations.php
No syntax errors detected in ./lib/Repair/LoadCbsSeedsStep.php
No syntax errors detected in ./lib/Repair/BackfillFiscalPeriods.php
No syntax errors detected in ./lib/Repair/LoadDbaSeedsStep.php
No syntax errors detected in ./lib/Repair/RenameMandateCommitmentKinds.php
No syntax errors detected in ./lib/Repair/BackfillGlLineAdministration.php
No syntax errors detected in ./lib/Repair/BackfillGlLineFiscalYear.php
No syntax errors detected in ./lib/Repair/RenameDutchValues.php
No syntax errors detected in ./lib/Repair/FoldExpensesAndHoursIntoProject.php
No syntax errors detected in ./lib/Repair/StampJournalTypeOnGlTransactions.php
No syntax errors detected in ./lib/Repair/Support/RunsUnderSystemIdentity.php
No syntax errors detected in ./lib/Repair/Support/ArInvoiceProvenance.php
No syntax errors detected in ./lib/Repair/Support/ReadsSourceRowsInBatches.php
No syntax errors detected in ./lib/Repair/FoldIntoOrder.php
No syntax errors detected in ./lib/Repair/LoadSbrXbrlSeedsStep.php
No syntax errors detected in ./lib/Repair/PeriodCloseBackfill.php
No syntax errors detected in ./lib/Repair/RenameCollidingSchemaSlugs.php
No syntax errors detected in ./lib/Repair/RenameDutchValueDecisions.php
No syntax errors detected in ./lib/Repair/RenameCommitmentSchemas.php
No syntax errors detected in ./lib/Repair/RetireSubsidieSchema.php
No syntax errors detected in ./lib/Repair/DelegateSigningMigrationRepair.php
No syntax errors detected in ./lib/Integration/PaymentRequestLeafProvider.php
No syntax errors detected in ./lib/Integration/ContractLeafProvider.php
No syntax errors detected in ./lib/PaymentRun/Generator/SepaPain001Generator.php
No syntax errors detected in ./lib/PaymentRun/Generator/PaymentRunGeneratorInterface.php
No syntax errors detected in ./lib/PaymentRun/Generator/PaymentRunCsvGenerator.php
No syntax errors detected in ./lib/PaymentRun/RenderedFile.php
No syntax errors detected in ./lib/PaymentRun/PaymentRunReconciliationService.php
No syntax errors detected in ./lib/PaymentRun/Camt053StatementParser.php
No syntax errors detected in ./lib/PaymentRun/PaymentRunExportService.php
No syntax errors detected in ./lib/Reporting/ReportSection.php
No syntax errors detected in ./lib/Reporting/ReportGenerationService.php
No syntax errors detected in ./lib/Reporting/ReportGeneratorInterface.php
No syntax errors detected in ./lib/Reporting/Generator/ManagementLetterReportGenerator.php
No syntax errors detected in ./lib/Reporting/Generator/GeneralLedgerReportGenerator.php
No syntax errors detected in ./lib/Reporting/Generator/BbvJaarstukkenReportGenerator.php
No syntax errors detected in ./lib/Reporting/Generator/AbstractDocumentReportGenerator.php
No syntax errors detected in ./lib/Reporting/Generator/XafAuditfileGenerator.php
No syntax errors detected in ./lib/Reporting/Generator/Iv3ReportGenerator.php
No syntax errors detected in ./lib/Reporting/Generator/ReportDataTrait.php
No syntax errors detected in ./lib/Reporting/Generator/VatReturnReportGenerator.php
No syntax errors detected in ./lib/Reporting/Generator/SaftReportGenerator.php
No syntax errors detected in ./lib/Reporting/Generator/RuleAuditReportGenerator.php
No syntax errors detected in ./lib/Reporting/Generator/BalanceSheetReportGenerator.php
No syntax errors detected in ./lib/Reporting/Generator/AnnualAccountsReportGenerator.php
No syntax errors detected in ./lib/Reporting/Generator/ProfitLossReportGenerator.php
No syntax errors detected in ./lib/Reporting/Generator/TrialBalanceReportGenerator.php
No syntax errors detected in ./lib/Reporting/ReportCatalogue.php
No syntax errors detected in ./lib/Reporting/ReportTable.php
No syntax errors detected in ./lib/Reporting/GeneratedFile.php
No syntax errors detected in ./lib/Reporting/DocudeskUnavailableException.php
No syntax errors detected in ./lib/Reporting/ReportTableCell.php
No syntax errors detected in ./lib/AppInfo/FilteredObjectListenerTrait.php
No syntax errors detected in ./lib/AppInfo/BudgetScenarioRegistration.php
No syntax errors detected in ./lib/AppInfo/OrderFulfilmentGateRegistration.php
No syntax errors detected in ./lib/AppInfo/SigningDelegationRegistration.php
No syntax errors detected in ./lib/AppInfo/Application.php
No syntax errors detected in ./lib/AppInfo/LedgerPostingRegistration.php
No syntax errors detected in ./lib/Lifecycle/StockMoveReasonGuard.php
No syntax errors detected in ./lib/Lifecycle/DunningRunExecuteGuard.php
No syntax errors detected in ./lib/Lifecycle/CsrdEsrsGuard.php
No syntax errors detected in ./lib/Lifecycle/BbvComplianceGuard.php
No syntax errors detected in ./lib/Lifecycle/AnnualBudgetDefaultGuard.php
No syntax errors detected in ./lib/Lifecycle/StockReservationGuard.php
No syntax errors detected in ./lib/Lifecycle/ConsolidationGuard.php
No syntax errors detected in ./lib/Lifecycle/StockMoveOffsetCreator.php
No syntax errors detected in ./lib/Lifecycle/OpenBalanceGuard.php
No syntax errors detected in ./lib/Lifecycle/StatementParser.php
No syntax errors detected in ./lib/Lifecycle/BookingCancellationGuard.php
No syntax errors detected in ./lib/Lifecycle/WbsoDocumentGuard.php
No syntax errors detected in ./lib/Lifecycle/OrderFulfilmentGuard.php
No syntax errors detected in ./lib/Lifecycle/FourEyesPaymentRunGuard.php
No syntax errors detected in ./lib/Lifecycle/CommitmentGuard.php
No syntax errors detected in ./lib/Lifecycle/APGuard.php
No syntax errors detected in ./lib/Lifecycle/EuExpenditureGuard.php
No syntax errors detected in ./lib/Lifecycle/SupplierQualificationGuard.php
No syntax errors detected in ./lib/Lifecycle/SubsidieVerantwoordingGuard.php
No syntax errors detected in ./lib/Lifecycle/QuoteOrderInvoiceGuard.php
No syntax errors detected in ./lib/Lifecycle/WbsoTransactionGuard.php
No syntax errors detected in ./lib/Lifecycle/BcfClaimGuard.php
No syntax errors detected in ./lib/Lifecycle/PaymentRunDuplicateGuard.php
No syntax errors detected in ./lib/Lifecycle/CcmFindingGuard.php
No syntax errors detected in ./lib/Lifecycle/SupportingDocumentGuard.php
No syntax errors detected in ./lib/Lifecycle/IrregularityReportGuard.php
No syntax errors detected in ./lib/Lifecycle/ProvisionGuard.php
No syntax errors detected in ./lib/Lifecycle/LotTrackingReceiptGuard.php
No syntax errors detected in ./lib/Lifecycle/ContractLifecycleGuard.php
No syntax errors detected in ./lib/Lifecycle/GLReversalGuard.php
No syntax errors detected in ./lib/Lifecycle/AnnualReportGuard.php
No syntax errors detected in ./lib/Lifecycle/PeriodStatusGuard.php
No syntax errors detected in ./lib/Lifecycle/InvoiceFromBookingGuard.php
No syntax errors detected in ./lib/Lifecycle/BudgetOverrunGuard.php
No syntax errors detected in ./lib/Lifecycle/SettlementGuard.php
No syntax errors detected in ./lib/Lifecycle/EliminationGuard.php
No syntax errors detected in ./lib/Lifecycle/AansluitingResolutionGuard.php
No syntax errors detected in ./lib/Lifecycle/VatPreconditionGuard.php
No syntax errors detected in ./lib/Lifecycle/ObjectionPeriodGuard.php
No syntax errors detected in ./lib/Lifecycle/StockMoveImmutabilityGuard.php
No syntax errors detected in ./lib/Lifecycle/ImportBatchGuard.php
No syntax errors detected in ./lib/Lifecycle/WbsoMededelingGuard.php
No syntax errors detected in ./lib/Lifecycle/FiscalYearGuard.php
No syntax errors detected in ./lib/Lifecycle/KlantLadderOverrideApprovalGuard.php
No syntax errors detected in ./lib/Lifecycle/VpbAangifteGuard.php
No syntax errors detected in ./lib/Lifecycle/DualGaapGuard.php
No syntax errors detected in ./lib/Lifecycle/AuditTrailGuard.php
No syntax errors detected in ./lib/Lifecycle/AuditorStatementGuard.php
No syntax errors detected in ./lib/Lifecycle/DesinvesteringsbijtellingGuard.php
No syntax errors detected in ./lib/Lifecycle/ExpenseReimbursementGuard.php
No syntax errors detected in ./lib/Lifecycle/DestructionScheduleGuard.php
No syntax errors detected in ./lib/Lifecycle/EliminationBalanceGuard.php
No syntax errors detected in ./lib/Lifecycle/SegregatedLedgerGuard.php
No syntax errors detected in ./lib/Lifecycle/ExpenseClaimGuard.php
No syntax errors detected in ./lib/Lifecycle/RegisterRequiresGuardAdapter.php
No syntax errors detected in ./lib/Lifecycle/IntercompanyToleranceGuard.php
No syntax errors detected in ./lib/Lifecycle/RuleComplianceGuard.php
No syntax errors detected in ./lib/Lifecycle/JournalEntryGuard.php
No syntax errors detected in ./lib/Lifecycle/PayrollGuard.php
No syntax errors detected in ./lib/Lifecycle/VpbBerekeningGuard.php
No syntax errors detected in ./lib/Lifecycle/ThreeWayMatchGuard.php
No syntax errors detected in ./lib/Lifecycle/PensionIas19Guard.php
No syntax errors detected in ./lib/Lifecycle/DBAComplianceGuard.php
No syntax errors detected in ./lib/Lifecycle/PeriodCloseGuard.php
No syntax errors detected in ./lib/Lifecycle/VarianceGate.php
No syntax errors detected in ./lib/Lifecycle/ENSIAValidationGuard.php
No syntax errors detected in ./lib/Lifecycle/BudgetBlocker.php
No syntax errors detected in ./lib/Lifecycle/TenderNedProcurementGuard.php
No syntax errors detected in ./lib/Lifecycle/InventoryValuationMethodGuard.php
No syntax errors detected in ./lib/Lifecycle/WBSOExportValidationGuard.php
No syntax errors detected in ./lib/Lifecycle/MandateEnforcer.php
No syntax errors detected in ./lib/Lifecycle/InvoiceGuard.php
No syntax errors detected in ./lib/Lifecycle/CbcrPillar2Guard.php
No syntax errors detected in ./lib/Lifecycle/RetainerGuard.php
No syntax errors detected in ./lib/Lifecycle/RechtmatigheidGuard.php
No syntax errors detected in ./lib/Lifecycle/LotSellabilityGuard.php
No syntax errors detected in ./lib/Lifecycle/FidoTreasuryGuard.php
No syntax errors detected in ./lib/Lifecycle/SubmissionWindowGuard.php
No syntax errors detected in ./lib/Lifecycle/BegrotingswijzigingGuard.php
No syntax errors detected in ./lib/Lifecycle/WriteOffReasonGuard.php
No syntax errors detected in ./lib/Lifecycle/IcpFinalizeGuard.php
No syntax errors detected in ./lib/Lifecycle/DunningGuard.php
No syntax errors detected in ./lib/Lifecycle/FrameworkAgreementDrawdownGuard.php
No syntax errors detected in ./lib/Lifecycle/PreNotificationGuard.php
No syntax errors detected in ./lib/Lifecycle/RequisitionConversionGuard.php
No syntax errors detected in ./lib/Lifecycle/ProgrammabegrotingGuard.php
No syntax errors detected in ./lib/Lifecycle/VoluntaryDeclineGuard.php
No syntax errors detected in ./lib/Lifecycle/RepostingEligibilityGuard.php
No syntax errors detected in ./lib/Lifecycle/MandateGuard.php
No syntax errors detected in ./lib/Lifecycle/ComplianceValidator.php
No syntax errors detected in ./lib/Lifecycle/IntercompanyTransactionGuard.php
No syntax errors detected in ./lib/Lifecycle/LeaseContractGuard.php
No syntax errors detected in ./lib/Lifecycle/InventoryPostingGuard.php
No syntax errors detected in ./lib/Lifecycle/Action/AppendReopenHistoryAction.php
No syntax errors detected in ./lib/Lifecycle/Action/MaterialiseGlTransactionAction.php
No syntax errors detected in ./lib/Lifecycle/Action/EvaluateAllocationRulesAction.php
No syntax errors detected in ./lib/Lifecycle/BalanceGuard.php
No syntax errors detected in ./lib/Lifecycle/SequenceTypeGuard.php
No syntax errors detected in ./lib/Sort/FefoSort.php
No syntax errors detected in ./lib/Util/ObjectIdentifier.php
No syntax errors detected in ./lib/Util/TokenValidator.php
No syntax errors detected in ./lib/Util/PdfDocument.php
No syntax errors detected in ./lib/Service/InventoryScanService.php
No syntax errors detected in ./lib/Service/BankfeedMatcher.php
No syntax errors detected in ./lib/Service/WbsoRbacResolver.php
No syntax errors detected in ./lib/Service/LeaseRecognitionService.php
No syntax errors detected in ./lib/Service/PaymentSettlementService.php
No syntax errors detected in ./lib/Service/PeriodCloseService.php
No syntax errors detected in ./lib/Service/ContributionDebtorResolver.php
No syntax errors detected in ./lib/Service/CarryForwardLossService.php
No syntax errors detected in ./lib/Service/ThreeWayMatchingEngine.php
No syntax errors detected in ./lib/Service/ComplianceDeadlineCalendarService.php
No syntax errors detected in ./lib/Service/ComplianceExportService.php
No syntax errors detected in ./lib/Service/Signing/SignoffDecisionService.php
No syntax errors detected in ./lib/Service/Signing/SigningDelegationService.php
No syntax errors detected in ./lib/Service/RecurringSeriesService.php
No syntax errors detected in ./lib/Service/UsageRatingCalculator.php
No syntax errors detected in ./lib/Service/UrenNormDeterminationService.php
No syntax errors detected in ./lib/Service/BankRuleSuggestionService.php
No syntax errors detected in ./lib/Service/IcsService.php
No syntax errors detected in ./lib/Service/DepositReconciliationService.php
No syntax errors detected in ./lib/Service/TaxCalculationHelper.php
No syntax errors detected in ./lib/Service/DisposalJournalEmitter.php
No syntax errors detected in ./lib/Service/LegesIntakeStepService.php
No syntax errors detected in ./lib/Service/ConsolidationGuard.php
No syntax errors detected in ./lib/Service/IcpCalculator.php
No syntax errors detected in ./lib/Service/SoftCloseExecutor.php
No syntax errors detected in ./lib/Service/ProgrammabegrotingService.php
No syntax errors detected in ./lib/Service/AuditExportService.php
No syntax errors detected in ./lib/Service/MilestoneTemplateService.php
No syntax errors detected in ./lib/Service/BadoControleprotocolCalculator.php
No syntax errors detected in ./lib/Service/BudgetProjectionReader.php
No syntax errors detected in ./lib/Service/FluxService.php
No syntax errors detected in ./lib/Service/LeaseDecideskWebhookService.php
No syntax errors detected in ./lib/Service/PeriodCloseException.php
No syntax errors detected in ./lib/Service/LeasePaymentScheduleService.php
No syntax errors detected in ./lib/Service/PayrollApArHandoffService.php
No syntax errors detected in ./lib/Service/InvoicePdfGenerator.php
No syntax errors detected in ./lib/Service/IntercompanyLinkService.php
No syntax errors detected in ./lib/Service/AccountantsdossierExportService.php
No syntax errors detected in ./lib/Service/WidgetService.php
No syntax errors detected in ./lib/Service/BillingModelEngine.php
No syntax errors detected in ./lib/Service/RecurringModifierExpander.php
No syntax errors detected in ./lib/Service/FeeScheduleService.php
No syntax errors detected in ./lib/Service/Sms/SmsPhoneNumberNormalizer.php
No syntax errors detected in ./lib/Service/Sms/SmsProviderAdapterInterface.php
No syntax errors detected in ./lib/Service/Sms/SmsTemplateRenderer.php
No syntax errors detected in ./lib/Service/Sms/SmsSendResult.php
No syntax errors detected in ./lib/Service/Sms/SmsOptOutPolicy.php
No syntax errors detected in ./lib/Service/Sms/LogSmsProviderAdapter.php
No syntax errors detected in ./lib/Service/Sms/SmsReminderDispatcher.php
No syntax errors detected in ./lib/Service/FifoValuationService.php
No syntax errors detected in ./lib/Service/LeaseDisclosureService.php
No syntax errors detected in ./lib/Service/CancellationService.php
No syntax errors detected in ./lib/Service/BudgetGridReader.php
No syntax errors detected in ./lib/Service/CashflowPdfRenderer.php
No syntax errors detected in ./lib/Service/AdministrationArchivalService.php
No syntax errors detected in ./lib/Service/WmoAuditLogService.php
No syntax errors detected in ./lib/Service/SpendAnalyticsService.php
No syntax errors detected in ./lib/Service/SubjectCostService.php
No syntax errors detected in ./lib/Service/VATReturnService.php
No syntax errors detected in ./lib/Service/TrialBalanceCalculator.php
No syntax errors detected in ./lib/Service/WbsoDocumentService.php
No syntax errors detected in ./lib/Service/IntercompanyMatchingCalculator.php
No syntax errors detected in ./lib/Service/BudgetChartSeriesService.php
No syntax errors detected in ./lib/Service/AansluitingService.php
No syntax errors detected in ./lib/Service/VATCalculationService.php
No syntax errors detected in ./lib/Service/FinancialDashboardService.php
No syntax errors detected in ./lib/Service/KnownCostReader.php
No syntax errors detected in ./lib/Service/DepreciationCalculator.php
No syntax errors detected in ./lib/Service/KnownCostScheduleExpander.php
No syntax errors detected in ./lib/Service/ApprovalActivityEmitter.php
No syntax errors detected in ./lib/Service/ViesService.php
No syntax errors detected in ./lib/Service/DunningRunService.php
No syntax errors detected in ./lib/Service/ProgrammaAggregator.php
No syntax errors detected in ./lib/Service/StockLedgerService.php
No syntax errors detected in ./lib/Service/SubsidieVerantwoordingService.php
No syntax errors detected in ./lib/Service/OssRateResolver.php
No syntax errors detected in ./lib/Service/BbvSeedService.php
No syntax errors detected in ./lib/Service/BookingNotificationService.php
No syntax errors detected in ./lib/Service/SluitendCalculator.php
No syntax errors detected in ./lib/Service/TaxNotificationService.php
No syntax errors detected in ./lib/Service/BudgetScenarioEvaluator.php
No syntax errors detected in ./lib/Service/SupplierQualificationService.php
No syntax errors detected in ./lib/Service/TaxReportCalculator.php
No syntax errors detected in ./lib/Service/DemoDataService.php
No syntax errors detected in ./lib/Service/LandedCostAllocationService.php
No syntax errors detected in ./lib/Service/ContractCostRollupService.php
No syntax errors detected in ./lib/Service/WbsoTransactionService.php
No syntax errors detected in ./lib/Service/ObligationTaskBridge.php
No syntax errors detected in ./lib/Service/ContributionInvoiceBuilder.php
No syntax errors detected in ./lib/Service/TaxPaymentReconciliationService.php
No syntax errors detected in ./lib/Service/CBSExportService.php
No syntax errors detected in ./lib/Service/Commitment/CommitmentMaterialisationService.php
No syntax errors detected in ./lib/Service/Commitment/InsufficientCommitmentBudgetException.php
No syntax errors detected in ./lib/Service/IntegralCostPriceLockService.php
No syntax errors detected in ./lib/Service/RecurringInvoiceGenerator.php
No syntax errors detected in ./lib/Service/TenderNedStatusSync.php
No syntax errors detected in ./lib/Service/CashflowExportService.php
No syntax errors detected in ./lib/Service/SkuGenerator.php
No syntax errors detected in ./lib/Service/ConflictDetectionService.php
No syntax errors detected in ./lib/Service/Extraction/GlAccountSuggestionClient.php
No syntax errors detected in ./lib/Service/Extraction/ExtractionPrefillService.php
No syntax errors detected in ./lib/Service/Extraction/ChartOfAccountsCandidateService.php
No syntax errors detected in ./lib/Service/Extraction/DocudeskExtractionClient.php
No syntax errors detected in ./lib/Service/BudgetVsActualsCalculator.php
No syntax errors detected in ./lib/Service/BudgetGridCalculator.php
No syntax errors detected in ./lib/Service/WbsoAccountService.php
No syntax errors detected in ./lib/Service/ObjectPaymentRequestValidator.php
No syntax errors detected in ./lib/Service/OssInvoiceRouter.php
No syntax errors detected in ./lib/Service/TaxCalculationService.php
No syntax errors detected in ./lib/Service/BcfCompensationCalculator.php
No syntax errors detected in ./lib/Service/InventoryMobileScannerService.php
No syntax errors detected in ./lib/Service/LeaseAmortizationCalculator.php
No syntax errors detected in ./lib/Service/Dunning/IncassoDossierComposer.php
No syntax errors detected in ./lib/Service/Dunning/LogCreditScoreFetchAdapter.php
No syntax errors detected in ./lib/Service/Dunning/EvidenceRetentionEnforcer.php
No syntax errors detected in ./lib/Service/Dunning/CreditScoreService.php
No syntax errors detected in ./lib/Service/Dunning/VoluntaryReminderTemplate.php
No syntax errors detected in ./lib/Service/Dunning/LogPostNLAdapter.php
No syntax errors detected in ./lib/Service/Dunning/LogIncassoBureauAdapter.php
No syntax errors detected in ./lib/Service/Dunning/LogDunningChannelAdapter.php
No syntax errors detected in ./lib/Service/Dunning/IncassoBureauAdapterInterface.php
No syntax errors detected in ./lib/Service/Dunning/DunningChannelAdapterInterface.php
No syntax errors detected in ./lib/Service/Dunning/DunningTemplateRegistry.php
No syntax errors detected in ./lib/Service/Dunning/PostNLAdapterInterface.php
No syntax errors detected in ./lib/Service/Dunning/DunningChannelSendResult.php
No syntax errors detected in ./lib/Service/Dunning/DunningStageDispatcher.php
No syntax errors detected in ./lib/Service/Dunning/CreditScoreFetchAdapterInterface.php
No syntax errors detected in ./lib/Service/Dunning/DunningLetterComposer.php
No syntax errors detected in ./lib/Service/Dunning/VoluntaryContributionPolicy.php
No syntax errors detected in ./lib/Service/AdministrationMigrationService.php
No syntax errors detected in ./lib/Service/InnovatieboxAggregationService.php
No syntax errors detected in ./lib/Service/RuleTestDataSeeder.php
No syntax errors detected in ./lib/Service/KorThresholdCalculator.php
No syntax errors detected in ./lib/Service/AansluitingCalculator.php
No syntax errors detected in ./lib/Service/BadoControleprotocolService.php
No syntax errors detected in ./lib/Service/BudgetImpactEmitter.php
No syntax errors detected in ./lib/Service/LeaseTransitionWizard.php
No syntax errors detected in ./lib/Service/EmuReportingService.php
No syntax errors detected in ./lib/Service/Import/ImportProfileInterface.php
No syntax errors detected in ./lib/Service/Import/ImportProfile/EBoekhoudenProfile.php
No syntax errors detected in ./lib/Service/Import/ImportProfile/SnelstartProfile.php
No syntax errors detected in ./lib/Service/Import/ImportProfile/XafGenericProfile.php
No syntax errors detected in ./lib/Service/Import/ImportProfile/ExactOnlineProfile.php
No syntax errors detected in ./lib/Service/Import/ImportProfile/MoneybirdProfile.php
No syntax errors detected in ./lib/Service/Import/AuditfileParser.php
No syntax errors detected in ./lib/Service/Import/ImportPipelineService.php
No syntax errors detected in ./lib/Service/TimeIntakeService.php
No syntax errors detected in ./lib/Service/SepaAuditService.php
No syntax errors detected in ./lib/Service/Treasury/FxRevaluationService.php
No syntax errors detected in ./lib/Service/Treasury/RealisedFxSettlementService.php
No syntax errors detected in ./lib/Service/Treasury/TreasuryRateSnapshot.php
No syntax errors detected in ./lib/Service/Treasury/TreasuryRateService.php
No syntax errors detected in ./lib/Service/ToleranceProfileService.php
No syntax errors detected in ./lib/Service/PaymentRequestFinder.php
No syntax errors detected in ./lib/Service/OssPaymentReconciliation.php
No syntax errors detected in ./lib/Service/LeaseAuditPackGenerator.php
No syntax errors detected in ./lib/Service/BegrotingswijzigingStacker.php
No syntax errors detected in ./lib/Service/SalesDispatchStockIssueService.php
No syntax errors detected in ./lib/Service/LeaseReassessmentService.php
No syntax errors detected in ./lib/Service/ConnectionReportService.php
No syntax errors detected in ./lib/Service/CycleCountService.php
No syntax errors detected in ./lib/Service/AdministrationAuditTrailService.php
No syntax errors detected in ./lib/Service/WmoJaarrekeningBijlageService.php
No syntax errors detected in ./lib/Service/RevenueCutoffService.php
No syntax errors detected in ./lib/Service/AcmReportGenerator.php
No syntax errors detected in ./lib/Service/PaymentReconciliationService.php
No syntax errors detected in ./lib/Service/GrotendeelsCriteriumService.php
No syntax errors detected in ./lib/Service/KorMonitorService.php
No syntax errors detected in ./lib/Service/BbvProgrammeBudgetReader.php
No syntax errors detected in ./lib/Service/PayrollChartOfAccountsMapping.php
No syntax errors detected in ./lib/Service/PayrollWkrHandoffService.php
No syntax errors detected in ./lib/Service/ProfitAttributionService.php
No syntax errors detected in ./lib/Service/UrenTallyService.php
No syntax errors detected in ./lib/Service/AbbLifecycleService.php
No syntax errors detected in ./lib/Service/RetainerResolver.php
No syntax errors detected in ./lib/Service/OssRecordResolver.php
No syntax errors detected in ./lib/Service/MovingAverageValuationService.php
No syntax errors detected in ./lib/Service/KapitaallastenCalculator.php
No syntax errors detected in ./lib/Service/PayrollLivLkvHandoffService.php
No syntax errors detected in ./lib/Service/TrialBalanceService.php
No syntax errors detected in ./lib/Service/VatSuppletieDetectionService.php
No syntax errors detected in ./lib/Service/ENSIABevindingGenerator.php
No syntax errors detected in ./lib/Service/RuleAuditService.php
No syntax errors detected in ./lib/Service/IcpFilingService.php
No syntax errors detected in ./lib/Service/BudgetScenarioReader.php
No syntax errors detected in ./lib/Service/VsoLockingValidator.php
No syntax errors detected in ./lib/Service/InnovatieboxSbrExportService.php
No syntax errors detected in ./lib/Service/PaymentActionAuthorizer.php
No syntax errors detected in ./lib/Service/ProductCatalogService.php
No syntax errors detected in ./lib/Service/ProgrammabegrotingExporter.php
No syntax errors detected in ./lib/Service/IcpService.php
No syntax errors detected in ./lib/Service/Migration/GlLineFiscalYearBackfillMigrator.php
No syntax errors detected in ./lib/Service/Migration/BudgetSchemaSplitMigrator.php
No syntax errors detected in ./lib/Service/Migration/RevenueContractRenameMigrator.php
No syntax errors detected in ./lib/Service/Migration/GlLineAdministrationBackfillMigrator.php
No syntax errors detected in ./lib/Service/Migration/SubsidieOrderConsolidationMigrator.php
No syntax errors detected in ./lib/Service/NrvWriteDownService.php
No syntax errors detected in ./lib/Service/BudgetProjectionCalculator.php
No syntax errors detected in ./lib/Service/CrossSubsidyDetector.php
No syntax errors detected in ./lib/Service/CcmRuleEngine.php
No syntax errors detected in ./lib/Service/HrmqCostRateAdapter.php
No syntax errors detected in ./lib/Service/PurchaseOrder/PeppolTransmissionAdapterInterface.php
No syntax errors detected in ./lib/Service/PurchaseOrder/CreditNoteRequestAdapterInterface.php
No syntax errors detected in ./lib/Service/PurchaseOrder/PurchaseOrderMailerInterface.php
No syntax errors detected in ./lib/Service/PurchaseOrder/LogPurchaseOrderMailer.php
No syntax errors detected in ./lib/Service/PurchaseOrder/LogCreditNoteRequestAdapter.php
No syntax errors detected in ./lib/Service/PurchaseOrder/PeppolBisOrderMapper.php
No syntax errors detected in ./lib/Service/RequisitionService.php
No syntax errors detected in ./lib/Service/StatementManifestService.php
No syntax errors detected in ./lib/Service/PaymentRevenueAccountResolver.php
No syntax errors detected in ./lib/Service/InnovatieboxAuditEventLogger.php
No syntax errors detected in ./lib/Service/AppointmentConfirmationService.php
No syntax errors detected in ./lib/Service/BudgetProjectionService.php
No syntax errors detected in ./lib/Service/SettingsService.php
No syntax errors detected in ./lib/Service/ListenerSchemaResolver.php
No syntax errors detected in ./lib/Service/PayrollSbrConversionService.php
No syntax errors detected in ./lib/Service/OssReturnFormatter.php
No syntax errors detected in ./lib/Service/BudgetVsActualsReader.php
No syntax errors detected in ./lib/Service/NexusCalculationService.php
No syntax errors detected in ./lib/Service/ExceptionResolutionService.php
No syntax errors detected in ./lib/Service/IntercompanyJournalService.php
No syntax errors detected in ./lib/Service/InvoiceDeduplicationService.php
No syntax errors detected in ./lib/Service/SisaReportingService.php
No syntax errors detected in ./lib/Service/WmoComplianceCalculator.php
No syntax errors detected in ./lib/Service/ComplianceService.php
No syntax errors detected in ./lib/Service/SubjectCostAggregator.php
No syntax errors detected in ./lib/Service/UrenAlertService.php
No syntax errors detected in ./lib/Service/FixedAssetDisposalService.php
No syntax errors detected in ./lib/Service/IntercompanyMatchingService.php
No syntax errors detected in ./lib/Service/StandardsPolicyService.php
No syntax errors detected in ./lib/Service/RevenueRecognitionService.php
No syntax errors detected in ./lib/Service/BankRulePreviewService.php
No syntax errors detected in ./lib/Service/VendorPerformanceAggregation.php
No syntax errors detected in ./lib/Service/Payment/PaymentProviderInterface.php
No syntax errors detected in ./lib/Service/Payment/PaymentSessionResult.php
No syntax errors detected in ./lib/Service/Payment/PortalPaymentSessionResult.php
No syntax errors detected in ./lib/Service/Payment/PortalPaymentSessionService.php
No syntax errors detected in ./lib/Service/Payment/PaymentSessionRequest.php
No syntax errors detected in ./lib/Service/Payment/MolliePaymentProvider.php
No syntax errors detected in ./lib/Service/CogsPosterService.php
No syntax errors detected in ./lib/Service/AdministrationContextService.php
No syntax errors detected in ./lib/Service/TaxReportService.php
No syntax errors detected in ./lib/Service/DBAVbarMonitorService.php
No syntax errors detected in ./lib/Service/RevenueRecognitionCalculator.php
No syntax errors detected in ./lib/Service/Peppol/PeppolTransmissionPortInterface.php
No syntax errors detected in ./lib/Service/Peppol/LogPeppolTransmissionAdapter.php
No syntax errors detected in ./lib/Service/ENSIAVerklaringGenerator.php
No syntax errors detected in ./lib/Service/PaymentRequestPortalScope.php
No syntax errors detected in ./lib/Service/BcfClaimService.php
No syntax errors detected in ./lib/Service/BbvProgrammeBudgetCalculator.php
No syntax errors detected in ./lib/Service/AccountantDashboardService.php
No syntax errors detected in ./lib/Service/IntegralCostPriceCalculator.php
No syntax errors detected in ./lib/Service/UrenPrognoseService.php
No syntax errors detected in ./lib/Service/EInvoice/ArInvoiceUblMapper.php
No syntax errors detected in ./lib/Service/EInvoice/EInvoiceValidationService.php
No syntax errors detected in ./lib/Service/EInvoice/EInvoiceService.php
No syntax errors detected in ./lib/Service/QualifyingAssetValidator.php
No syntax errors detected in ./lib/Service/PeriodCloseAssistantService.php
No syntax errors detected in ./lib/Service/SupplierInvoiceService.php
No syntax errors detected in ./lib/Service/ENSIAQuestionSetLoader.php
No syntax errors detected in ./lib/Service/BIKStaffelCalculator.php
No syntax errors detected in ./lib/Service/ListenerSlugContract.php
No syntax errors detected in ./lib/Service/KnownCostScheduleExpanderInterface.php
No syntax errors detected in ./lib/Service/PurchaseOrderService.php
No syntax errors detected in ./lib/Service/KnownCostBudgetWriter.php
No syntax errors detected in ./lib/Service/ActivityCostAllocationSplitter.php
No syntax errors detected in ./lib/Service/PurchaseOrderApprovalService.php
No syntax errors detected in ./lib/Service/RequisitionConversionService.php
No syntax errors detected in ./lib/Service/RateCardResolver.php
No syntax errors detected in ./lib/Service/OssReturnGenerator.php
No syntax errors detected in ./lib/Service/External/Digipoort/DigipoortSubmissionResult.php
No syntax errors detected in ./lib/Service/External/Digipoort/DigipoortSbrAdapterInterface.php
No syntax errors detected in ./lib/Service/External/Digipoort/LogDigipoortSbrAdapter.php
No syntax errors detected in ./lib/Service/External/Kvk/KvkLookupResult.php
No syntax errors detected in ./lib/Service/External/Kvk/KvkHandelsregisterAdapterInterface.php
No syntax errors detected in ./lib/Service/External/Kvk/LogKvkHandelsregisterAdapter.php
No syntax errors detected in ./lib/Service/External/Bunq/BunqSyncResult.php
No syntax errors detected in ./lib/Service/External/Bunq/BunqBankConnectorAdapterInterface.php
No syntax errors detected in ./lib/Service/External/Bunq/LogBunqBankConnectorAdapter.php
No syntax errors detected in ./lib/Service/External/Salarisbureau/SalarisbureauPayrollRunResult.php
No syntax errors detected in ./lib/Service/External/Salarisbureau/LogSalarisbureauAdapter.php
No syntax errors detected in ./lib/Service/External/Salarisbureau/SalarisbureauAdapterInterface.php
No syntax errors detected in ./lib/Service/External/CsrdEsrsXbrl/CsrdEsrsXbrlAdapterInterface.php
No syntax errors detected in ./lib/Service/External/CsrdEsrsXbrl/LogCsrdEsrsXbrlAdapter.php
No syntax errors detected in ./lib/Service/External/CsrdEsrsXbrl/CsrdEsrsXbrlResult.php
No syntax errors detected in ./lib/Service/External/DepositPayment/DepositPaymentResult.php
No syntax errors detected in ./lib/Service/External/DepositPayment/DepositPaymentAdapterInterface.php
No syntax errors detected in ./lib/Service/External/DepositPayment/LogDepositPaymentAdapter.php
No syntax errors detected in ./lib/Service/External/TreasuryRate/TreasuryRateResult.php
No syntax errors detected in ./lib/Service/External/TreasuryRate/TreasuryRateAdapterInterface.php
No syntax errors detected in ./lib/Service/External/TreasuryRate/LogTreasuryRateAdapter.php
No syntax errors detected in ./lib/Service/External/Uwv/LogUwvLoonaangifteAdapter.php
No syntax errors detected in ./lib/Service/External/Uwv/UwvLoonaangifteAdapterInterface.php
No syntax errors detected in ./lib/Service/External/Uwv/UwvStatusResult.php
No syntax errors detected in ./lib/Service/External/Sisa/BzkSisaUploadAdapterInterface.php
No syntax errors detected in ./lib/Service/External/Sisa/LogBzkSisaUploadAdapter.php
No syntax errors detected in ./lib/Service/External/Sisa/BzkSisaUploadResult.php
No syntax errors detected in ./lib/Service/External/CcmRuleEngine/LogCcmRuleEngineAdapter.php
No syntax errors detected in ./lib/Service/External/CcmRuleEngine/CcmRuleEngineResult.php
No syntax errors detected in ./lib/Service/External/CcmRuleEngine/CcmRuleEngineAdapterInterface.php
No syntax errors detected in ./lib/Service/External/Ib47/LogIb47Adapter.php
No syntax errors detected in ./lib/Service/External/Ib47/Ib47SubmissionResult.php
No syntax errors detected in ./lib/Service/External/Ib47/Ib47AdapterInterface.php
No syntax errors detected in ./lib/Service/External/Mollie/MolliePaymentAdapterInterface.php
No syntax errors detected in ./lib/Service/External/Mollie/MolliePaymentResult.php
No syntax errors detected in ./lib/Service/External/Mollie/LogMolliePaymentAdapter.php
No syntax errors detected in ./lib/Service/External/RvO/RvOAanvraagAdapterInterface.php
No syntax errors detected in ./lib/Service/External/RvO/RvORequestResult.php
No syntax errors detected in ./lib/Service/External/RvO/LogRvOAanvraagAdapter.php
No syntax errors detected in ./lib/Service/External/Cbs/CbsIv3AdapterInterface.php
No syntax errors detected in ./lib/Service/External/Cbs/LogCbsIv3Adapter.php
No syntax errors detected in ./lib/Service/External/Cbs/LogCbsBestandenAdapter.php
No syntax errors detected in ./lib/Service/External/Cbs/CbsSubmissionResult.php
No syntax errors detected in ./lib/Service/External/Cbs/CbsBestandenAdapterInterface.php
No syntax errors detected in ./lib/Service/DropApiVerificationService.php
No syntax errors detected in ./lib/Service/InventoryGlAdjustmentPoster.php
No syntax errors detected in ./lib/Service/InvoiceGenerationService.php
No syntax errors detected in ./lib/Service/ReconciliationResolutionService.php
No syntax errors detected in ./lib/Service/ENSIAXmlExporter.php
No syntax errors detected in ./lib/Service/DoorsnijdingsVerbodValidator.php
No syntax errors detected in ./lib/Service/SuspenseAgeingService.php
No syntax errors detected in ./lib/Service/Pipelinq/LoggingTimelineRetryQueue.php
No syntax errors detected in ./lib/Service/Pipelinq/PipelinqTransportException.php
No syntax errors detected in ./lib/Service/Pipelinq/CircuitBreaker.php
No syntax errors detected in ./lib/Service/Pipelinq/RetryPolicy.php
No syntax errors detected in ./lib/Service/Pipelinq/TimelineEventDto.php
No syntax errors detected in ./lib/Service/Pipelinq/KlantbeeldTransaction.php
No syntax errors detected in ./lib/Service/Pipelinq/PipelinqConfig.php
No syntax errors detected in ./lib/Service/Pipelinq/TimelineRetryQueue.php
No syntax errors detected in ./lib/Service/Pipelinq/TimelinePublishOutcome.php
No syntax errors detected in ./lib/Service/Pipelinq/LoggingPipelinqAdminNotifier.php
No syntax errors detected in ./lib/Service/Pipelinq/CustomerBridgeMetricsService.php
No syntax errors detected in ./lib/Service/Pipelinq/PipelinqContactAdapter.php
No syntax errors detected in ./lib/Service/Pipelinq/PersistentTimelineRetryQueue.php
No syntax errors detected in ./lib/Service/Pipelinq/KlantbeeldResult.php
No syntax errors detected in ./lib/Service/Pipelinq/PipelinqContact.php
No syntax errors detected in ./lib/Service/Pipelinq/PipelinqAdminNotifier.php
No syntax errors detected in ./lib/Service/SlotService.php
No syntax errors detected in ./lib/Service/ServiceReceiptService.php
No syntax errors detected in ./lib/Service/ConfirmationMailer.php
No syntax errors detected in ./lib/Service/MultiPoConsolidationService.php
No syntax errors detected in ./lib/Service/BbvMigration/RgsAccountMapper.php
No syntax errors detected in ./lib/Service/WbsoAdministratieService.php
No syntax errors detected in ./lib/Service/ContributionRaiseService.php
No syntax errors detected in ./lib/Service/PayrollService.php
No syntax errors detected in ./lib/Service/PayrollCalculator.php
No syntax errors detected in ./lib/Service/ConsolidationMappingService.php
No syntax errors detected in ./lib/Service/CommercialActivityReviewService.php
No syntax errors detected in ./lib/Service/FinancialSeriesCalculator.php
No syntax errors detected in ./lib/Service/NoShowFeeCaptureService.php
No syntax errors detected in ./lib/Service/PayrollUpaHandoffService.php
No syntax errors detected in ./lib/Service/InventoryValuationReportService.php
No syntax errors detected in ./lib/Service/WidgetAuthService.php
No syntax errors detected in ./lib/Service/ArInvoiceIcpPdfRenderer.php
No syntax errors detected in ./lib/Service/FiscalYearContextService.php
No syntax errors detected in ./lib/Service/ContributionDeclineService.php
No syntax errors detected in ./lib/Service/Booking/ConfirmationTokenService.php
No syntax errors detected in ./lib/Service/Booking/TimezoneResolver.php
No syntax errors detected in ./lib/Service/Booking/TransactionalGuard.php
No syntax errors detected in ./lib/Service/BudgetScenarioDefaultPromoter.php
No syntax errors detected in ./lib/Service/PayrollJaaropgaveService.php
No syntax errors detected in ./lib/Service/BbvProgrammeBudgetService.php
No syntax errors detected in ./lib/Service/GRIRClearingService.php
No syntax errors detected in ./lib/Service/GoodsReceiptNoteService.php
No syntax errors detected in ./lib/Validation/BsnValidator.php
No syntax errors detected in ./lib/Validation/PhotoValidator.php
No syntax errors detected in ./lib/Validation/IbanValidator.php
No syntax errors detected in ./lib/Enums/DBAConstants.php
No syntax errors detected in ./lib/Listener/LeaseActivationListener.php
No syntax errors detected in ./lib/Listener/ReconciliationMatchToReportListener.php
No syntax errors detected in ./lib/Listener/BookingEventListener.php
No syntax errors detected in ./lib/Listener/PaymentRequestLeafRegistrationListener.php
No syntax errors detected in ./lib/Listener/DeepLinkRegistrationListener.php
No syntax errors detected in ./lib/Listener/AnnualReportSignoffRequestListener.php
No syntax errors detected in ./lib/Listener/CommitmentMaterialisationListener.php
No syntax errors detected in ./lib/Listener/TenderNedAwardDetectedListener.php
No syntax errors detected in ./lib/Listener/FeeScheduleValidationListener.php
No syntax errors detected in ./lib/Listener/InnovatieboxAuditTrailListener.php
No syntax errors detected in ./lib/Listener/ACMReportSignTransitionListener.php
No syntax errors detected in ./lib/Listener/FixedAssetDisposalListener.php
No syntax errors detected in ./lib/Listener/DeliveryDispatchListener.php
No syntax errors detected in ./lib/Listener/GLTransactionComplianceCacheListener.php
No syntax errors detected in ./lib/Listener/PeppolDeliveryStatusListener.php
No syntax errors detected in ./lib/Listener/OssPaymentReconciliationListener.php
No syntax errors detected in ./lib/Listener/DbaInvoiceMonitorListener.php
No syntax errors detected in ./lib/Listener/IntegriqCloudEventListener.php
No syntax errors detected in ./lib/Listener/ExtractionCompletedListener.php
No syntax errors detected in ./lib/Listener/GRIRClearingListener.php
No syntax errors detected in ./lib/Listener/OrderFulfilmentTransitionListener.php
No syntax errors detected in ./lib/Listener/ContractObligationTaskListener.php
No syntax errors detected in ./lib/Listener/CommitmentTransitionListener.php
No syntax errors detected in ./lib/Listener/BookingLifecycleTransitionListener.php
No syntax errors detected in ./lib/Listener/BookingCreatedTimelinePublishListener.php
No syntax errors detected in ./lib/Listener/SignoffDecisionConcludedListener.php
No syntax errors detected in ./lib/Listener/OrderFulfilmentEvidenceListener.php
No syntax errors detected in ./lib/Listener/PeppolInboundUblInvoiceListener.php
No syntax errors detected in ./lib/Listener/AppointmentCreatedListener.php
No syntax errors detected in ./lib/Listener/PosStockDecrementListener.php
No syntax errors detected in ./lib/Listener/StockMoveTransitionedListener.php
No syntax errors detected in ./lib/Listener/IntercompanyLinkListener.php
No syntax errors detected in ./lib/Listener/SigningConcludedListener.php
No syntax errors detected in ./lib/Support/DateWindow.php
No syntax errors detected in ./lib/Support/FleetAppId.php
No syntax errors detected in ./lib/Command/OrdersAuditCommand.php
No syntax errors detected in ./lib/Command/ReferencesAuditCommand.php
No syntax errors detected in ./lib/Command/RulesSeedTestDataCommand.php
No syntax errors detected in ./lib/Command/RulesAuditCommand.php
No syntax errors detected in ./lib/Sections/SettingsSection.php
No syntax errors detected in ./lib/Dashboard/BBVComplianceWidget.php
No syntax errors detected in ./lib/Guard/SubsidieRepaymentGuard.php
No syntax errors detected in ./lib/Guard/BbvComplianceGuard.php
No syntax errors detected in ./lib/Guard/JournalVoidGuard.php
No syntax errors detected in ./lib/Guard/UrencriteriumYearGuard.php
No syntax errors detected in ./lib/Guard/UrencriteriumGuard.php
No syntax errors detected in ./lib/Guard/ProjectActivationGuard.php
No syntax errors detected in ./lib/Guard/AppointmentGuard.php
No syntax errors detected in ./lib/Guard/UrenDagregistratieGuard.php
No syntax errors detected in ./lib/Guard/IbBijtellingGuard.php
No syntax errors detected in ./lib/Guard/InventoryScanGuard.php
No syntax errors detected in ./lib/Guard/Iv3XmlValidationGuard.php
No syntax errors detected in ./lib/Guard/BudgetScenarioModifierGuard.php
No syntax errors detected in ./lib/Guard/ProjectTransitionGuard.php
No syntax errors detected in ./lib/Guard/Iv3SubmissionGuard.php
No syntax errors detected in ./lib/Guard/DBAOpdrachtGuard.php
No syntax errors detected in ./lib/Guard/BcfSubmissionGuard.php
No syntax errors detected in ./lib/Guard/EmuSubmissionGuard.php
No syntax errors detected in ./lib/Guard/RateScheduleOverlapGuard.php
No syntax errors detected in ./lib/Guard/EmuCalculator.php
No syntax errors detected in ./lib/Guard/KiaSchalenLookup.php
No syntax errors detected in ./lib/Guard/BankReconciliationGuard.php
No syntax errors detected in ./lib/Guard/LocationHierarchyGuard.php
No syntax errors detected in ./lib/Guard/IntercompanyEliminationGuard.php
No syntax errors detected in ./lib/Guard/KorLockoutGuard.php
No syntax errors detected in ./lib/Guard/AccountBalanceGuard.php
No syntax errors detected in ./lib/Guard/OssThresholdGuard.php
No syntax errors detected in ./lib/Guard/InvesteringsaftrekEligibilityGuard.php
No syntax errors detected in ./lib/Guard/IbFiscalAdjustmentGuard.php
No syntax errors detected in ./lib/Guard/OssPaymentGuard.php
No syntax errors detected in ./lib/Guard/ProjectCloseGuard.php
No syntax errors detected in ./lib/Guard/VatSubmissionGuard.php
No syntax errors detected in ./lib/Guard/OssLedgerGuard.php
No syntax errors detected in ./lib/Guard/DBAScoreCalculator.php
No syntax errors detected in ./lib/Guard/CashflowRecurringGuard.php
No syntax errors detected in ./lib/Guard/KorThresholdGuard.php
No syntax errors detected in ./lib/Guard/CreditLimitGuard.php
No syntax errors detected in ./lib/Guard/RetentionGuard.php
No syntax errors detected in ./lib/Guard/StatementVerifyGuard.php
No syntax errors detected in ./lib/Guard/ProgrammaLinkGuard.php
No syntax errors detected in ./lib/Portal/PortalAssertionVerifier.php
No syntax errors detected in ./lib/Portal/PortalContributionProvider.php
No syntax errors detected in ./lib/Portal/PortalSubjectResolver.php
No syntax errors detected in ./lib/Standards/RuleEngine.php
No syntax errors detected in ./lib/Standards/Violation.php
No syntax errors detected in ./lib/Standards/ComplianceCatalogue.php
No syntax errors detected in ./lib/Standards/Checks/InvoicingExtraChecks.php
No syntax errors detected in ./lib/Standards/Checks/VatBbvLedgerTailChecks.php
No syntax errors detected in ./lib/Standards/Checks/NationalReportingTailChecks.php
No syntax errors detected in ./lib/Standards/Checks/CheckProvider.php
No syntax errors detected in ./lib/Standards/Checks/ComplianceTailChecks.php
No syntax errors detected in ./lib/Standards/Checks/FinalTailChecks.php
No syntax errors detected in ./lib/Standards/Checks/NationalExtraTailChecks.php
No syntax errors detected in ./lib/Standards/Checks/SeedsObjects.php
No syntax errors detected in ./lib/Standards/Checks/ChartOfAccountsChecks.php
No syntax errors detected in ./lib/Standards/Checks/SustainabilityChecks.php
No syntax errors detected in ./lib/Standards/Checks/RemainingVatChecks.php
No syntax errors detected in ./lib/Standards/Checks/IfrsUsGaapChecks.php
No syntax errors detected in ./lib/Standards/Checks/FinancialStatementsChecks.php
No syntax errors detected in ./lib/Standards/Checks/InvoiceMentionsTailChecks.php
No syntax errors detected in ./lib/Standards/Checks/AmlBankingChecks.php
No syntax errors detected in ./lib/Standards/Checks/PublicSectorIpsasGasbChecks.php
No syntax errors detected in ./lib/Standards/Checks/LedgerIntegrityChecks.php
No syntax errors detected in ./lib/Standards/Checks/VatChecks.php
No syntax errors detected in ./lib/Standards/Checks/OssIossChecks.php
No syntax errors detected in ./lib/Standards/Checks/InvoicingTailChecks.php
No syntax errors detected in ./lib/Standards/RuleCatalogue.php
No syntax errors detected in ./lib/Notification/RoleFallbackResolver.php
No syntax errors detected in ./lib/Notification/EInvoiceNotifier.php
No syntax errors detected in ./lib/Notification/DeadlineReminderNotifier.php
No syntax errors detected in ./lib/Notification/PosStockUnmatchedLineNotifier.php
No syntax errors detected in ./lib/Request/InvoiceGenerationRequest.php
No syntax errors detected in ./lib/Settings/AdminSettings.php
No syntax errors detected in ./.php-cs-fixer.dist.php
No syntax errors detected in ./phpstan-bootstrap.php

=== phpcs ===
[33mW[0m[33mW[0m[33mW[0m.[33mW[0m[33mW[0m.[33mW[0m[33mW[0m[33mW[0m..[33mW[0m.[33mW[0m[33mW[0m.[33mW[0m[33mW[0m[33mW[0m[33mW[0m[33mW[0m[33mW[0m[33mW[0m[33mW[0m[33mW[0m[33mW[0m[33mW[0m.[33mW[0m[33mW[0m.[33mW[0m[33mW[0m[33mW[0m[33mW[0m[33mW[0m[33mW[0m[33mW[0m[33mW[0m[33mW[0m[33mW[0m.[33mW[0m[33mW[0m[33mW[0m.[33mW[0m[33mW[0m[33mW[0m.[33mW[0m[33mW[0m[33mW[0m[33mW[0m.[33mW[0m[33mW[0m[33mW[0m[33mW[0m 60 / 70 (86%)
[33mW[0m[33mW[0m[33mW[0m[33mW[0m[33mW[0m[33mW[0m[33mW[0m[33mW[0m[33mW[0m[33mW[0m                                                   70 / 70 (100%)



[1mFILE: ...k/lq-lanes/sq-tails/lib/BackgroundJob/AdministrationBackupSchedulerJob.php[0m
--------------------------------------------------------------------------------
[1mFOUND 0 ERRORS AND 1 WARNING AFFECTING 1 LINE[0m
--------------------------------------------------------------------------------
 208 | [33mWARNING[0m | Public method
     |         | AdministrationBackupSchedulerJob::isReadOnlyAdministration()
     |         | is missing @spec PHPDoc tag — link back to
     |         | openspec/specs/{capability}/spec.md#requirement-{slug}
--------------------------------------------------------------------------------


[1mFILE: ...work/lq-lanes/sq-tails/lib/Repair/MigrateProductVendorMasterToPipelinq.php[0m
--------------------------------------------------------------------------------
[1mFOUND 0 ERRORS AND 1 WARNING AFFECTING 1 LINE[0m
--------------------------------------------------------------------------------
 96 | [33mWARNING[0m | Public method MigrateProductVendorMasterToPipelinq::getName()
    |         | is missing @spec PHPDoc tag — link back to
    |         | openspec/specs/{capability}/spec.md#requirement-{slug}
--------------------------------------------------------------------------------


[1mFILE: ...e/rubenlinde/memcap-work/lq-lanes/sq-tails/lib/PaymentRun/RenderedFile.php[0m
--------------------------------------------------------------------------------
[1mFOUND 0 ERRORS AND 1 WARNING AFFECTING 1 LINE[0m
--------------------------------------------------------------------------------
 34 | [33mWARNING[0m | Class RenderedFile is missing @spec PHPDoc tag — link back to
    |         | openspec/specs/{capability}/spec.md#requirement-{slug}, not a
    |         | change dir
--------------------------------------------------------------------------------


[1mFILE: .../memcap-work/lq-lanes/sq-tails/lib/Repair/RenameMandateCommitmentKinds.php[0m
--------------------------------------------------------------------------------
[1mFOUND 0 ERRORS AND 1 WARNING AFFECTING 1 LINE[0m
--------------------------------------------------------------------------------
 134 | [33mWARNING[0m | Public method RenameMandateCommitmentKinds::getName() is
     |         | missing @spec PHPDoc tag — link back to
     |         | openspec/specs/{capability}/spec.md#requirement-{slug}
--------------------------------------------------------------------------------


[1mFILE: ...ome/rubenlinde/memcap-work/lq-lanes/sq-tails/lib/Reporting/ReportTable.php[0m
--------------------------------------------------------------------------------
[1mFOUND 0 ERRORS AND 5 WARNINGS AFFECTING 5 LINES[0m
--------------------------------------------------------------------------------
  37 | [33mWARNING[0m | Class ReportTable is missing @spec PHPDoc tag — link back to
     |         | openspec/specs/{capability}/spec.md#requirement-{slug}, not a
     |         | change dir
  61 | [33mWARNING[0m | Public method ReportTable::addRow() is missing @spec PHPDoc
     |         | tag — link back to
     |         | openspec/specs/{capability}/spec.md#requirement-{slug}
  74 | [33mWARNING[0m | Public method ReportTable::addCell() is missing @spec PHPDoc
     |         | tag — link back to
     |         | openspec/specs/{capability}/spec.md#requirement-{slug}
 103 | [33mWARNING[0m | Public method ReportTable::fillCell() is missing @spec PHPDoc
     |         | tag — link back to
     |         | openspec/specs/{capability}/spec.md#requirement-{slug}
 125 | [33mWARNING[0m | Public method ReportTable::toArray() is missing @spec PHPDoc
     |         | tag — link back to
     |         | openspec/specs/{capability}/spec.md#requirement-{slug}
--------------------------------------------------------------------------------


[1mFILE: ...e/rubenlinde/memcap-work/lq-lanes/sq-tails/lib/Reporting/GeneratedFile.php[0m
--------------------------------------------------------------------------------
[1mFOUND 0 ERRORS AND 1 WARNING AFFECTING 1 LINE[0m
--------------------------------------------------------------------------------
 45 | [33mWARNING[0m | Class GeneratedFile is missing @spec PHPDoc tag — link back
    |         | to openspec/specs/{capability}/spec.md#requirement-{slug}, not
    |         | a change dir
--------------------------------------------------------------------------------


[1mFILE: ...work/lq-lanes/sq-tails/lib/BackgroundJob/CancelUnconfirmedAppointments.php[0m
--------------------------------------------------------------------------------
[1mFOUND 0 ERRORS AND 1 WARNING AFFECTING 1 LINE[0m
--------------------------------------------------------------------------------
 40 | [33mWARNING[0m | Class CancelUnconfirmedAppointments is missing @spec PHPDoc tag
    |         | — link back to
    |         | openspec/specs/{capability}/spec.md#requirement-{slug}, not a
    |         | change dir
--------------------------------------------------------------------------------


[1mFILE: ...mcap-work/lq-lanes/sq-tails/lib/Reporting/DocudeskUnavailableException.php[0m
--------------------------------------------------------------------------------
[1mFOUND 0 ERRORS AND 1 WARNING AFFECTING 1 LINE[0m
--------------------------------------------------------------------------------
 41 | [33mWARNING[0m | Class DocudeskUnavailableException is missing @spec PHPDoc tag
    |         | — link back to
    |         | openspec/specs/{capability}/spec.md#requirement-{slug}, not a
    |         | change dir
--------------------------------------------------------------------------------


[1mFILE: ...-work/lq-lanes/sq-tails/lib/Controller/SupplierInvoiceImportController.php[0m
--------------------------------------------------------------------------------
[1mFOUND 0 ERRORS AND 1 WARNING AFFECTING 1 LINE[0m
--------------------------------------------------------------------------------
 71 | [33mWARNING[0m | Class SupplierInvoiceImportController is missing @spec PHPDoc
    |         | tag — link back to
    |         | openspec/specs/{capability}/spec.md#requirement-{slug}, not a
    |         | change dir
--------------------------------------------------------------------------------


[1mFILE: ...rubenlinde/memcap-work/lq-lanes/sq-tails/lib/Reporting/ReportTableCell.php[0m
--------------------------------------------------------------------------------
[1mFOUND 0 ERRORS AND 2 WARNINGS AFFECTING 2 LINES[0m
--------------------------------------------------------------------------------
 33 | [33mWARNING[0m | Class ReportTableCell is missing @spec PHPDoc tag — link back
    |         | to openspec/specs/{capability}/spec.md#requirement-{slug}, not
    |         | a change dir
 57 | [33mWARNING[0m | Public method ReportTableCell::addText() is missing @spec
    |         | PHPDoc tag — link back to
    |         | openspec/specs/{capability}/spec.md#requirement-{slug}
--------------------------------------------------------------------------------


[1mFILE: ...-work/lq-lanes/sq-tails/lib/PaymentRun/PaymentRunReconciliationService.php[0m
--------------------------------------------------------------------------------
[1mFOUND 0 ERRORS AND 2 WARNINGS AFFECTING 2 LINES[0m
--------------------------------------------------------------------------------
  51 | [33mWARNING[0m | Class PaymentRunReconciliationService is missing @spec PHPDoc
     |         | tag — link back to
     |         | openspec/specs/{capability}/spec.md#requirement-{slug}, not a
     |         | change dir
 102 | [33mWARNING[0m | Public method PaymentRunReconciliationService::reconcile() is
     |         | missing @spec PHPDoc tag — link back to
     |         | openspec/specs/{capability}/spec.md#requirement-{slug}
--------------------------------------------------------------------------------


[1mFILE: ...nlinde/memcap-work/lq-lanes/sq-tails/lib/Controller/CalendarController.php[0m
--------------------------------------------------------------------------------
[1mFOUND 0 ERRORS AND 1 WARNING AFFECTING 1 LINE[0m
--------------------------------------------------------------------------------
 63 | [33mWARNING[0m | Class CalendarController is missing @spec PHPDoc tag — link
    |         | back to openspec/specs/{capability}/spec.md#requirement-{slug},
    |         | not a change dir
--------------------------------------------------------------------------------


[1mFILE: ...p-work/lq-lanes/sq-tails/lib/Reporting/Generator/XafAuditfileGenerator.php[0m
--------------------------------------------------------------------------------
[1mFOUND 0 ERRORS AND 4 WARNINGS AFFECTING 4 LINES[0m
--------------------------------------------------------------------------------
  68 | [33mWARNING[0m | Class XafAuditfileGenerator is missing @spec PHPDoc tag —
     |         | link back to
     |         | openspec/specs/{capability}/spec.md#requirement-{slug}, not a
     |         | change dir
  97 | [33mWARNING[0m | Public method XafAuditfileGenerator::reportType() is missing
     |         | @spec PHPDoc tag — link back to
     |         | openspec/specs/{capability}/spec.md#requirement-{slug}
 106 | [33mWARNING[0m | Public method XafAuditfileGenerator::supportedFormats() is
     |         | missing @spec PHPDoc tag — link back to
     |         | openspec/specs/{capability}/spec.md#requirement-{slug}
 118 | [33mWARNING[0m | Public method XafAuditfileGenerator::generate() is missing
     |         | @spec PHPDoc tag — link back to
     |         | openspec/specs/{capability}/spec.md#requirement-{slug}
--------------------------------------------------------------------------------


[1mFILE: ...inde/memcap-work/lq-lanes/sq-tails/lib/Repair/BackfillGlLineFiscalYear.php[0m
--------------------------------------------------------------------------------
[1mFOUND 0 ERRORS AND 1 WARNING AFFECTING 1 LINE[0m
--------------------------------------------------------------------------------
 70 | [33mWARNING[0m | Class BackfillGlLineFiscalYear is missing @spec PHPDoc tag —
    |         | link back to
    |         | openspec/specs/{capability}/spec.md#requirement-{slug}, not a
    |         | change dir
--------------------------------------------------------------------------------


[1mFILE: ...de/memcap-work/lq-lanes/sq-tails/lib/PaymentRun/Camt053StatementParser.php[0m
--------------------------------------------------------------------------------
[1mFOUND 0 ERRORS AND 2 WARNINGS AFFECTING 2 LINES[0m
--------------------------------------------------------------------------------
 45 | [33mWARNING[0m | Class Camt053StatementParser is missing @spec PHPDoc tag —
    |         | link back to
    |         | openspec/specs/{capability}/spec.md#requirement-{slug}, not a
    |         | change dir
 55 | [33mWARNING[0m | Public method Camt053StatementParser::parse() is missing @spec
    |         | PHPDoc tag — link back to
    |         | openspec/specs/{capability}/spec.md#requirement-{slug}
--------------------------------------------------------------------------------


[1mFILE: .../rubenlinde/memcap-work/lq-lanes/sq-tails/lib/Repair/RenameDutchValues.php[0m
--------------------------------------------------------------------------------
[1mFOUND 0 ERRORS AND 1 WARNING AFFECTING 1 LINE[0m
--------------------------------------------------------------------------------
 38 | [33mWARNING[0m | Class RenameDutchValues is missing @spec PHPDoc tag — link
    |         | back to openspec/specs/{capability}/spec.md#requirement-{slug},
    |         | not a change dir
--------------------------------------------------------------------------------


[1mFILE: .../memcap-work/lq-lanes/sq-tails/lib/Service/LeaseDecideskWebhookService.php[0m
--------------------------------------------------------------------------------
[1mFOUND 0 ERRORS AND 7 WARNINGS AFFECTING 7 LINES[0m
--------------------------------------------------------------------------------
 109 | [33mWARNING[0m | Public method LeaseDecideskWebhookService::getWebhookUrl() is
     |         | missing @spec PHPDoc tag — link back to
     |         | openspec/specs/{capability}/spec.md#requirement-{slug}
 125 | [33mWARNING[0m | Public method LeaseDecideskWebhookService::setWebhookUrl() is
     |         | missing @spec PHPDoc tag — link back to
     |         | openspec/specs/{capability}/spec.md#requirement-{slug}
 142 | [33mWARNING[0m | Public method LeaseDecideskWebhookService::getWebhookToken()
     |         | is missing @spec PHPDoc tag — link back to
     |         | openspec/specs/{capability}/spec.md#requirement-{slug}
 165 | [33mWARNING[0m | Public method LeaseDecideskWebhookService::setWebhookToken()
     |         | is missing @spec PHPDoc tag — link back to
     |         | openspec/specs/{capability}/spec.md#requirement-{slug}
 195 | [33mWARNING[0m | Public method LeaseDecideskWebhookService::buildPayload() is
     |         | missing @spec PHPDoc tag — link back to
     |         | openspec/specs/{capability}/spec.md#requirement-{slug}
 228 | [33mWARNING[0m | Public method LeaseDecideskWebhookService::shouldDeliver() is
     |         | missing @spec PHPDoc tag — link back to
     |         | openspec/specs/{capability}/spec.md#requirement-{slug}
 254 | [33mWARNING[0m | Public method LeaseDecideskWebhookService::deliver() is
     |         | missing @spec PHPDoc tag — link back to
     |         | openspec/specs/{capability}/spec.md#requirement-{slug}
--------------------------------------------------------------------------------


[1mFILE: ...nlinde/memcap-work/lq-lanes/sq-tails/lib/Lifecycle/RuleComplianceGuard.php[0m
--------------------------------------------------------------------------------
[1mFOUND 0 ERRORS AND 1 WARNING AFFECTING 1 LINE[0m
--------------------------------------------------------------------------------
 47 | [33mWARNING[0m | Class RuleComplianceGuard is missing @spec PHPDoc tag — link
    |         | back to openspec/specs/{capability}/spec.md#requirement-{slug},
    |         | not a change dir
--------------------------------------------------------------------------------


[1mFILE: home/rubenlinde/memcap-work/lq-lanes/sq-tails/lib/Util/TokenValidator.php[0m
--------------------------------------------------------------------------------
[1mFOUND 0 ERRORS AND 5 WARNINGS AFFECTING 5 LINES[0m
--------------------------------------------------------------------------------
  87 | [33mWARNING[0m | Public method TokenValidator::generate() is missing @spec
     |         | PHPDoc tag — link back to
     |         | openspec/specs/{capability}/spec.md#requirement-{slug}
 112 | [33mWARNING[0m | Public method TokenValidator::hash() is missing @spec PHPDoc
     |         | tag — link back to
     |         | openspec/specs/{capability}/spec.md#requirement-{slug}
 128 | [33mWARNING[0m | Public method TokenValidator::verify() is missing @spec PHPDoc
     |         | tag — link back to
     |         | openspec/specs/{capability}/spec.md#requirement-{slug}
 150 | [33mWARNING[0m | Public method TokenValidator::isExpired() is missing @spec
     |         | PHPDoc tag — link back to
     |         | openspec/specs/{capability}/spec.md#requirement-{slug}
 173 | [33mWARNING[0m | Public method TokenValidator::expiresAtFor() is missing @spec
     |         | PHPDoc tag — link back to
     |         | openspec/specs/{capability}/spec.md#requirement-{slug}
--------------------------------------------------------------------------------


[1mFILE: ...nlinde/memcap-work/lq-lanes/sq-tails/lib/Service/VATCalculationService.php[0m
--------------------------------------------------------------------------------
[1mFOUND 0 ERRORS AND 4 WARNINGS AFFECTING 4 LINES[0m
--------------------------------------------------------------------------------
  32 | [33mWARNING[0m | Class VATCalculationService is missing @spec PHPDoc tag —
     |         | link back to
     |         | openspec/specs/{capability}/spec.md#requirement-{slug}, not a
     |         | change dir
  51 | [33mWARNING[0m | Public method VATCalculationService::calculateVAT() is missing
     |         | @spec PHPDoc tag — link back to
     |         | openspec/specs/{capability}/spec.md#requirement-{slug}
  99 | [33mWARNING[0m | Public method VATCalculationService::vatOnNet() is missing
     |         | @spec PHPDoc tag — link back to
     |         | openspec/specs/{capability}/spec.md#requirement-{slug}
 116 | [33mWARNING[0m | Public method VATCalculationService::isValidRate() is missing
     |         | @spec PHPDoc tag — link back to
     |         | openspec/specs/{capability}/spec.md#requirement-{slug}
--------------------------------------------------------------------------------


[1mFILE: ...mcap-work/lq-lanes/sq-tails/lib/Reporting/Generator/Iv3ReportGenerator.php[0m
--------------------------------------------------------------------------------
[1mFOUND 0 ERRORS AND 4 WARNINGS AFFECTING 4 LINES[0m
--------------------------------------------------------------------------------
  64 | [33mWARNING[0m | Class Iv3ReportGenerator is missing @spec PHPDoc tag — link
     |         | back to
     |         | openspec/specs/{capability}/spec.md#requirement-{slug}, not a
     |         | change dir
  86 | [33mWARNING[0m | Public method Iv3ReportGenerator::reportType() is missing
     |         | @spec PHPDoc tag — link back to
     |         | openspec/specs/{capability}/spec.md#requirement-{slug}
  95 | [33mWARNING[0m | Public method Iv3ReportGenerator::supportedFormats() is
     |         | missing @spec PHPDoc tag — link back to
     |         | openspec/specs/{capability}/spec.md#requirement-{slug}
 107 | [33mWARNING[0m | Public method Iv3ReportGenerator::generate() is missing @spec
     |         | PHPDoc tag — link back to
     |         | openspec/specs/{capability}/spec.md#requirement-{slug}
--------------------------------------------------------------------------------


[1mFILE: ...linde/memcap-work/lq-lanes/sq-tails/lib/Controller/WidgetApiController.php[0m
--------------------------------------------------------------------------------
[1mFOUND 0 ERRORS AND 1 WARNING AFFECTING 1 LINE[0m
--------------------------------------------------------------------------------
 65 | [33mWARNING[0m | Class WidgetApiController is missing @spec PHPDoc tag — link
    |         | back to openspec/specs/{capability}/spec.md#requirement-{slug},
    |         | not a change dir
--------------------------------------------------------------------------------


[1mFILE: ...nde/memcap-work/lq-lanes/sq-tails/lib/Repair/RenameDutchValueDecisions.php[0m
--------------------------------------------------------------------------------
[1mFOUND 0 ERRORS AND 1 WARNING AFFECTING 1 LINE[0m
--------------------------------------------------------------------------------
 30 | [33mWARNING[0m | Class RenameDutchValueDecisions is missing @spec PHPDoc tag —
    |         | link back to
    |         | openspec/specs/{capability}/spec.md#requirement-{slug}, not a
    |         | change dir
--------------------------------------------------------------------------------


[1mFILE: ...e/memcap-work/lq-lanes/sq-tails/lib/PaymentRun/PaymentRunExportService.php[0m
--------------------------------------------------------------------------------
[1mFOUND 0 ERRORS AND 3 WARNINGS AFFECTING 3 LINES[0m
--------------------------------------------------------------------------------
  58 | [33mWARNING[0m | Class PaymentRunExportService is missing @spec PHPDoc tag —
     |         | link back to
     |         | openspec/specs/{capability}/spec.md#requirement-{slug}, not a
     |         | change dir
 120 | [33mWARNING[0m | Public method PaymentRunExportService::export() is missing
     |         | @spec PHPDoc tag — link back to
     |         | openspec/specs/{capability}/spec.md#requirement-{slug}
 212 | [33mWARNING[0m | Public method PaymentRunExportService::renderArtefacts() is
     |         | missing @spec PHPDoc tag — link back to
     |         | openspec/specs/{capability}/spec.md#requirement-{slug}
--------------------------------------------------------------------------------


[1mFILE: ...work/lq-lanes/sq-tails/lib/Controller/InventoryMobileScannerController.php[0m
--------------------------------------------------------------------------------
[1mFOUND 0 ERRORS AND 1 WARNING AFFECTING 1 LINE[0m
--------------------------------------------------------------------------------
 71 | [33mWARNING[0m | Class InventoryMobileScannerController is missing @spec PHPDoc
    |         | tag — link back to
    |         | openspec/specs/{capability}/spec.md#requirement-{slug}, not a
    |         | change dir
--------------------------------------------------------------------------------


[1mFILE: ...enlinde/memcap-work/lq-lanes/sq-tails/lib/Repair/RenameDutchColumnsMap.php[0m
--------------------------------------------------------------------------------
[1mFOUND 0 ERRORS AND 1 WARNING AFFECTING 1 LINE[0m
--------------------------------------------------------------------------------
 39 | [33mWARNING[0m | Class RenameDutchColumnsMap is missing @spec PHPDoc tag —
    |         | link back to
    |         | openspec/specs/{capability}/spec.md#requirement-{slug}, not a
    |         | change dir
--------------------------------------------------------------------------------


[1mFILE: ...linde/memcap-work/lq-lanes/sq-tails/lib/Repair/RenameCommitmentSchemas.php[0m
--------------------------------------------------------------------------------
[1mFOUND 0 ERRORS AND 1 WARNING AFFECTING 1 LINE[0m
--------------------------------------------------------------------------------
 142 | [33mWARNING[0m | Public method RenameCommitmentSchemas::getName() is missing
     |         | @spec PHPDoc tag — link back to
     |         | openspec/specs/{capability}/spec.md#requirement-{slug}
--------------------------------------------------------------------------------


[1mFILE: ...e/rubenlinde/memcap-work/lq-lanes/sq-tails/lib/Reporting/ReportSection.php[0m
--------------------------------------------------------------------------------
[1mFOUND 0 ERRORS AND 10 WARNINGS AFFECTING 10 LINES[0m
--------------------------------------------------------------------------------
  37 | [33mWARNING[0m | Class ReportSection is missing @spec PHPDoc tag — link back
     |         | to openspec/specs/{capability}/spec.md#requirement-{slug}, not
     |         | a change dir
  55 | [33mWARNING[0m | Public method ReportSection::addText() is missing @spec PHPDoc
     |         | tag — link back to
     |         | openspec/specs/{capability}/spec.md#requirement-{slug}
  73 | [33mWARNING[0m | Public method ReportSection::addTextBreak() is missing @spec
     |         | PHPDoc tag — link back to
     |         | openspec/specs/{capability}/spec.md#requirement-{slug}
  86 | [33mWARNING[0m | Public method ReportSection::addTitle() is missing @spec
     |         | PHPDoc tag — link back to
     |         | openspec/specs/{capability}/spec.md#requirement-{slug}
 100 | [33mWARNING[0m | Public method ReportSection::addCover() is missing @spec
     |         | PHPDoc tag — link back to
     |         | openspec/specs/{capability}/spec.md#requirement-{slug}
 119 | [33mWARNING[0m | Public method ReportSection::addNote() is missing @spec PHPDoc
     |         | tag — link back to
     |         | openspec/specs/{capability}/spec.md#requirement-{slug}
 131 | [33mWARNING[0m | Public method ReportSection::addDetailsTable() is missing
     |         | @spec PHPDoc tag — link back to
     |         | openspec/specs/{capability}/spec.md#requirement-{slug}
 147 | [33mWARNING[0m | Public method ReportSection::addAmountTable() is missing @spec
     |         | PHPDoc tag — link back to
     |         | openspec/specs/{capability}/spec.md#requirement-{slug}
 173 | [33mWARNING[0m | Public method ReportSection::addTable() is missing @spec
     |         | PHPDoc tag — link back to
     |         | openspec/specs/{capability}/spec.md#requirement-{slug}
 184 | [33mWARNING[0m | Public method ReportSection::toArray() is missing @spec PHPDoc
     |         | tag — link back to
     |         | openspec/specs/{capability}/spec.md#requirement-{slug}
--------------------------------------------------------------------------------


[1mFILE: ...ork/lq-lanes/sq-tails/lib/Reporting/Generator/VatReturnReportGenerator.php[0m
--------------------------------------------------------------------------------
[1mFOUND 0 ERRORS AND 4 WARNINGS AFFECTING 4 LINES[0m
--------------------------------------------------------------------------------
  62 | [33mWARNING[0m | Class VatReturnReportGenerator is missing @spec PHPDoc tag —
     |         | link back to
     |         | openspec/specs/{capability}/spec.md#requirement-{slug}, not a
     |         | change dir
  84 | [33mWARNING[0m | Public method VatReturnReportGenerator::reportType() is
     |         | missing @spec PHPDoc tag — link back to
     |         | openspec/specs/{capability}/spec.md#requirement-{slug}
  93 | [33mWARNING[0m | Public method VatReturnReportGenerator::supportedFormats() is
     |         | missing @spec PHPDoc tag — link back to
     |         | openspec/specs/{capability}/spec.md#requirement-{slug}
 105 | [33mWARNING[0m | Public method VatReturnReportGenerator::generate() is missing
     |         | @spec PHPDoc tag — link back to
     |         | openspec/specs/{capability}/spec.md#requirement-{slug}
--------------------------------------------------------------------------------


[1mFILE: ...e/memcap-work/lq-lanes/sq-tails/lib/Repair/InitializeBbvAdministration.php[0m
--------------------------------------------------------------------------------
[1mFOUND 0 ERRORS AND 1 WARNING AFFECTING 1 LINE[0m
--------------------------------------------------------------------------------
 86 | [33mWARNING[0m | Public method InitializeBbvAdministration::getName() is missing
    |         | @spec PHPDoc tag — link back to
    |         | openspec/specs/{capability}/spec.md#requirement-{slug}
--------------------------------------------------------------------------------


[1mFILE: ...benlinde/memcap-work/lq-lanes/sq-tails/lib/Repair/DbValueMigrationPort.php[0m
--------------------------------------------------------------------------------
[1mFOUND 0 ERRORS AND 1 WARNING AFFECTING 1 LINE[0m
--------------------------------------------------------------------------------
 39 | [33mWARNING[0m | Class DbValueMigrationPort is missing @spec PHPDoc tag — link
    |         | back to openspec/specs/{capability}/spec.md#requirement-{slug},
    |         | not a change dir
--------------------------------------------------------------------------------


[1mFILE: ...de/memcap-work/lq-lanes/sq-tails/lib/Controller/NotificationController.php[0m
--------------------------------------------------------------------------------
[1mFOUND 0 ERRORS AND 2 WARNINGS AFFECTING 2 LINES[0m
--------------------------------------------------------------------------------
 263 | [33mWARNING[0m | Public method NotificationController::adminMonitor() is
     |         | missing @spec PHPDoc tag — link back to
     |         | openspec/specs/{capability}/spec.md#requirement-{slug}
 328 | [33mWARNING[0m | Public method NotificationController::adminDisableAll() is
     |         | missing @spec PHPDoc tag — link back to
     |         | openspec/specs/{capability}/spec.md#requirement-{slug}
--------------------------------------------------------------------------------


[1mFILE: .../memcap-work/lq-lanes/sq-tails/lib/Controller/WbsoAccountApiController.php[0m
--------------------------------------------------------------------------------
[1mFOUND 0 ERRORS AND 3 WARNINGS AFFECTING 3 LINES[0m
--------------------------------------------------------------------------------
  93 | [33mWARNING[0m | Public method WbsoAccountApiController::index() is missing
     |         | @spec PHPDoc tag — link back to
     |         | openspec/specs/{capability}/spec.md#requirement-{slug}
 126 | [33mWARNING[0m | Public method WbsoAccountApiController::hierarchy() is missing
     |         | @spec PHPDoc tag — link back to
     |         | openspec/specs/{capability}/spec.md#requirement-{slug}
 161 | [33mWARNING[0m | Public method WbsoAccountApiController::show() is missing
     |         | @spec PHPDoc tag — link back to
     |         | openspec/specs/{capability}/spec.md#requirement-{slug}
--------------------------------------------------------------------------------


[1mFILE: ...mcap-work/lq-lanes/sq-tails/lib/Repair/FoldExpensesAndHoursIntoProject.php[0m
--------------------------------------------------------------------------------
[1mFOUND 0 ERRORS AND 2 WARNINGS AFFECTING 2 LINES[0m
--------------------------------------------------------------------------------
 58 | [33mWARNING[0m | Class FoldExpensesAndHoursIntoProject is missing @spec PHPDoc
    |         | tag — link back to
    |         | openspec/specs/{capability}/spec.md#requirement-{slug}, not a
    |         | change dir
 82 | [33mWARNING[0m | Public method FoldExpensesAndHoursIntoProject::getName() is
    |         | missing @spec PHPDoc tag — link back to
    |         | openspec/specs/{capability}/spec.md#requirement-{slug}
--------------------------------------------------------------------------------


[1mFILE: ...linde/memcap-work/lq-lanes/sq-tails/lib/Service/WbsoTransactionService.php[0m
--------------------------------------------------------------------------------
[1mFOUND 0 ERRORS AND 6 WARNINGS AFFECTING 6 LINES[0m
--------------------------------------------------------------------------------
  88 | [33mWARNING[0m | Public method WbsoTransactionService::listTransactions() is
     |         | missing @spec PHPDoc tag — link back to
     |         | openspec/specs/{capability}/spec.md#requirement-{slug}
 134 | [33mWARNING[0m | Public method WbsoTransactionService::getTransaction() is
     |         | missing @spec PHPDoc tag — link back to
     |         | openspec/specs/{capability}/spec.md#requirement-{slug}
 157 | [33mWARNING[0m | Public method WbsoTransactionService::createTransaction() is
     |         | missing @spec PHPDoc tag — link back to
     |         | openspec/specs/{capability}/spec.md#requirement-{slug}
 189 | [33mWARNING[0m | Public method WbsoTransactionService::postTransaction() is
     |         | missing @spec PHPDoc tag — link back to
     |         | openspec/specs/{capability}/spec.md#requirement-{slug}
 229 | [33mWARNING[0m | Public method WbsoTransactionService::reverseTransaction() is
     |         | missing @spec PHPDoc tag — link back to
     |         | openspec/specs/{capability}/spec.md#requirement-{slug}
 276 | [33mWARNING[0m | Public method
     |         | WbsoTransactionService::validateTransactionPayload() is
     |         | missing @spec PHPDoc tag — link back to
     |         | openspec/specs/{capability}/spec.md#requirement-{slug}
--------------------------------------------------------------------------------


[1mFILE: ...nde/memcap-work/lq-lanes/sq-tails/lib/Service/ConflictDetectionService.php[0m
--------------------------------------------------------------------------------
[1mFOUND 0 ERRORS AND 3 WARNINGS AFFECTING 3 LINES[0m
--------------------------------------------------------------------------------
  62 | [33mWARNING[0m | Class ConflictDetectionService is missing @spec PHPDoc tag —
     |         | link back to
     |         | openspec/specs/{capability}/spec.md#requirement-{slug}, not a
     |         | change dir
 110 | [33mWARNING[0m | Public method ConflictDetectionService::checkConflicts() is
     |         | missing @spec PHPDoc tag — link back to
     |         | openspec/specs/{capability}/spec.md#requirement-{slug}
 226 | [33mWARNING[0m | Public method ConflictDetectionService::lockResource() is
     |         | missing @spec PHPDoc tag — link back to
     |         | openspec/specs/{capability}/spec.md#requirement-{slug}
--------------------------------------------------------------------------------


[1mFILE: ...inde/memcap-work/lq-lanes/sq-tails/lib/Service/ComplianceExportService.php[0m
--------------------------------------------------------------------------------
[1mFOUND 0 ERRORS AND 3 WARNINGS AFFECTING 3 LINES[0m
--------------------------------------------------------------------------------
 173 | [33mWARNING[0m | Public method ComplianceExportService::generateExport() is
     |         | missing @spec PHPDoc tag — link back to
     |         | openspec/specs/{capability}/spec.md#requirement-{slug}
 246 | [33mWARNING[0m | Public method ComplianceExportService::renderCsv() is missing
     |         | @spec PHPDoc tag — link back to
     |         | openspec/specs/{capability}/spec.md#requirement-{slug}
 283 | [33mWARNING[0m | Public method ComplianceExportService::stripPii() is missing
     |         | @spec PHPDoc tag — link back to
     |         | openspec/specs/{capability}/spec.md#requirement-{slug}
--------------------------------------------------------------------------------


[1mFILE: ...cap-work/lq-lanes/sq-tails/lib/Reporting/Generator/SaftReportGenerator.php[0m
--------------------------------------------------------------------------------
[1mFOUND 0 ERRORS AND 4 WARNINGS AFFECTING 4 LINES[0m
--------------------------------------------------------------------------------
  60 | [33mWARNING[0m | Class SaftReportGenerator is missing @spec PHPDoc tag — link
     |         | back to
     |         | openspec/specs/{capability}/spec.md#requirement-{slug}, not a
     |         | change dir
  89 | [33mWARNING[0m | Public method SaftReportGenerator::reportType() is missing
     |         | @spec PHPDoc tag — link back to
     |         | openspec/specs/{capability}/spec.md#requirement-{slug}
  98 | [33mWARNING[0m | Public method SaftReportGenerator::supportedFormats() is
     |         | missing @spec PHPDoc tag — link back to
     |         | openspec/specs/{capability}/spec.md#requirement-{slug}
 110 | [33mWARNING[0m | Public method SaftReportGenerator::generate() is missing @spec
     |         | PHPDoc tag — link back to
     |         | openspec/specs/{capability}/spec.md#requirement-{slug}
--------------------------------------------------------------------------------


[1mFILE: ...inde/memcap-work/lq-lanes/sq-tails/lib/Service/ApprovalActivityEmitter.php[0m
--------------------------------------------------------------------------------
[1mFOUND 0 ERRORS AND 5 WARNINGS AFFECTING 5 LINES[0m
--------------------------------------------------------------------------------
 141 | [33mWARNING[0m | Public method ApprovalActivityEmitter::emitApprovalRequested()
     |         | is missing @spec PHPDoc tag — link back to
     |         | openspec/specs/{capability}/spec.md#requirement-{slug}
 170 | [33mWARNING[0m | Public method ApprovalActivityEmitter::emitApprovalApproved()
     |         | is missing @spec PHPDoc tag — link back to
     |         | openspec/specs/{capability}/spec.md#requirement-{slug}
 199 | [33mWARNING[0m | Public method ApprovalActivityEmitter::emitApprovalRejected()
     |         | is missing @spec PHPDoc tag — link back to
     |         | openspec/specs/{capability}/spec.md#requirement-{slug}
 227 | [33mWARNING[0m | Public method ApprovalActivityEmitter::emitDocumentSigned() is
     |         | missing @spec PHPDoc tag — link back to
     |         | openspec/specs/{capability}/spec.md#requirement-{slug}
 256 | [33mWARNING[0m | Public method ApprovalActivityEmitter::emitDecisionMade() is
     |         | missing @spec PHPDoc tag — link back to
     |         | openspec/specs/{capability}/spec.md#requirement-{slug}
--------------------------------------------------------------------------------


[1mFILE: ...cap-work/lq-lanes/sq-tails/lib/Repair/FoldDunningWriteoffIntoArInvoice.php[0m
--------------------------------------------------------------------------------
[1mFOUND 0 ERRORS AND 1 WARNING AFFECTING 1 LINE[0m
--------------------------------------------------------------------------------
 92 | [33mWARNING[0m | Public method FoldDunningWriteoffIntoArInvoice::getName() is
    |         | missing @spec PHPDoc tag — link back to
    |         | openspec/specs/{capability}/spec.md#requirement-{slug}
--------------------------------------------------------------------------------


[1mFILE: ...linde/memcap-work/lq-lanes/sq-tails/lib/Service/StandardsPolicyService.php[0m
--------------------------------------------------------------------------------
[1mFOUND 0 ERRORS AND 3 WARNINGS AFFECTING 3 LINES[0m
--------------------------------------------------------------------------------
  46 | [33mWARNING[0m | Class StandardsPolicyService is missing @spec PHPDoc tag —
     |         | link back to
     |         | openspec/specs/{capability}/spec.md#requirement-{slug}, not a
     |         | change dir
  87 | [33mWARNING[0m | Public method StandardsPolicyService::resolve() is missing
     |         | @spec PHPDoc tag — link back to
     |         | openspec/specs/{capability}/spec.md#requirement-{slug}
 106 | [33mWARNING[0m | Public method StandardsPolicyService::resolveFromPolicy() is
     |         | missing @spec PHPDoc tag — link back to
     |         | openspec/specs/{capability}/spec.md#requirement-{slug}
--------------------------------------------------------------------------------


[1mFILE: ...ork/lq-lanes/sq-tails/lib/Reporting/Generator/RuleAuditReportGenerator.php[0m
--------------------------------------------------------------------------------
[1mFOUND 0 ERRORS AND 4 WARNINGS AFFECTING 4 LINES[0m
--------------------------------------------------------------------------------
 56 | [33mWARNING[0m | Class RuleAuditReportGenerator is missing @spec PHPDoc tag —
    |         | link back to
    |         | openspec/specs/{capability}/spec.md#requirement-{slug}, not a
    |         | change dir
 78 | [33mWARNING[0m | Public method RuleAuditReportGenerator::reportType() is missing
    |         | @spec PHPDoc tag — link back to
    |         | openspec/specs/{capability}/spec.md#requirement-{slug}
 87 | [33mWARNING[0m | Public method RuleAuditReportGenerator::supportedFormats() is
    |         | missing @spec PHPDoc tag — link back to
    |         | openspec/specs/{capability}/spec.md#requirement-{slug}
 99 | [33mWARNING[0m | Public method RuleAuditReportGenerator::generate() is missing
    |         | @spec PHPDoc tag — link back to
    |         | openspec/specs/{capability}/spec.md#requirement-{slug}
--------------------------------------------------------------------------------


[1mFILE: home/rubenlinde/memcap-work/lq-lanes/sq-tails/lib/AppInfo/Application.php[0m
--------------------------------------------------------------------------------
[1mFOUND 0 ERRORS AND 3 WARNINGS AFFECTING 3 LINES[0m
--------------------------------------------------------------------------------
  158 | [33mWARNING[0m | Class Application is missing @spec PHPDoc tag — link back
      |         | to openspec/specs/{capability}/spec.md#requirement-{slug},
      |         | not a change dir
  181 | [33mWARNING[0m | Public method Application::register() is missing @spec PHPDoc
      |         | tag — link back to
      |         | openspec/specs/{capability}/spec.md#requirement-{slug}
 1239 | [33mWARNING[0m | Public method Application::boot() is missing @spec PHPDoc tag
      |         | — link back to
      |         | openspec/specs/{capability}/spec.md#requirement-{slug}
--------------------------------------------------------------------------------


[1mFILE: ...e/memcap-work/lq-lanes/sq-tails/lib/Lifecycle/DestructionScheduleGuard.php[0m
--------------------------------------------------------------------------------
[1mFOUND 0 ERRORS AND 4 WARNINGS AFFECTING 4 LINES[0m
--------------------------------------------------------------------------------
 131 | [33mWARNING[0m | Public method DestructionScheduleGuard::canModify() is missing
     |         | @spec PHPDoc tag — link back to
     |         | openspec/specs/{capability}/spec.md#requirement-{slug}
 145 | [33mWARNING[0m | Public method DestructionScheduleGuard::canDelete() is missing
     |         | @spec PHPDoc tag — link back to
     |         | openspec/specs/{capability}/spec.md#requirement-{slug}
 172 | [33mWARNING[0m | Public method DestructionScheduleGuard::canTransition() is
     |         | missing @spec PHPDoc tag — link back to
     |         | openspec/specs/{capability}/spec.md#requirement-{slug}
 229 | [33mWARNING[0m | Public method DestructionScheduleGuard::buildTransitionEvent()
     |         | is missing @spec PHPDoc tag — link back to
     |         | openspec/specs/{capability}/spec.md#requirement-{slug}
--------------------------------------------------------------------------------


[1mFILE: ...enlinde/memcap-work/lq-lanes/sq-tails/lib/Service/CrossSubsidyDetector.php[0m
--------------------------------------------------------------------------------
[1mFOUND 0 ERRORS AND 11 WARNINGS AFFECTING 11 LINES[0m
--------------------------------------------------------------------------------
  92 | [33mWARNING[0m | Public method CrossSubsidyDetector::detectLossFinancing() is
     |         | missing @spec PHPDoc tag — link back to
     |         | openspec/specs/{capability}/spec.md#requirement-{slug}
 133 | [33mWARNING[0m | Public method
     |         | CrossSubsidyDetector::detectOmzetSpikeNoIkpUpdate() is missing
     |         | @spec PHPDoc tag — link back to
     |         | openspec/specs/{capability}/spec.md#requirement-{slug}
 172 | [33mWARNING[0m | Public method
     |         | CrossSubsidyDetector::detectOverheadUnderAllocation() is
     |         | missing @spec PHPDoc tag — link back to
     |         | openspec/specs/{capability}/spec.md#requirement-{slug}
 198 | [33mWARNING[0m | Public method CrossSubsidyDetector::detectAbbStale() is
     |         | missing @spec PHPDoc tag — link back to
     |         | openspec/specs/{capability}/spec.md#requirement-{slug}
 232 | [33mWARNING[0m | Public method
     |         | CrossSubsidyDetector::detectManualOverrideAccumulation() is
     |         | missing @spec PHPDoc tag — link back to
     |         | openspec/specs/{capability}/spec.md#requirement-{slug}
 255 | [33mWARNING[0m | Public method
     |         | CrossSubsidyDetector::detectOverheadOnderschatting() is
     |         | missing @spec PHPDoc tag — link back to
     |         | openspec/specs/{capability}/spec.md#requirement-{slug}
 289 | [33mWARNING[0m | Public method CrossSubsidyDetector::detectBevoordelingRisk()
     |         | is missing @spec PHPDoc tag — link back to
     |         | openspec/specs/{capability}/spec.md#requirement-{slug}
 339 | [33mWARNING[0m | Public method CrossSubsidyDetector::composeAlert() is missing
     |         | @spec PHPDoc tag — link back to
     |         | openspec/specs/{capability}/spec.md#requirement-{slug}
 370 | [33mWARNING[0m | Public method CrossSubsidyDetector::shouldEscalate() is
     |         | missing @spec PHPDoc tag — link back to
     |         | openspec/specs/{capability}/spec.md#requirement-{slug}
 398 | [33mWARNING[0m | Public method CrossSubsidyDetector::escalate() is missing
     |         | @spec PHPDoc tag — link back to
     |         | openspec/specs/{capability}/spec.md#requirement-{slug}
 417 | [33mWARNING[0m | Public method CrossSubsidyDetector::resolve() is missing @spec
     |         | PHPDoc tag — link back to
     |         | openspec/specs/{capability}/spec.md#requirement-{slug}
--------------------------------------------------------------------------------


[1mFILE: ...s/sq-tails/lib/Service/External/Kvk/KvkHandelsregisterAdapterInterface.php[0m
--------------------------------------------------------------------------------
[1mFOUND 0 ERRORS AND 2 WARNINGS AFFECTING 2 LINES[0m
--------------------------------------------------------------------------------
  93 | [33mWARNING[0m | Public method KvkHandelsregisterAdapterInterface::lookup() is
     |         | missing @spec PHPDoc tag — link back to
     |         | openspec/specs/{capability}/spec.md#requirement-{slug}
 101 | [33mWARNING[0m | Public method KvkHandelsregisterAdapterInterface::isDormant()
     |         | is missing @spec PHPDoc tag — link back to
     |         | openspec/specs/{capability}/spec.md#requirement-{slug}
--------------------------------------------------------------------------------


[1mFILE: ...ubenlinde/memcap-work/lq-lanes/sq-tails/lib/Service/AcmReportGenerator.php[0m
--------------------------------------------------------------------------------
[1mFOUND 0 ERRORS AND 3 WARNINGS AFFECTING 3 LINES[0m
--------------------------------------------------------------------------------
 163 | [33mWARNING[0m | Public method AcmReportGenerator::submit() is missing @spec
     |         | PHPDoc tag — link back to
     |         | openspec/specs/{capability}/spec.md#requirement-{slug}
 183 | [33mWARNING[0m | Public method AcmReportGenerator::toJson() is missing @spec
     |         | PHPDoc tag — link back to
     |         | openspec/specs/{capability}/spec.md#requirement-{slug}
 204 | [33mWARNING[0m | Public method AcmReportGenerator::toXml() is missing @spec
     |         | PHPDoc tag — link back to
     |         | openspec/specs/{capability}/spec.md#requirement-{slug}
--------------------------------------------------------------------------------


[1mFILE: ...ubenlinde/memcap-work/lq-lanes/sq-tails/lib/Service/WmoAuditLogService.php[0m
--------------------------------------------------------------------------------
[1mFOUND 0 ERRORS AND 4 WARNINGS AFFECTING 4 LINES[0m
--------------------------------------------------------------------------------
 100 | [33mWARNING[0m | Public method WmoAuditLogService::composeEntry() is missing
     |         | @spec PHPDoc tag — link back to
     |         | openspec/specs/{capability}/spec.md#requirement-{slug}
 136 | [33mWARNING[0m | Public method WmoAuditLogService::retentionExpiredState() is
     |         | missing @spec PHPDoc tag — link back to
     |         | openspec/specs/{capability}/spec.md#requirement-{slug}
 163 | [33mWARNING[0m | Public method WmoAuditLogService::toCsv() is missing @spec
     |         | PHPDoc tag — link back to
     |         | openspec/specs/{capability}/spec.md#requirement-{slug}
 200 | [33mWARNING[0m | Public method
     |         | WmoAuditLogService::composeHandhavingsPakketManifest() is
     |         | missing @spec PHPDoc tag — link back to
     |         | openspec/specs/{capability}/spec.md#requirement-{slug}
--------------------------------------------------------------------------------


[1mFILE: ...memcap-work/lq-lanes/sq-tails/lib/Service/InnovatieboxSbrExportService.php[0m
--------------------------------------------------------------------------------
[1mFOUND 0 ERRORS AND 1 WARNING AFFECTING 1 LINE[0m
--------------------------------------------------------------------------------
 207 | [33mWARNING[0m | Public method
     |         | InnovatieboxSbrExportService::deriveInstanceRef() is missing
     |         | @spec PHPDoc tag — link back to
     |         | openspec/specs/{capability}/spec.md#requirement-{slug}
--------------------------------------------------------------------------------


[1mFILE: ...cap-work/lq-lanes/sq-tails/lib/Repair/StampJournalTypeOnGlTransactions.php[0m
--------------------------------------------------------------------------------
[1mFOUND 0 ERRORS AND 2 WARNINGS AFFECTING 2 LINES[0m
--------------------------------------------------------------------------------
 67 | [33mWARNING[0m | Class StampJournalTypeOnGlTransactions is missing @spec PHPDoc
    |         | tag — link back to
    |         | openspec/specs/{capability}/spec.md#requirement-{slug}, not a
    |         | change dir
 90 | [33mWARNING[0m | Public method StampJournalTypeOnGlTransactions::getName() is
    |         | missing @spec PHPDoc tag — link back to
    |         | openspec/specs/{capability}/spec.md#requirement-{slug}
--------------------------------------------------------------------------------


[1mFILE: ...q-lanes/sq-tails/lib/Service/External/Kvk/LogKvkHandelsregisterAdapter.php[0m
--------------------------------------------------------------------------------
[1mFOUND 0 ERRORS AND 2 WARNINGS AFFECTING 2 LINES[0m
--------------------------------------------------------------------------------
 67 | [33mWARNING[0m | Public method LogKvkHandelsregisterAdapter::lookup() is missing
    |         | @spec PHPDoc tag — link back to
    |         | openspec/specs/{capability}/spec.md#requirement-{slug}
 98 | [33mWARNING[0m | Public method LogKvkHandelsregisterAdapter::isDormant() is
    |         | missing @spec PHPDoc tag — link back to
    |         | openspec/specs/{capability}/spec.md#requirement-{slug}
--------------------------------------------------------------------------------


[1mFILE: ...cap-work/lq-lanes/sq-tails/lib/Controller/WbsoTransactionApiController.php[0m
--------------------------------------------------------------------------------
[1mFOUND 0 ERRORS AND 2 WARNINGS AFFECTING 2 LINES[0m
--------------------------------------------------------------------------------
  89 | [33mWARNING[0m | Public method WbsoTransactionApiController::index() is missing
     |         | @spec PHPDoc tag — link back to
     |         | openspec/specs/{capability}/spec.md#requirement-{slug}
 131 | [33mWARNING[0m | Public method WbsoTransactionApiController::show() is missing
     |         | @spec PHPDoc tag — link back to
     |         | openspec/specs/{capability}/spec.md#requirement-{slug}
--------------------------------------------------------------------------------


[1mFILE: ...de/memcap-work/lq-lanes/sq-tails/lib/Reporting/ReportGenerationService.php[0m
--------------------------------------------------------------------------------
[1mFOUND 0 ERRORS AND 5 WARNINGS AFFECTING 5 LINES[0m
--------------------------------------------------------------------------------
  81 | [33mWARNING[0m | Class ReportGenerationService is missing @spec PHPDoc tag —
     |         | link back to
     |         | openspec/specs/{capability}/spec.md#requirement-{slug}, not a
     |         | change dir
 270 | [33mWARNING[0m | Public method ReportGenerationService::listGenerated() is
     |         | missing @spec PHPDoc tag — link back to
     |         | openspec/specs/{capability}/spec.md#requirement-{slug}
 305 | [33mWARNING[0m | Public method ReportGenerationService::resolveFile() is
     |         | missing @spec PHPDoc tag — link back to
     |         | openspec/specs/{capability}/spec.md#requirement-{slug}
 339 | [33mWARNING[0m | Public method ReportGenerationService::resolveRecordFile() is
     |         | missing @spec PHPDoc tag — link back to
     |         | openspec/specs/{capability}/spec.md#requirement-{slug}
 385 | [33mWARNING[0m | Public method ReportGenerationService::findRecord() is missing
     |         | @spec PHPDoc tag — link back to
     |         | openspec/specs/{capability}/spec.md#requirement-{slug}
--------------------------------------------------------------------------------


[1mFILE: ...rk/lq-lanes/sq-tails/lib/Service/External/Sisa/LogBzkSisaUploadAdapter.php[0m
--------------------------------------------------------------------------------
[1mFOUND 0 ERRORS AND 2 WARNINGS AFFECTING 2 LINES[0m
--------------------------------------------------------------------------------
 55 | [33mWARNING[0m | Public method LogBzkSisaUploadAdapter::upload() is missing
    |         | @spec PHPDoc tag — link back to
    |         | openspec/specs/{capability}/spec.md#requirement-{slug}
 88 | [33mWARNING[0m | Public method LogBzkSisaUploadAdapter::isDormant() is missing
    |         | @spec PHPDoc tag — link back to
    |         | openspec/specs/{capability}/spec.md#requirement-{slug}
--------------------------------------------------------------------------------


[1mFILE: ...e/memcap-work/lq-lanes/sq-tails/lib/Reporting/ReportGeneratorInterface.php[0m
--------------------------------------------------------------------------------
[1mFOUND 0 ERRORS AND 3 WARNINGS AFFECTING 3 LINES[0m
--------------------------------------------------------------------------------
 67 | [33mWARNING[0m | Public method ReportGeneratorInterface::reportType() is missing
    |         | @spec PHPDoc tag — link back to
    |         | openspec/specs/{capability}/spec.md#requirement-{slug}
 77 | [33mWARNING[0m | Public method ReportGeneratorInterface::supportedFormats() is
    |         | missing @spec PHPDoc tag — link back to
    |         | openspec/specs/{capability}/spec.md#requirement-{slug}
 87 | [33mWARNING[0m | Public method ReportGeneratorInterface::generate() is missing
    |         | @spec PHPDoc tag — link back to
    |         | openspec/specs/{capability}/spec.md#requirement-{slug}
--------------------------------------------------------------------------------


[1mFILE: .../lq-lanes/sq-tails/lib/Reporting/Generator/BalanceSheetReportGenerator.php[0m
--------------------------------------------------------------------------------
[1mFOUND 0 ERRORS AND 2 WARNINGS AFFECTING 2 LINES[0m
--------------------------------------------------------------------------------
 53 | [33mWARNING[0m | Class BalanceSheetReportGenerator is missing @spec PHPDoc tag
    |         | — link back to
    |         | openspec/specs/{capability}/spec.md#requirement-{slug}, not a
    |         | change dir
 59 | [33mWARNING[0m | Public method BalanceSheetReportGenerator::reportType() is
    |         | missing @spec PHPDoc tag — link back to
    |         | openspec/specs/{capability}/spec.md#requirement-{slug}
--------------------------------------------------------------------------------


[1mFILE: ...inde/memcap-work/lq-lanes/sq-tails/lib/Service/PaymentActionAuthorizer.php[0m
--------------------------------------------------------------------------------
[1mFOUND 0 ERRORS AND 1 WARNING AFFECTING 1 LINE[0m
--------------------------------------------------------------------------------
 125 | [33mWARNING[0m | Public method PaymentActionAuthorizer::callerId() is missing
     |         | @spec PHPDoc tag — link back to
     |         | openspec/specs/{capability}/spec.md#requirement-{slug}
--------------------------------------------------------------------------------


[1mFILE: .../rubenlinde/memcap-work/lq-lanes/sq-tails/lib/Service/WbsoRbacResolver.php[0m
--------------------------------------------------------------------------------
[1mFOUND 0 ERRORS AND 3 WARNINGS AFFECTING 3 LINES[0m
--------------------------------------------------------------------------------
  75 | [33mWARNING[0m | Public method WbsoRbacResolver::currentRoles() is missing
     |         | @spec PHPDoc tag — link back to
     |         | openspec/specs/{capability}/spec.md#requirement-{slug}
 111 | [33mWARNING[0m | Public method WbsoRbacResolver::hasAny() is missing @spec
     |         | PHPDoc tag — link back to
     |         | openspec/specs/{capability}/spec.md#requirement-{slug}
 127 | [33mWARNING[0m | Public method WbsoRbacResolver::canCreate() is missing @spec
     |         | PHPDoc tag — link back to
     |         | openspec/specs/{capability}/spec.md#requirement-{slug}
--------------------------------------------------------------------------------


[1mFILE: ...ubenlinde/memcap-work/lq-lanes/sq-tails/lib/Service/RuleTestDataSeeder.php[0m
--------------------------------------------------------------------------------
[1mFOUND 0 ERRORS AND 1 WARNING AFFECTING 1 LINE[0m
--------------------------------------------------------------------------------
 53 | [33mWARNING[0m | Class RuleTestDataSeeder is missing @spec PHPDoc tag — link
    |         | back to openspec/specs/{capability}/spec.md#requirement-{slug},
    |         | not a change dir
--------------------------------------------------------------------------------


[1mFILE: ...s/sq-tails/lib/Service/External/Bunq/BunqBankConnectorAdapterInterface.php[0m
--------------------------------------------------------------------------------
[1mFOUND 0 ERRORS AND 3 WARNINGS AFFECTING 3 LINES[0m
--------------------------------------------------------------------------------
  99 | [33mWARNING[0m | Public method
     |         | BunqBankConnectorAdapterInterface::pullTransactions() is
     |         | missing @spec PHPDoc tag — link back to
     |         | openspec/specs/{capability}/spec.md#requirement-{slug}
 116 | [33mWARNING[0m | Public method
     |         | BunqBankConnectorAdapterInterface::renewConsent() is missing
     |         | @spec PHPDoc tag — link back to
     |         | openspec/specs/{capability}/spec.md#requirement-{slug}
 124 | [33mWARNING[0m | Public method BunqBankConnectorAdapterInterface::isDormant()
     |         | is missing @spec PHPDoc tag — link back to
     |         | openspec/specs/{capability}/spec.md#requirement-{slug}
--------------------------------------------------------------------------------


[1mFILE: ...ils/lib/Service/External/DepositPayment/DepositPaymentAdapterInterface.php[0m
--------------------------------------------------------------------------------
[1mFOUND 0 ERRORS AND 3 WARNINGS AFFECTING 3 LINES[0m
--------------------------------------------------------------------------------
 149 | [33mWARNING[0m | Public method DepositPaymentAdapterInterface::fetchStatus() is
     |         | missing @spec PHPDoc tag — link back to
     |         | openspec/specs/{capability}/spec.md#requirement-{slug}
 169 | [33mWARNING[0m | Public method DepositPaymentAdapterInterface::initiateRefund()
     |         | is missing @spec PHPDoc tag — link back to
     |         | openspec/specs/{capability}/spec.md#requirement-{slug}
 177 | [33mWARNING[0m | Public method DepositPaymentAdapterInterface::isDormant() is
     |         | missing @spec PHPDoc tag — link back to
     |         | openspec/specs/{capability}/spec.md#requirement-{slug}
--------------------------------------------------------------------------------


[1mFILE: .../memcap-work/lq-lanes/sq-tails/lib/Service/IntegralCostPriceCalculator.php[0m
--------------------------------------------------------------------------------
[1mFOUND 0 ERRORS AND 5 WARNINGS AFFECTING 5 LINES[0m
--------------------------------------------------------------------------------
 195 | [33mWARNING[0m | Public method
     |         | IntegralCostPriceCalculator::calculateVermogenskosten() is
     |         | missing @spec PHPDoc tag — link back to
     |         | openspec/specs/{capability}/spec.md#requirement-{slug}
 215 | [33mWARNING[0m | Public method
     |         | IntegralCostPriceCalculator::calculateProfitMarkup() is
     |         | missing @spec PHPDoc tag — link back to
     |         | openspec/specs/{capability}/spec.md#requirement-{slug}
 231 | [33mWARNING[0m | Public method
     |         | IntegralCostPriceCalculator::calculateKostprijsPerEenheid() is
     |         | missing @spec PHPDoc tag — link back to
     |         | openspec/specs/{capability}/spec.md#requirement-{slug}
 249 | [33mWARNING[0m | Public method IntegralCostPriceCalculator::isCompliant() is
     |         | missing @spec PHPDoc tag — link back to
     |         | openspec/specs/{capability}/spec.md#requirement-{slug}
 275 | [33mWARNING[0m | Public method IntegralCostPriceCalculator::compose() is
     |         | missing @spec PHPDoc tag — link back to
     |         | openspec/specs/{capability}/spec.md#requirement-{slug}
--------------------------------------------------------------------------------


[1mFILE: ...lq-lanes/sq-tails/lib/Service/External/RvO/RvOAanvraagAdapterInterface.php[0m
--------------------------------------------------------------------------------
[1mFOUND 0 ERRORS AND 2 WARNINGS AFFECTING 2 LINES[0m
--------------------------------------------------------------------------------
  96 | [33mWARNING[0m | Public method RvOAanvraagAdapterInterface::submit() is missing
     |         | @spec PHPDoc tag — link back to
     |         | openspec/specs/{capability}/spec.md#requirement-{slug}
 103 | [33mWARNING[0m | Public method RvOAanvraagAdapterInterface::isDormant() is
     |         | missing @spec PHPDoc tag — link back to
     |         | openspec/specs/{capability}/spec.md#requirement-{slug}
--------------------------------------------------------------------------------


[1mFILE: .../memcap-work/lq-lanes/sq-tails/lib/Service/Pipelinq/TimelineRetryQueue.php[0m
--------------------------------------------------------------------------------
[1mFOUND 0 ERRORS AND 1 WARNING AFFECTING 1 LINE[0m
--------------------------------------------------------------------------------
 53 | [33mWARNING[0m | Public method TimelineRetryQueue::enqueue() is missing @spec
    |         | PHPDoc tag — link back to
    |         | openspec/specs/{capability}/spec.md#requirement-{slug}
--------------------------------------------------------------------------------


[1mFILE: ...es/sq-tails/lib/Service/External/CcmRuleEngine/LogCcmRuleEngineAdapter.php[0m
--------------------------------------------------------------------------------
[1mFOUND 0 ERRORS AND 3 WARNINGS AFFECTING 3 LINES[0m
--------------------------------------------------------------------------------
  71 | [33mWARNING[0m | Public method LogCcmRuleEngineAdapter::compileRule() is
     |         | missing @spec PHPDoc tag — link back to
     |         | openspec/specs/{capability}/spec.md#requirement-{slug}
 113 | [33mWARNING[0m | Public method LogCcmRuleEngineAdapter::evaluate() is missing
     |         | @spec PHPDoc tag — link back to
     |         | openspec/specs/{capability}/spec.md#requirement-{slug}
 153 | [33mWARNING[0m | Public method LogCcmRuleEngineAdapter::isDormant() is missing
     |         | @spec PHPDoc tag — link back to
     |         | openspec/specs/{capability}/spec.md#requirement-{slug}
--------------------------------------------------------------------------------


[1mFILE: ...q-lanes/sq-tails/lib/Service/External/Bunq/LogBunqBankConnectorAdapter.php[0m
--------------------------------------------------------------------------------
[1mFOUND 0 ERRORS AND 3 WARNINGS AFFECTING 3 LINES[0m
--------------------------------------------------------------------------------
  64 | [33mWARNING[0m | Public method LogBunqBankConnectorAdapter::pullTransactions()
     |         | is missing @spec PHPDoc tag — link back to
     |         | openspec/specs/{capability}/spec.md#requirement-{slug}
  95 | [33mWARNING[0m | Public method LogBunqBankConnectorAdapter::renewConsent() is
     |         | missing @spec PHPDoc tag — link back to
     |         | openspec/specs/{capability}/spec.md#requirement-{slug}
 125 | [33mWARNING[0m | Public method LogBunqBankConnectorAdapter::isDormant() is
     |         | missing @spec PHPDoc tag — link back to
     |         | openspec/specs/{capability}/spec.md#requirement-{slug}
--------------------------------------------------------------------------------


[1mFILE: ...tails/lib/Service/External/CcmRuleEngine/CcmRuleEngineAdapterInterface.php[0m
--------------------------------------------------------------------------------
[1mFOUND 0 ERRORS AND 3 WARNINGS AFFECTING 3 LINES[0m
--------------------------------------------------------------------------------
  93 | [33mWARNING[0m | Public method CcmRuleEngineAdapterInterface::compileRule() is
     |         | missing @spec PHPDoc tag — link back to
     |         | openspec/specs/{capability}/spec.md#requirement-{slug}
 111 | [33mWARNING[0m | Public method CcmRuleEngineAdapterInterface::evaluate() is
     |         | missing @spec PHPDoc tag — link back to
     |         | openspec/specs/{capability}/spec.md#requirement-{slug}
 119 | [33mWARNING[0m | Public method CcmRuleEngineAdapterInterface::isDormant() is
     |         | missing @spec PHPDoc tag — link back to
     |         | openspec/specs/{capability}/spec.md#requirement-{slug}
--------------------------------------------------------------------------------


[1mFILE: ...memcap-work/lq-lanes/sq-tails/lib/Service/External/Ib47/LogIb47Adapter.php[0m
--------------------------------------------------------------------------------
[1mFOUND 0 ERRORS AND 2 WARNINGS AFFECTING 2 LINES[0m
--------------------------------------------------------------------------------
  66 | [33mWARNING[0m | Public method LogIb47Adapter::submit() is missing @spec PHPDoc
     |         | tag — link back to
     |         | openspec/specs/{capability}/spec.md#requirement-{slug}
 124 | [33mWARNING[0m | Public method LogIb47Adapter::isDormant() is missing @spec
     |         | PHPDoc tag — link back to
     |         | openspec/specs/{capability}/spec.md#requirement-{slug}
--------------------------------------------------------------------------------


[1mFILE: ...cap-work/lq-lanes/sq-tails/lib/Service/Pipelinq/TimelinePublishOutcome.php[0m
--------------------------------------------------------------------------------
[1mFOUND 0 ERRORS AND 1 WARNING AFFECTING 1 LINE[0m
--------------------------------------------------------------------------------
 70 | [33mWARNING[0m | Public method TimelinePublishOutcome::isSuccess() is missing
    |         | @spec PHPDoc tag — link back to
    |         | openspec/specs/{capability}/spec.md#requirement-{slug}
--------------------------------------------------------------------------------


[1mFILE: ...-work/lq-lanes/sq-tails/lib/Service/External/RvO/LogRvOAanvraagAdapter.php[0m
--------------------------------------------------------------------------------
[1mFOUND 0 ERRORS AND 2 WARNINGS AFFECTING 2 LINES[0m
--------------------------------------------------------------------------------
  64 | [33mWARNING[0m | Public method LogRvOAanvraagAdapter::submit() is missing @spec
     |         | PHPDoc tag — link back to
     |         | openspec/specs/{capability}/spec.md#requirement-{slug}
 101 | [33mWARNING[0m | Public method LogRvOAanvraagAdapter::isDormant() is missing
     |         | @spec PHPDoc tag — link back to
     |         | openspec/specs/{capability}/spec.md#requirement-{slug}
--------------------------------------------------------------------------------


[1mFILE: ...work/lq-lanes/sq-tails/lib/Service/External/Cbs/CbsIv3AdapterInterface.php[0m
--------------------------------------------------------------------------------
[1mFOUND 0 ERRORS AND 2 WARNINGS AFFECTING 2 LINES[0m
--------------------------------------------------------------------------------
 51 | [33mWARNING[0m | Public method CbsIv3AdapterInterface::submit() is missing @spec
    |         | PHPDoc tag — link back to
    |         | openspec/specs/{capability}/spec.md#requirement-{slug}
 58 | [33mWARNING[0m | Public method CbsIv3AdapterInterface::isDormant() is missing
    |         | @spec PHPDoc tag — link back to
    |         | openspec/specs/{capability}/spec.md#requirement-{slug}
--------------------------------------------------------------------------------


[1mFILE: .../sq-tails/lib/Service/External/DepositPayment/LogDepositPaymentAdapter.php[0m
--------------------------------------------------------------------------------
[1mFOUND 0 ERRORS AND 4 WARNINGS AFFECTING 4 LINES[0m
--------------------------------------------------------------------------------
  75 | [33mWARNING[0m | Public method LogDepositPaymentAdapter::requestPayment() is
     |         | missing @spec PHPDoc tag — link back to
     |         | openspec/specs/{capability}/spec.md#requirement-{slug}
 161 | [33mWARNING[0m | Public method LogDepositPaymentAdapter::fetchStatus() is
     |         | missing @spec PHPDoc tag — link back to
     |         | openspec/specs/{capability}/spec.md#requirement-{slug}
 200 | [33mWARNING[0m | Public method LogDepositPaymentAdapter::initiateRefund() is
     |         | missing @spec PHPDoc tag — link back to
     |         | openspec/specs/{capability}/spec.md#requirement-{slug}
 232 | [33mWARNING[0m | Public method LogDepositPaymentAdapter::isDormant() is missing
     |         | @spec PHPDoc tag — link back to
     |         | openspec/specs/{capability}/spec.md#requirement-{slug}
--------------------------------------------------------------------------------


[1mFILE: ...-work/lq-lanes/sq-tails/lib/Service/External/Ib47/Ib47AdapterInterface.php[0m
--------------------------------------------------------------------------------
[1mFOUND 0 ERRORS AND 2 WARNINGS AFFECTING 2 LINES[0m
--------------------------------------------------------------------------------
  97 | [33mWARNING[0m | Public method Ib47AdapterInterface::submit() is missing @spec
     |         | PHPDoc tag — link back to
     |         | openspec/specs/{capability}/spec.md#requirement-{slug}
 105 | [33mWARNING[0m | Public method Ib47AdapterInterface::isDormant() is missing
     |         | @spec PHPDoc tag — link back to
     |         | openspec/specs/{capability}/spec.md#requirement-{slug}
--------------------------------------------------------------------------------


[1mFILE: ...e/rubenlinde/memcap-work/lq-lanes/sq-tails/lib/Repair/LoadCbsSeedsStep.php[0m
--------------------------------------------------------------------------------
[1mFOUND 0 ERRORS AND 1 WARNING AFFECTING 1 LINE[0m
--------------------------------------------------------------------------------
 89 | [33mWARNING[0m | Public method LoadCbsSeedsStep::getName() is missing @spec
    |         | PHPDoc tag — link back to
    |         | openspec/specs/{capability}/spec.md#requirement-{slug}
--------------------------------------------------------------------------------


[1mFILE: ...mcap-work/lq-lanes/sq-tails/lib/Integration/PaymentRequestLeafProvider.php[0m
--------------------------------------------------------------------------------
[1mFOUND 0 ERRORS AND 14 WARNINGS AFFECTING 14 LINES[0m
--------------------------------------------------------------------------------
 108 | [33mWARNING[0m | Public method PaymentRequestLeafProvider::getId() is missing
     |         | @spec PHPDoc tag — link back to
     |         | openspec/specs/{capability}/spec.md#requirement-{slug}
 117 | [33mWARNING[0m | Public method PaymentRequestLeafProvider::getLabel() is
     |         | missing @spec PHPDoc tag — link back to
     |         | openspec/specs/{capability}/spec.md#requirement-{slug}
 126 | [33mWARNING[0m | Public method PaymentRequestLeafProvider::getIcon() is missing
     |         | @spec PHPDoc tag — link back to
     |         | openspec/specs/{capability}/spec.md#requirement-{slug}
 135 | [33mWARNING[0m | Public method PaymentRequestLeafProvider::getGroup() is
     |         | missing @spec PHPDoc tag — link back to
     |         | openspec/specs/{capability}/spec.md#requirement-{slug}
 144 | [33mWARNING[0m | Public method PaymentRequestLeafProvider::getRequiredApp() is
     |         | missing @spec PHPDoc tag — link back to
     |         | openspec/specs/{capability}/spec.md#requirement-{slug}
 153 | [33mWARNING[0m | Public method PaymentRequestLeafProvider::getStorageStrategy()
     |         | is missing @spec PHPDoc tag — link back to
     |         | openspec/specs/{capability}/spec.md#requirement-{slug}
 163 | [33mWARNING[0m | Public method
     |         | PaymentRequestLeafProvider::getOpenConnectorSource() is
     |         | missing @spec PHPDoc tag — link back to
     |         | openspec/specs/{capability}/spec.md#requirement-{slug}
 172 | [33mWARNING[0m | Public method PaymentRequestLeafProvider::isEnabled() is
     |         | missing @spec PHPDoc tag — link back to
     |         | openspec/specs/{capability}/spec.md#requirement-{slug}
 181 | [33mWARNING[0m | Public method PaymentRequestLeafProvider::requiresPermission()
     |         | is missing @spec PHPDoc tag — link back to
     |         | openspec/specs/{capability}/spec.md#requirement-{slug}
 190 | [33mWARNING[0m | Public method PaymentRequestLeafProvider::authRequirements()
     |         | is missing @spec PHPDoc tag — link back to
     |         | openspec/specs/{capability}/spec.md#requirement-{slug}
 308 | [33mWARNING[0m | Public method PaymentRequestLeafProvider::get() is missing
     |         | @spec PHPDoc tag — link back to
     |         | openspec/specs/{capability}/spec.md#requirement-{slug}
 410 | [33mWARNING[0m | Public method PaymentRequestLeafProvider::update() is missing
     |         | @spec PHPDoc tag — link back to
     |         | openspec/specs/{capability}/spec.md#requirement-{slug}
 430 | [33mWARNING[0m | Public method PaymentRequestLeafProvider::delete() is missing
     |         | @spec PHPDoc tag — link back to
     |         | openspec/specs/{capability}/spec.md#requirement-{slug}
 439 | [33mWARNING[0m | Public method PaymentRequestLeafProvider::health() is missing
     |         | @spec PHPDoc tag — link back to
     |         | openspec/specs/{capability}/spec.md#requirement-{slug}
--------------------------------------------------------------------------------


[1mFILE: ...es/sq-tails/lib/Service/External/Salarisbureau/LogSalarisbureauAdapter.php[0m
--------------------------------------------------------------------------------
[1mFOUND 0 ERRORS AND 2 WARNINGS AFFECTING 2 LINES[0m
--------------------------------------------------------------------------------
  65 | [33mWARNING[0m | Public method LogSalarisbureauAdapter::submit() is missing
     |         | @spec PHPDoc tag — link back to
     |         | openspec/specs/{capability}/spec.md#requirement-{slug}
 116 | [33mWARNING[0m | Public method LogSalarisbureauAdapter::isDormant() is missing
     |         | @spec PHPDoc tag — link back to
     |         | openspec/specs/{capability}/spec.md#requirement-{slug}
--------------------------------------------------------------------------------


[1mFILE: ...rk/lq-lanes/sq-tails/lib/Service/Pipelinq/LoggingPipelinqAdminNotifier.php[0m
--------------------------------------------------------------------------------
[1mFOUND 0 ERRORS AND 1 WARNING AFFECTING 1 LINE[0m
--------------------------------------------------------------------------------
 69 | [33mWARNING[0m | Public method LoggingPipelinqAdminNotifier::notifyAuthFailure()
    |         | is missing @spec PHPDoc tag — link back to
    |         | openspec/specs/{capability}/spec.md#requirement-{slug}
--------------------------------------------------------------------------------


[1mFILE: ...mcap-work/lq-lanes/sq-tails/lib/Service/AdministrationMigrationService.php[0m
--------------------------------------------------------------------------------
[1mFOUND 0 ERRORS AND 1 WARNING AFFECTING 1 LINE[0m
--------------------------------------------------------------------------------
 79 | [33mWARNING[0m | Public method AdministrationMigrationService::toCents() is
    |         | missing @spec PHPDoc tag — link back to
    |         | openspec/specs/{capability}/spec.md#requirement-{slug}
--------------------------------------------------------------------------------


[1mFILE: ...emcap-work/lq-lanes/sq-tails/lib/Service/External/Cbs/LogCbsIv3Adapter.php[0m
--------------------------------------------------------------------------------
[1mFOUND 0 ERRORS AND 2 WARNINGS AFFECTING 2 LINES[0m
--------------------------------------------------------------------------------
 55 | [33mWARNING[0m | Public method LogCbsIv3Adapter::submit() is missing @spec
    |         | PHPDoc tag — link back to
    |         | openspec/specs/{capability}/spec.md#requirement-{slug}
 87 | [33mWARNING[0m | Public method LogCbsIv3Adapter::isDormant() is missing @spec
    |         | PHPDoc tag — link back to
    |         | openspec/specs/{capability}/spec.md#requirement-{slug}
--------------------------------------------------------------------------------


[1mFILE: ...work/lq-lanes/sq-tails/lib/Service/External/Cbs/LogCbsBestandenAdapter.php[0m
--------------------------------------------------------------------------------
[1mFOUND 0 ERRORS AND 2 WARNINGS AFFECTING 2 LINES[0m
--------------------------------------------------------------------------------
 56 | [33mWARNING[0m | Public method LogCbsBestandenAdapter::submit() is missing @spec
    |         | PHPDoc tag — link back to
    |         | openspec/specs/{capability}/spec.md#requirement-{slug}
 89 | [33mWARNING[0m | Public method LogCbsBestandenAdapter::isDormant() is missing
    |         | @spec PHPDoc tag — link back to
    |         | openspec/specs/{capability}/spec.md#requirement-{slug}
--------------------------------------------------------------------------------


[1mFILE: ...tails/lib/Service/External/Salarisbureau/SalarisbureauAdapterInterface.php[0m
--------------------------------------------------------------------------------
[1mFOUND 0 ERRORS AND 2 WARNINGS AFFECTING 2 LINES[0m
--------------------------------------------------------------------------------
 91 | [33mWARNING[0m | Public method SalarisbureauAdapterInterface::submit() is
    |         | missing @spec PHPDoc tag — link back to
    |         | openspec/specs/{capability}/spec.md#requirement-{slug}
 98 | [33mWARNING[0m | Public method SalarisbureauAdapterInterface::isDormant() is
    |         | missing @spec PHPDoc tag — link back to
    |         | openspec/specs/{capability}/spec.md#requirement-{slug}
--------------------------------------------------------------------------------


[1mFILE: .../rubenlinde/memcap-work/lq-lanes/sq-tails/lib/Service/ENSIAXmlExporter.php[0m
--------------------------------------------------------------------------------
[1mFOUND 0 ERRORS AND 2 WARNINGS AFFECTING 2 LINES[0m
--------------------------------------------------------------------------------
 71 | [33mWARNING[0m | Public method ENSIAXmlExporter::canExport() is missing @spec
    |         | PHPDoc tag — link back to
    |         | openspec/specs/{capability}/spec.md#requirement-{slug}
 90 | [33mWARNING[0m | Public method ENSIAXmlExporter::render() is missing @spec
    |         | PHPDoc tag — link back to
    |         | openspec/specs/{capability}/spec.md#requirement-{slug}
--------------------------------------------------------------------------------


[1mFILE: ...q-tails/lib/Service/External/TreasuryRate/TreasuryRateAdapterInterface.php[0m
--------------------------------------------------------------------------------
[1mFOUND 0 ERRORS AND 3 WARNINGS AFFECTING 3 LINES[0m
--------------------------------------------------------------------------------
  91 | [33mWARNING[0m | Public method
     |         | TreasuryRateAdapterInterface::fetchReferenceRate() is missing
     |         | @spec PHPDoc tag — link back to
     |         | openspec/specs/{capability}/spec.md#requirement-{slug}
 103 | [33mWARNING[0m | Public method TreasuryRateAdapterInterface::fetchFxSpot() is
     |         | missing @spec PHPDoc tag — link back to
     |         | openspec/specs/{capability}/spec.md#requirement-{slug}
 111 | [33mWARNING[0m | Public method TreasuryRateAdapterInterface::isDormant() is
     |         | missing @spec PHPDoc tag — link back to
     |         | openspec/specs/{capability}/spec.md#requirement-{slug}
--------------------------------------------------------------------------------


[1mFILE: ...lanes/sq-tails/lib/Reporting/Generator/ManagementLetterReportGenerator.php[0m
--------------------------------------------------------------------------------
[1mFOUND 0 ERRORS AND 2 WARNINGS AFFECTING 2 LINES[0m
--------------------------------------------------------------------------------
 59 | [33mWARNING[0m | Class ManagementLetterReportGenerator is missing @spec PHPDoc
    |         | tag — link back to
    |         | openspec/specs/{capability}/spec.md#requirement-{slug}, not a
    |         | change dir
 65 | [33mWARNING[0m | Public method ManagementLetterReportGenerator::reportType() is
    |         | missing @spec PHPDoc tag — link back to
    |         | openspec/specs/{capability}/spec.md#requirement-{slug}
--------------------------------------------------------------------------------


[1mFILE: ...q-lanes/sq-tails/lib/Service/External/Cbs/CbsBestandenAdapterInterface.php[0m
--------------------------------------------------------------------------------
[1mFOUND 0 ERRORS AND 2 WARNINGS AFFECTING 2 LINES[0m
--------------------------------------------------------------------------------
 61 | [33mWARNING[0m | Public method CbsBestandenAdapterInterface::submit() is missing
    |         | @spec PHPDoc tag — link back to
    |         | openspec/specs/{capability}/spec.md#requirement-{slug}
 68 | [33mWARNING[0m | Public method CbsBestandenAdapterInterface::isDormant() is
    |         | missing @spec PHPDoc tag — link back to
    |         | openspec/specs/{capability}/spec.md#requirement-{slug}
--------------------------------------------------------------------------------


[1mFILE: ...emcap-work/lq-lanes/sq-tails/lib/Service/PaymentRevenueAccountResolver.php[0m
--------------------------------------------------------------------------------
[1mFOUND 0 ERRORS AND 1 WARNING AFFECTING 1 LINE[0m
--------------------------------------------------------------------------------
 89 | [33mWARNING[0m | Public method PaymentRevenueAccountResolver::all() is missing
    |         | @spec PHPDoc tag — link back to
    |         | openspec/specs/{capability}/spec.md#requirement-{slug}
--------------------------------------------------------------------------------


[1mFILE: ...anes/sq-tails/lib/Service/External/TreasuryRate/LogTreasuryRateAdapter.php[0m
--------------------------------------------------------------------------------
[1mFOUND 0 ERRORS AND 3 WARNINGS AFFECTING 3 LINES[0m
--------------------------------------------------------------------------------
  70 | [33mWARNING[0m | Public method LogTreasuryRateAdapter::fetchReferenceRate() is
     |         | missing @spec PHPDoc tag — link back to
     |         | openspec/specs/{capability}/spec.md#requirement-{slug}
 108 | [33mWARNING[0m | Public method LogTreasuryRateAdapter::fetchFxSpot() is missing
     |         | @spec PHPDoc tag — link back to
     |         | openspec/specs/{capability}/spec.md#requirement-{slug}
 144 | [33mWARNING[0m | Public method LogTreasuryRateAdapter::isDormant() is missing
     |         | @spec PHPDoc tag — link back to
     |         | openspec/specs/{capability}/spec.md#requirement-{slug}
--------------------------------------------------------------------------------


[1mFILE: ...benlinde/memcap-work/lq-lanes/sq-tails/lib/Service/HrmqCostRateAdapter.php[0m
--------------------------------------------------------------------------------
[1mFOUND 0 ERRORS AND 1 WARNING AFFECTING 1 LINE[0m
--------------------------------------------------------------------------------
 200 | [33mWARNING[0m | Inline comments must end in full-stops, exclamation marks, or
     |         | question marks
--------------------------------------------------------------------------------


[1mFILE: ...linde/memcap-work/lq-lanes/sq-tails/lib/Lifecycle/WbsoTransactionGuard.php[0m
--------------------------------------------------------------------------------
[1mFOUND 0 ERRORS AND 2 WARNINGS AFFECTING 2 LINES[0m
--------------------------------------------------------------------------------
 69 | [33mWARNING[0m | Public method WbsoTransactionGuard::canPost() is missing @spec
    |         | PHPDoc tag — link back to
    |         | openspec/specs/{capability}/spec.md#requirement-{slug}
 96 | [33mWARNING[0m | Public method WbsoTransactionGuard::canReverse() is missing
    |         | @spec PHPDoc tag — link back to
    |         | openspec/specs/{capability}/spec.md#requirement-{slug}
--------------------------------------------------------------------------------


[1mFILE: ...q-tails/lib/Service/External/CsrdEsrsXbrl/CsrdEsrsXbrlAdapterInterface.php[0m
--------------------------------------------------------------------------------
[1mFOUND 0 ERRORS AND 4 WARNINGS AFFECTING 4 LINES[0m
--------------------------------------------------------------------------------
 106 | [33mWARNING[0m | Public method CsrdEsrsXbrlAdapterInterface::mapTaxonomy() is
     |         | missing @spec PHPDoc tag — link back to
     |         | openspec/specs/{capability}/spec.md#requirement-{slug}
 122 | [33mWARNING[0m | Public method
     |         | CsrdEsrsXbrlAdapterInterface::validateMandatoryDataPoints() is
     |         | missing @spec PHPDoc tag — link back to
     |         | openspec/specs/{capability}/spec.md#requirement-{slug}
 142 | [33mWARNING[0m | Public method CsrdEsrsXbrlAdapterInterface::buildInstance() is
     |         | missing @spec PHPDoc tag — link back to
     |         | openspec/specs/{capability}/spec.md#requirement-{slug}
 150 | [33mWARNING[0m | Public method CsrdEsrsXbrlAdapterInterface::isDormant() is
     |         | missing @spec PHPDoc tag — link back to
     |         | openspec/specs/{capability}/spec.md#requirement-{slug}
--------------------------------------------------------------------------------


[1mFILE: ...e/memcap-work/lq-lanes/sq-tails/lib/Service/DropApiVerificationService.php[0m
--------------------------------------------------------------------------------
[1mFOUND 0 ERRORS AND 3 WARNINGS AFFECTING 3 LINES[0m
--------------------------------------------------------------------------------
  58 | [33mWARNING[0m | Public method
     |         | DropApiVerificationService::composeLookupRequest() is missing
     |         | @spec PHPDoc tag — link back to
     |         | openspec/specs/{capability}/spec.md#requirement-{slug}
  85 | [33mWARNING[0m | Public method DropApiVerificationService::parseResponse() is
     |         | missing @spec PHPDoc tag — link back to
     |         | openspec/specs/{capability}/spec.md#requirement-{slug}
 125 | [33mWARNING[0m | Public method DropApiVerificationService::applyVerification()
     |         | is missing @spec PHPDoc tag — link back to
     |         | openspec/specs/{capability}/spec.md#requirement-{slug}
--------------------------------------------------------------------------------


[1mFILE: ...inde/memcap-work/lq-lanes/sq-tails/lib/Controller/InvoiceApiController.php[0m
--------------------------------------------------------------------------------
[1mFOUND 0 ERRORS AND 1 WARNING AFFECTING 1 LINE[0m
--------------------------------------------------------------------------------
 57 | [33mWARNING[0m | Class InvoiceApiController is missing @spec PHPDoc tag — link
    |         | back to openspec/specs/{capability}/spec.md#requirement-{slug},
    |         | not a change dir
--------------------------------------------------------------------------------


[1mFILE: ...nde/memcap-work/lq-lanes/sq-tails/lib/Command/RulesSeedTestDataCommand.php[0m
--------------------------------------------------------------------------------
[1mFOUND 0 ERRORS AND 1 WARNING AFFECTING 1 LINE[0m
--------------------------------------------------------------------------------
 37 | [33mWARNING[0m | Class RulesSeedTestDataCommand is missing @spec PHPDoc tag —
    |         | link back to
    |         | openspec/specs/{capability}/spec.md#requirement-{slug}, not a
    |         | change dir
--------------------------------------------------------------------------------


[1mFILE: ...lq-lanes/sq-tails/lib/Reporting/Generator/GeneralLedgerReportGenerator.php[0m
--------------------------------------------------------------------------------
[1mFOUND 0 ERRORS AND 4 WARNINGS AFFECTING 4 LINES[0m
--------------------------------------------------------------------------------
  57 | [33mWARNING[0m | Class GeneralLedgerReportGenerator is missing @spec PHPDoc tag
     |         | — link back to
     |         | openspec/specs/{capability}/spec.md#requirement-{slug}, not a
     |         | change dir
  79 | [33mWARNING[0m | Public method GeneralLedgerReportGenerator::reportType() is
     |         | missing @spec PHPDoc tag — link back to
     |         | openspec/specs/{capability}/spec.md#requirement-{slug}
  88 | [33mWARNING[0m | Public method GeneralLedgerReportGenerator::supportedFormats()
     |         | is missing @spec PHPDoc tag — link back to
     |         | openspec/specs/{capability}/spec.md#requirement-{slug}
 100 | [33mWARNING[0m | Public method GeneralLedgerReportGenerator::generate() is
     |         | missing @spec PHPDoc tag — link back to
     |         | openspec/specs/{capability}/spec.md#requirement-{slug}
--------------------------------------------------------------------------------


[1mFILE: ...q-lanes/sq-tails/lib/Reporting/Generator/AnnualAccountsReportGenerator.php[0m
--------------------------------------------------------------------------------
[1mFOUND 0 ERRORS AND 2 WARNINGS AFFECTING 2 LINES[0m
--------------------------------------------------------------------------------
 52 | [33mWARNING[0m | Class AnnualAccountsReportGenerator is missing @spec PHPDoc tag
    |         | — link back to
    |         | openspec/specs/{capability}/spec.md#requirement-{slug}, not a
    |         | change dir
 58 | [33mWARNING[0m | Public method AnnualAccountsReportGenerator::reportType() is
    |         | missing @spec PHPDoc tag — link back to
    |         | openspec/specs/{capability}/spec.md#requirement-{slug}
--------------------------------------------------------------------------------


[1mFILE: .../memcap-work/lq-lanes/sq-tails/lib/Listener/AppointmentCreatedListener.php[0m
--------------------------------------------------------------------------------
[1mFOUND 0 ERRORS AND 1 WARNING AFFECTING 1 LINE[0m
--------------------------------------------------------------------------------
 74 | [33mWARNING[0m | Public method AppointmentCreatedListener::handle() is missing
    |         | @spec PHPDoc tag — link back to
    |         | openspec/specs/{capability}/spec.md#requirement-{slug}
--------------------------------------------------------------------------------


[1mFILE: ...k/lq-lanes/sq-tails/lib/Service/External/Uwv/LogUwvLoonaangifteAdapter.php[0m
--------------------------------------------------------------------------------
[1mFOUND 0 ERRORS AND 3 WARNINGS AFFECTING 3 LINES[0m
--------------------------------------------------------------------------------
  66 | [33mWARNING[0m | Public method LogUwvLoonaangifteAdapter::pullStatus() is
     |         | missing @spec PHPDoc tag — link back to
     |         | openspec/specs/{capability}/spec.md#requirement-{slug}
  99 | [33mWARNING[0m | Public method LogUwvLoonaangifteAdapter::lookupSector() is
     |         | missing @spec PHPDoc tag — link back to
     |         | openspec/specs/{capability}/spec.md#requirement-{slug}
 131 | [33mWARNING[0m | Public method LogUwvLoonaangifteAdapter::isDormant() is
     |         | missing @spec PHPDoc tag — link back to
     |         | openspec/specs/{capability}/spec.md#requirement-{slug}
--------------------------------------------------------------------------------


[1mFILE: ...rubenlinde/memcap-work/lq-lanes/sq-tails/lib/Command/RulesAuditCommand.php[0m
--------------------------------------------------------------------------------
[1mFOUND 0 ERRORS AND 1 WARNING AFFECTING 1 LINE[0m
--------------------------------------------------------------------------------
 38 | [33mWARNING[0m | Class RulesAuditCommand is missing @spec PHPDoc tag — link
    |         | back to openspec/specs/{capability}/spec.md#requirement-{slug},
    |         | not a change dir
--------------------------------------------------------------------------------


[1mFILE: ...-lanes/sq-tails/lib/Service/PurchaseOrder/PurchaseOrderMailerInterface.php[0m
--------------------------------------------------------------------------------
[1mFOUND 0 ERRORS AND 1 WARNING AFFECTING 1 LINE[0m
--------------------------------------------------------------------------------
 55 | [33mWARNING[0m | Public method
    |         | PurchaseOrderMailerInterface::sendPurchaseOrderEmail() is
    |         | missing @spec PHPDoc tag — link back to
    |         | openspec/specs/{capability}/spec.md#requirement-{slug}
--------------------------------------------------------------------------------


[1mFILE: ...nde/memcap-work/lq-lanes/sq-tails/lib/Integration/ContractLeafProvider.php[0m
--------------------------------------------------------------------------------
[1mFOUND 0 ERRORS AND 14 WARNINGS AFFECTING 14 LINES[0m
--------------------------------------------------------------------------------
  89 | [33mWARNING[0m | Public method ContractLeafProvider::getId() is missing @spec
     |         | PHPDoc tag — link back to
     |         | openspec/specs/{capability}/spec.md#requirement-{slug}
  98 | [33mWARNING[0m | Public method ContractLeafProvider::getLabel() is missing
     |         | @spec PHPDoc tag — link back to
     |         | openspec/specs/{capability}/spec.md#requirement-{slug}
 107 | [33mWARNING[0m | Public method ContractLeafProvider::getIcon() is missing @spec
     |         | PHPDoc tag — link back to
     |         | openspec/specs/{capability}/spec.md#requirement-{slug}
 116 | [33mWARNING[0m | Public method ContractLeafProvider::getGroup() is missing
     |         | @spec PHPDoc tag — link back to
     |         | openspec/specs/{capability}/spec.md#requirement-{slug}
 125 | [33mWARNING[0m | Public method ContractLeafProvider::getRequiredApp() is
     |         | missing @spec PHPDoc tag — link back to
     |         | openspec/specs/{capability}/spec.md#requirement-{slug}
 134 | [33mWARNING[0m | Public method ContractLeafProvider::getStorageStrategy() is
     |         | missing @spec PHPDoc tag — link back to
     |         | openspec/specs/{capability}/spec.md#requirement-{slug}
 143 | [33mWARNING[0m | Public method ContractLeafProvider::getOpenConnectorSource()
     |         | is missing @spec PHPDoc tag — link back to
     |         | openspec/specs/{capability}/spec.md#requirement-{slug}
 152 | [33mWARNING[0m | Public method ContractLeafProvider::isEnabled() is missing
     |         | @spec PHPDoc tag — link back to
     |         | openspec/specs/{capability}/spec.md#requirement-{slug}
 161 | [33mWARNING[0m | Public method ContractLeafProvider::requiresPermission() is
     |         | missing @spec PHPDoc tag — link back to
     |         | openspec/specs/{capability}/spec.md#requirement-{slug}
 170 | [33mWARNING[0m | Public method ContractLeafProvider::authRequirements() is
     |         | missing @spec PHPDoc tag — link back to
     |         | openspec/specs/{capability}/spec.md#requirement-{slug}
 243 | [33mWARNING[0m | Public method ContractLeafProvider::create() is missing @spec
     |         | PHPDoc tag — link back to
     |         | openspec/specs/{capability}/spec.md#requirement-{slug}
 264 | [33mWARNING[0m | Public method ContractLeafProvider::update() is missing @spec
     |         | PHPDoc tag — link back to
     |         | openspec/specs/{capability}/spec.md#requirement-{slug}
 284 | [33mWARNING[0m | Public method ContractLeafProvider::delete() is missing @spec
     |         | PHPDoc tag — link back to
     |         | openspec/specs/{capability}/spec.md#requirement-{slug}
 293 | [33mWARNING[0m | Public method ContractLeafProvider::health() is missing @spec
     |         | PHPDoc tag — link back to
     |         | openspec/specs/{capability}/spec.md#requirement-{slug}
--------------------------------------------------------------------------------


[1mFILE: .../rubenlinde/memcap-work/lq-lanes/sq-tails/lib/Sections/SettingsSection.php[0m
--------------------------------------------------------------------------------
[1mFOUND 0 ERRORS AND 5 WARNINGS AFFECTING 5 LINES[0m
--------------------------------------------------------------------------------
 35 | [33mWARNING[0m | Class SettingsSection is missing @spec PHPDoc tag — link back
    |         | to openspec/specs/{capability}/spec.md#requirement-{slug}, not
    |         | a change dir
 53 | [33mWARNING[0m | Public method SettingsSection::getID() is missing @spec PHPDoc
    |         | tag — link back to
    |         | openspec/specs/{capability}/spec.md#requirement-{slug}
 62 | [33mWARNING[0m | Public method SettingsSection::getName() is missing @spec
    |         | PHPDoc tag — link back to
    |         | openspec/specs/{capability}/spec.md#requirement-{slug}
 71 | [33mWARNING[0m | Public method SettingsSection::getPriority() is missing @spec
    |         | PHPDoc tag — link back to
    |         | openspec/specs/{capability}/spec.md#requirement-{slug}
 80 | [33mWARNING[0m | Public method SettingsSection::getIcon() is missing @spec
    |         | PHPDoc tag — link back to
    |         | openspec/specs/{capability}/spec.md#requirement-{slug}
--------------------------------------------------------------------------------


[1mFILE: ...anes/sq-tails/lib/Service/External/CsrdEsrsXbrl/LogCsrdEsrsXbrlAdapter.php[0m
--------------------------------------------------------------------------------
[1mFOUND 0 ERRORS AND 4 WARNINGS AFFECTING 4 LINES[0m
--------------------------------------------------------------------------------
  71 | [33mWARNING[0m | Public method LogCsrdEsrsXbrlAdapter::mapTaxonomy() is missing
     |         | @spec PHPDoc tag — link back to
     |         | openspec/specs/{capability}/spec.md#requirement-{slug}
 114 | [33mWARNING[0m | Public method
     |         | LogCsrdEsrsXbrlAdapter::validateMandatoryDataPoints() is
     |         | missing @spec PHPDoc tag — link back to
     |         | openspec/specs/{capability}/spec.md#requirement-{slug}
 155 | [33mWARNING[0m | Public method LogCsrdEsrsXbrlAdapter::buildInstance() is
     |         | missing @spec PHPDoc tag — link back to
     |         | openspec/specs/{capability}/spec.md#requirement-{slug}
 190 | [33mWARNING[0m | Public method LogCsrdEsrsXbrlAdapter::isDormant() is missing
     |         | @spec PHPDoc tag — link back to
     |         | openspec/specs/{capability}/spec.md#requirement-{slug}
--------------------------------------------------------------------------------


[1mFILE: ...anes/sq-tails/lib/Service/External/Uwv/UwvLoonaangifteAdapterInterface.php[0m
--------------------------------------------------------------------------------
[1mFOUND 0 ERRORS AND 3 WARNINGS AFFECTING 3 LINES[0m
--------------------------------------------------------------------------------
  96 | [33mWARNING[0m | Public method UwvLoonaangifteAdapterInterface::pullStatus() is
     |         | missing @spec PHPDoc tag — link back to
     |         | openspec/specs/{capability}/spec.md#requirement-{slug}
 114 | [33mWARNING[0m | Public method UwvLoonaangifteAdapterInterface::lookupSector()
     |         | is missing @spec PHPDoc tag — link back to
     |         | openspec/specs/{capability}/spec.md#requirement-{slug}
 122 | [33mWARNING[0m | Public method UwvLoonaangifteAdapterInterface::isDormant() is
     |         | missing @spec PHPDoc tag — link back to
     |         | openspec/specs/{capability}/spec.md#requirement-{slug}
--------------------------------------------------------------------------------


[1mFILE: ...rk/lq-lanes/sq-tails/lib/Reporting/Generator/ProfitLossReportGenerator.php[0m
--------------------------------------------------------------------------------
[1mFOUND 0 ERRORS AND 2 WARNINGS AFFECTING 2 LINES[0m
--------------------------------------------------------------------------------
 57 | [33mWARNING[0m | Class ProfitLossReportGenerator is missing @spec PHPDoc tag —
    |         | link back to
    |         | openspec/specs/{capability}/spec.md#requirement-{slug}, not a
    |         | change dir
 97 | [33mWARNING[0m | Public method ProfitLossReportGenerator::reportType() is
    |         | missing @spec PHPDoc tag — link back to
    |         | openspec/specs/{capability}/spec.md#requirement-{slug}
--------------------------------------------------------------------------------


[1mFILE: ...ork/lq-lanes/sq-tails/lib/Service/PurchaseOrder/LogPurchaseOrderMailer.php[0m
--------------------------------------------------------------------------------
[1mFOUND 0 ERRORS AND 1 WARNING AFFECTING 1 LINE[0m
--------------------------------------------------------------------------------
 68 | [33mWARNING[0m | Public method LogPurchaseOrderMailer::sendPurchaseOrderEmail()
    |         | is missing @spec PHPDoc tag — link back to
    |         | openspec/specs/{capability}/spec.md#requirement-{slug}
--------------------------------------------------------------------------------


[1mFILE: .../lq-lanes/sq-tails/lib/Reporting/Generator/TrialBalanceReportGenerator.php[0m
--------------------------------------------------------------------------------
[1mFOUND 0 ERRORS AND 4 WARNINGS AFFECTING 4 LINES[0m
--------------------------------------------------------------------------------
  63 | [33mWARNING[0m | Class TrialBalanceReportGenerator is missing @spec PHPDoc tag
     |         | — link back to
     |         | openspec/specs/{capability}/spec.md#requirement-{slug}, not a
     |         | change dir
  85 | [33mWARNING[0m | Public method TrialBalanceReportGenerator::reportType() is
     |         | missing @spec PHPDoc tag — link back to
     |         | openspec/specs/{capability}/spec.md#requirement-{slug}
  94 | [33mWARNING[0m | Public method TrialBalanceReportGenerator::supportedFormats()
     |         | is missing @spec PHPDoc tag — link back to
     |         | openspec/specs/{capability}/spec.md#requirement-{slug}
 106 | [33mWARNING[0m | Public method TrialBalanceReportGenerator::generate() is
     |         | missing @spec PHPDoc tag — link back to
     |         | openspec/specs/{capability}/spec.md#requirement-{slug}
--------------------------------------------------------------------------------


[1mFILE: ...rubenlinde/memcap-work/lq-lanes/sq-tails/lib/Reporting/ReportCatalogue.php[0m
--------------------------------------------------------------------------------
[1mFOUND 0 ERRORS AND 3 WARNINGS AFFECTING 3 LINES[0m
--------------------------------------------------------------------------------
  58 | [33mWARNING[0m | Class ReportCatalogue is missing @spec PHPDoc tag — link
     |         | back to
     |         | openspec/specs/{capability}/spec.md#requirement-{slug}, not a
     |         | change dir
  80 | [33mWARNING[0m | Public method ReportCatalogue::all() is missing @spec PHPDoc
     |         | tag — link back to
     |         | openspec/specs/{capability}/spec.md#requirement-{slug}
 121 | [33mWARNING[0m | Public method ReportCatalogue::byId() is missing @spec PHPDoc
     |         | tag — link back to
     |         | openspec/specs/{capability}/spec.md#requirement-{slug}
--------------------------------------------------------------------------------


[1mFILE: ...lanes/sq-tails/lib/Service/External/Sisa/BzkSisaUploadAdapterInterface.php[0m
--------------------------------------------------------------------------------
[1mFOUND 0 ERRORS AND 2 WARNINGS AFFECTING 2 LINES[0m
--------------------------------------------------------------------------------
 56 | [33mWARNING[0m | Public method BzkSisaUploadAdapterInterface::upload() is
    |         | missing @spec PHPDoc tag — link back to
    |         | openspec/specs/{capability}/spec.md#requirement-{slug}
 63 | [33mWARNING[0m | Public method BzkSisaUploadAdapterInterface::isDormant() is
    |         | missing @spec PHPDoc tag — link back to
    |         | openspec/specs/{capability}/spec.md#requirement-{slug}
--------------------------------------------------------------------------------


[1mFILE: ...-lanes/sq-tails/lib/Service/Migration/GlLineFiscalYearBackfillMigrator.php[0m
--------------------------------------------------------------------------------
[1mFOUND 0 ERRORS AND 1 WARNING AFFECTING 1 LINE[0m
--------------------------------------------------------------------------------
 64 | [33mWARNING[0m | Class GlLineFiscalYearBackfillMigrator is missing @spec PHPDoc
    |         | tag — link back to
    |         | openspec/specs/{capability}/spec.md#requirement-{slug}, not a
    |         | change dir
--------------------------------------------------------------------------------


[1mFILE: ...p-work/lq-lanes/sq-tails/lib/PaymentRun/Generator/SepaPain001Generator.php[0m
--------------------------------------------------------------------------------
[1mFOUND 0 ERRORS AND 3 WARNINGS AFFECTING 3 LINES[0m
--------------------------------------------------------------------------------
 44 | [33mWARNING[0m | Class SepaPain001Generator is missing @spec PHPDoc tag — link
    |         | back to openspec/specs/{capability}/spec.md#requirement-{slug},
    |         | not a change dir
 58 | [33mWARNING[0m | Public method SepaPain001Generator::format() is missing @spec
    |         | PHPDoc tag — link back to
    |         | openspec/specs/{capability}/spec.md#requirement-{slug}
 69 | [33mWARNING[0m | Public method SepaPain001Generator::render() is missing @spec
    |         | PHPDoc tag — link back to
    |         | openspec/specs/{capability}/spec.md#requirement-{slug}
--------------------------------------------------------------------------------


[1mFILE: ...work/lq-lanes/sq-tails/lib/Service/Migration/BudgetSchemaSplitMigrator.php[0m
--------------------------------------------------------------------------------
[1mFOUND 0 ERRORS AND 1 WARNING AFFECTING 1 LINE[0m
--------------------------------------------------------------------------------
 77 | [33mWARNING[0m | Class BudgetSchemaSplitMigrator is missing @spec PHPDoc tag —
    |         | link back to
    |         | openspec/specs/{capability}/spec.md#requirement-{slug}, not a
    |         | change dir
--------------------------------------------------------------------------------


[1mFILE: .../lq-lanes/sq-tails/lib/Service/Migration/RevenueContractRenameMigrator.php[0m
--------------------------------------------------------------------------------
[1mFOUND 0 ERRORS AND 1 WARNING AFFECTING 1 LINE[0m
--------------------------------------------------------------------------------
 70 | [33mWARNING[0m | Class RevenueContractRenameMigrator is missing @spec PHPDoc tag
    |         | — link back to
    |         | openspec/specs/{capability}/spec.md#requirement-{slug}, not a
    |         | change dir
--------------------------------------------------------------------------------


[1mFILE: ...q-lanes/sq-tails/lib/Reporting/Generator/BbvJaarstukkenReportGenerator.php[0m
--------------------------------------------------------------------------------
[1mFOUND 0 ERRORS AND 2 WARNINGS AFFECTING 2 LINES[0m
--------------------------------------------------------------------------------
 57 | [33mWARNING[0m | Class BbvJaarstukkenReportGenerator is missing @spec PHPDoc tag
    |         | — link back to
    |         | openspec/specs/{capability}/spec.md#requirement-{slug}, not a
    |         | change dir
 63 | [33mWARNING[0m | Public method BbvJaarstukkenReportGenerator::reportType() is
    |         | missing @spec PHPDoc tag — link back to
    |         | openspec/specs/{capability}/spec.md#requirement-{slug}
--------------------------------------------------------------------------------


[1mFILE: ...q-lanes/sq-tails/lib/PaymentRun/Generator/PaymentRunGeneratorInterface.php[0m
--------------------------------------------------------------------------------
[1mFOUND 0 ERRORS AND 2 WARNINGS AFFECTING 2 LINES[0m
--------------------------------------------------------------------------------
 47 | [33mWARNING[0m | Public method PaymentRunGeneratorInterface::format() is missing
    |         | @spec PHPDoc tag — link back to
    |         | openspec/specs/{capability}/spec.md#requirement-{slug}
 59 | [33mWARNING[0m | Public method PaymentRunGeneratorInterface::render() is missing
    |         | @spec PHPDoc tag — link back to
    |         | openspec/specs/{capability}/spec.md#requirement-{slug}
--------------------------------------------------------------------------------


[1mFILE: ...emcap-work/lq-lanes/sq-tails/lib/Service/InventoryMobileScannerService.php[0m
--------------------------------------------------------------------------------
[1mFOUND 0 ERRORS AND 3 WARNINGS AFFECTING 3 LINES[0m
--------------------------------------------------------------------------------
  56 | [33mWARNING[0m | Class InventoryMobileScannerService is missing @spec PHPDoc
     |         | tag — link back to
     |         | openspec/specs/{capability}/spec.md#requirement-{slug}, not a
     |         | change dir
 109 | [33mWARNING[0m | Public method InventoryMobileScannerService::downloadDeltas()
     |         | is missing @spec PHPDoc tag — link back to
     |         | openspec/specs/{capability}/spec.md#requirement-{slug}
 179 | [33mWARNING[0m | Public method
     |         | InventoryMobileScannerService::uploadOperations() is missing
     |         | @spec PHPDoc tag — link back to
     |         | openspec/specs/{capability}/spec.md#requirement-{slug}
--------------------------------------------------------------------------------


[1mFILE: ...-work/lq-lanes/sq-tails/lib/Service/PurchaseOrder/PeppolBisOrderMapper.php[0m
--------------------------------------------------------------------------------
[1mFOUND 0 ERRORS AND 1 WARNING AFFECTING 1 LINE[0m
--------------------------------------------------------------------------------
 68 | [33mWARNING[0m | Public method PeppolBisOrderMapper::toUblOrderXml() is missing
    |         | @spec PHPDoc tag — link back to
    |         | openspec/specs/{capability}/spec.md#requirement-{slug}
--------------------------------------------------------------------------------


[1mFILE: ...work/lq-lanes/sq-tails/lib/PaymentRun/Generator/PaymentRunCsvGenerator.php[0m
--------------------------------------------------------------------------------
[1mFOUND 0 ERRORS AND 3 WARNINGS AFFECTING 3 LINES[0m
--------------------------------------------------------------------------------
 36 | [33mWARNING[0m | Class PaymentRunCsvGenerator is missing @spec PHPDoc tag —
    |         | link back to
    |         | openspec/specs/{capability}/spec.md#requirement-{slug}, not a
    |         | change dir
 57 | [33mWARNING[0m | Public method PaymentRunCsvGenerator::format() is missing @spec
    |         | PHPDoc tag — link back to
    |         | openspec/specs/{capability}/spec.md#requirement-{slug}
 68 | [33mWARNING[0m | Public method PaymentRunCsvGenerator::render() is missing @spec
    |         | PHPDoc tag — link back to
    |         | openspec/specs/{capability}/spec.md#requirement-{slug}
--------------------------------------------------------------------------------


[1mFILE: .../rubenlinde/memcap-work/lq-lanes/sq-tails/lib/Guard/DBAScoreCalculator.php[0m
--------------------------------------------------------------------------------
[1mFOUND 0 ERRORS AND 4 WARNINGS AFFECTING 4 LINES[0m
--------------------------------------------------------------------------------
 134 | [33mWARNING[0m | Public method DBAScoreCalculator::subtotalGezag() is missing
     |         | @spec PHPDoc tag — link back to
     |         | openspec/specs/{capability}/spec.md#requirement-{slug}
 150 | [33mWARNING[0m | Public method DBAScoreCalculator::subtotalArbeid() is missing
     |         | @spec PHPDoc tag — link back to
     |         | openspec/specs/{capability}/spec.md#requirement-{slug}
 163 | [33mWARNING[0m | Public method DBAScoreCalculator::subtotalFinancieel() is
     |         | missing @spec PHPDoc tag — link back to
     |         | openspec/specs/{capability}/spec.md#requirement-{slug}
 183 | [33mWARNING[0m | Public method DBAScoreCalculator::subtotalDeliveroo() is
     |         | missing @spec PHPDoc tag — link back to
     |         | openspec/specs/{capability}/spec.md#requirement-{slug}
--------------------------------------------------------------------------------


[1mFILE: ...nlinde/memcap-work/lq-lanes/sq-tails/lib/Service/UsageRatingCalculator.php[0m
--------------------------------------------------------------------------------
[1mFOUND 0 ERRORS AND 1 WARNING AFFECTING 1 LINE[0m
--------------------------------------------------------------------------------
 48 | [33mWARNING[0m | Class UsageRatingCalculator is missing @spec PHPDoc tag —
    |         | link back to
    |         | openspec/specs/{capability}/spec.md#requirement-{slug}, not a
    |         | change dir
--------------------------------------------------------------------------------


[1mFILE: ...es/sq-tails/lib/Service/Migration/GlLineAdministrationBackfillMigrator.php[0m
--------------------------------------------------------------------------------
[1mFOUND 0 ERRORS AND 1 WARNING AFFECTING 1 LINE[0m
--------------------------------------------------------------------------------
 89 | [33mWARNING[0m | Class GlLineAdministrationBackfillMigrator is missing @spec
    |         | PHPDoc tag — link back to
    |         | openspec/specs/{capability}/spec.md#requirement-{slug}, not a
    |         | change dir
--------------------------------------------------------------------------------


[1mFILE: ...ubenlinde/memcap-work/lq-lanes/sq-tails/lib/Standards/Checks/VatChecks.php[0m
--------------------------------------------------------------------------------
[1mFOUND 0 ERRORS AND 3 WARNINGS AFFECTING 3 LINES[0m
--------------------------------------------------------------------------------
  45 | [33mWARNING[0m | Class VatChecks is missing @spec PHPDoc tag — link back to
     |         | openspec/specs/{capability}/spec.md#requirement-{slug}, not a
     |         | change dir
  89 | [33mWARNING[0m | Public method VatChecks::checks() is missing @spec PHPDoc tag
     |         | — link back to
     |         | openspec/specs/{capability}/spec.md#requirement-{slug}
 196 | [33mWARNING[0m | Public method VatChecks::seedSpec() is missing @spec PHPDoc
     |         | tag — link back to
     |         | openspec/specs/{capability}/spec.md#requirement-{slug}
--------------------------------------------------------------------------------


[1mFILE: ...anes/sq-tails/lib/Service/Migration/SubsidieOrderConsolidationMigrator.php[0m
--------------------------------------------------------------------------------
[1mFOUND 0 ERRORS AND 1 WARNING AFFECTING 1 LINE[0m
--------------------------------------------------------------------------------
 75 | [33mWARNING[0m | Class SubsidieOrderConsolidationMigrator is missing @spec
    |         | PHPDoc tag — link back to
    |         | openspec/specs/{capability}/spec.md#requirement-{slug}, not a
    |         | change dir
--------------------------------------------------------------------------------


[1mFILE: ...linde/memcap-work/lq-lanes/sq-tails/lib/Lifecycle/ENSIAValidationGuard.php[0m
--------------------------------------------------------------------------------
[1mFOUND 0 ERRORS AND 3 WARNINGS AFFECTING 3 LINES[0m
--------------------------------------------------------------------------------
 138 | [33mWARNING[0m | Public method ENSIAValidationGuard::collegeAkkoordAllowed() is
     |         | missing @spec PHPDoc tag — link back to
     |         | openspec/specs/{capability}/spec.md#requirement-{slug}
 198 | [33mWARNING[0m | Public method
     |         | ENSIAValidationGuard::maturityEvidenceSatisfied() is missing
     |         | @spec PHPDoc tag — link back to
     |         | openspec/specs/{capability}/spec.md#requirement-{slug}
 248 | [33mWARNING[0m | Public method
     |         | ENSIAValidationGuard::postPeerReviewReasonRequired() is
     |         | missing @spec PHPDoc tag — link back to
     |         | openspec/specs/{capability}/spec.md#requirement-{slug}
--------------------------------------------------------------------------------


[1mFILE: ...linde/memcap-work/lq-lanes/sq-tails/lib/Standards/Checks/OssIossChecks.php[0m
--------------------------------------------------------------------------------
[1mFOUND 0 ERRORS AND 4 WARNINGS AFFECTING 4 LINES[0m
--------------------------------------------------------------------------------
 36 | [33mWARNING[0m | Class OssIossChecks is missing @spec PHPDoc tag — link back
    |         | to openspec/specs/{capability}/spec.md#requirement-{slug}, not
    |         | a change dir
 42 | [33mWARNING[0m | Public method OssIossChecks::checks() is missing @spec PHPDoc
    |         | tag — link back to
    |         | openspec/specs/{capability}/spec.md#requirement-{slug}
 68 | [33mWARNING[0m | Public method OssIossChecks::seedSpec() is missing @spec PHPDoc
    |         | tag — link back to
    |         | openspec/specs/{capability}/spec.md#requirement-{slug}
 77 | [33mWARNING[0m | Public method OssIossChecks::seedObjects() is missing @spec
    |         | PHPDoc tag — link back to
    |         | openspec/specs/{capability}/spec.md#requirement-{slug}
--------------------------------------------------------------------------------


[1mFILE: .../memcap-work/lq-lanes/sq-tails/lib/Service/InvoiceDeduplicationService.php[0m
--------------------------------------------------------------------------------
[1mFOUND 0 ERRORS AND 2 WARNINGS AFFECTING 2 LINES[0m
--------------------------------------------------------------------------------
 37 | [33mWARNING[0m | Class InvoiceDeduplicationService is missing @spec PHPDoc tag
    |         | — link back to
    |         | openspec/specs/{capability}/spec.md#requirement-{slug}, not a
    |         | change dir
 64 | [33mWARNING[0m | Public method
    |         | InvoiceDeduplicationService::deduplicateSourceIds() is missing
    |         | @spec PHPDoc tag — link back to
    |         | openspec/specs/{capability}/spec.md#requirement-{slug}
--------------------------------------------------------------------------------


[1mFILE: ...mcap-work/lq-lanes/sq-tails/lib/Service/AppointmentConfirmationService.php[0m
--------------------------------------------------------------------------------
[1mFOUND 0 ERRORS AND 6 WARNINGS AFFECTING 6 LINES[0m
--------------------------------------------------------------------------------
  46 | [33mWARNING[0m | Class AppointmentConfirmationService is missing @spec PHPDoc
     |         | tag — link back to
     |         | openspec/specs/{capability}/spec.md#requirement-{slug}, not a
     |         | change dir
 130 | [33mWARNING[0m | Public method
     |         | AppointmentConfirmationService::issueConfirmation() is missing
     |         | @spec PHPDoc tag — link back to
     |         | openspec/specs/{capability}/spec.md#requirement-{slug}
 185 | [33mWARNING[0m | Public method AppointmentConfirmationService::validateToken()
     |         | is missing @spec PHPDoc tag — link back to
     |         | openspec/specs/{capability}/spec.md#requirement-{slug}
 250 | [33mWARNING[0m | Public method AppointmentConfirmationService::confirm() is
     |         | missing @spec PHPDoc tag — link back to
     |         | openspec/specs/{capability}/spec.md#requirement-{slug}
 302 | [33mWARNING[0m | Public method AppointmentConfirmationService::resend() is
     |         | missing @spec PHPDoc tag — link back to
     |         | openspec/specs/{capability}/spec.md#requirement-{slug}
 358 | [33mWARNING[0m | Public method AppointmentConfirmationService::cancelExpired()
     |         | is missing @spec PHPDoc tag — link back to
     |         | openspec/specs/{capability}/spec.md#requirement-{slug}
--------------------------------------------------------------------------------


[1mFILE: ...lanes/sq-tails/lib/Reporting/Generator/AbstractDocumentReportGenerator.php[0m
--------------------------------------------------------------------------------
[1mFOUND 0 ERRORS AND 3 WARNINGS AFFECTING 3 LINES[0m
--------------------------------------------------------------------------------
  75 | [33mWARNING[0m | Class AbstractDocumentReportGenerator is missing @spec PHPDoc
     |         | tag — link back to
     |         | openspec/specs/{capability}/spec.md#requirement-{slug}, not a
     |         | change dir
 162 | [33mWARNING[0m | Public method
     |         | AbstractDocumentReportGenerator::supportedFormats() is missing
     |         | @spec PHPDoc tag — link back to
     |         | openspec/specs/{capability}/spec.md#requirement-{slug}
 183 | [33mWARNING[0m | Public method AbstractDocumentReportGenerator::generate() is
     |         | missing @spec PHPDoc tag — link back to
     |         | openspec/specs/{capability}/spec.md#requirement-{slug}
--------------------------------------------------------------------------------


[1mFILE: ...me/rubenlinde/memcap-work/lq-lanes/sq-tails/lib/Guard/DBAOpdrachtGuard.php[0m
--------------------------------------------------------------------------------
[1mFOUND 0 ERRORS AND 1 WARNING AFFECTING 1 LINE[0m
--------------------------------------------------------------------------------
 125 | [33mWARNING[0m | Public method DBAOpdrachtGuard::computeRetentieDeadline() is
     |         | missing @spec PHPDoc tag — link back to
     |         | openspec/specs/{capability}/spec.md#requirement-{slug}
--------------------------------------------------------------------------------


[1mFILE: ...inde/memcap-work/lq-lanes/sq-tails/lib/Service/ENSIABevindingGenerator.php[0m
--------------------------------------------------------------------------------
[1mFOUND 0 ERRORS AND 1 WARNING AFFECTING 1 LINE[0m
--------------------------------------------------------------------------------
 72 | [33mWARNING[0m | Public method ENSIABevindingGenerator::generate() is missing
    |         | @spec PHPDoc tag — link back to
    |         | openspec/specs/{capability}/spec.md#requirement-{slug}
--------------------------------------------------------------------------------


[1mFILE: ...ap-work/lq-lanes/sq-tails/lib/Standards/Checks/NationalExtraTailChecks.php[0m
--------------------------------------------------------------------------------
[1mFOUND 0 ERRORS AND 4 WARNINGS AFFECTING 4 LINES[0m
--------------------------------------------------------------------------------
  73 | [33mWARNING[0m | Class NationalExtraTailChecks is missing @spec PHPDoc tag —
     |         | link back to
     |         | openspec/specs/{capability}/spec.md#requirement-{slug}, not a
     |         | change dir
 106 | [33mWARNING[0m | Public method NationalExtraTailChecks::checks() is missing
     |         | @spec PHPDoc tag — link back to
     |         | openspec/specs/{capability}/spec.md#requirement-{slug}
 280 | [33mWARNING[0m | Public method NationalExtraTailChecks::seedSpec() is missing
     |         | @spec PHPDoc tag — link back to
     |         | openspec/specs/{capability}/spec.md#requirement-{slug}
 311 | [33mWARNING[0m | Public method NationalExtraTailChecks::seedObjects() is
     |         | missing @spec PHPDoc tag — link back to
     |         | openspec/specs/{capability}/spec.md#requirement-{slug}
--------------------------------------------------------------------------------


[1mFILE: ...nlinde/memcap-work/lq-lanes/sq-tails/lib/Standards/Checks/SeedsObjects.php[0m
--------------------------------------------------------------------------------
[1mFOUND 0 ERRORS AND 1 WARNING AFFECTING 1 LINE[0m
--------------------------------------------------------------------------------
 38 | [33mWARNING[0m | Public method SeedsObjects::seedObjects() is missing @spec
    |         | PHPDoc tag — link back to
    |         | openspec/specs/{capability}/spec.md#requirement-{slug}
--------------------------------------------------------------------------------


[1mFILE: .../rubenlinde/memcap-work/lq-lanes/sq-tails/lib/Service/CBSExportService.php[0m
--------------------------------------------------------------------------------
[1mFOUND 0 ERRORS AND 5 WARNINGS AFFECTING 5 LINES[0m
--------------------------------------------------------------------------------
 133 | [33mWARNING[0m | Public method CBSExportService::generateSubmission() is
     |         | missing @spec PHPDoc tag — link back to
     |         | openspec/specs/{capability}/spec.md#requirement-{slug}
 240 | [33mWARNING[0m | Public method CBSExportService::validateSubmission() is
     |         | missing @spec PHPDoc tag — link back to
     |         | openspec/specs/{capability}/spec.md#requirement-{slug}
 302 | [33mWARNING[0m | Public method CBSExportService::generateIV3Json() is missing
     |         | @spec PHPDoc tag — link back to
     |         | openspec/specs/{capability}/spec.md#requirement-{slug}
 354 | [33mWARNING[0m | Public method CBSExportService::getMappingFromSettings() is
     |         | missing @spec PHPDoc tag — link back to
     |         | openspec/specs/{capability}/spec.md#requirement-{slug}
 412 | [33mWARNING[0m | Public method CBSExportService::aggregateLines() is missing
     |         | @spec PHPDoc tag — link back to
     |         | openspec/specs/{capability}/spec.md#requirement-{slug}
--------------------------------------------------------------------------------


[1mFILE: ...mcap-work/lq-lanes/sq-tails/lib/Standards/Checks/ChartOfAccountsChecks.php[0m
--------------------------------------------------------------------------------
[1mFOUND 0 ERRORS AND 3 WARNINGS AFFECTING 3 LINES[0m
--------------------------------------------------------------------------------
  56 | [33mWARNING[0m | Class ChartOfAccountsChecks is missing @spec PHPDoc tag —
     |         | link back to
     |         | openspec/specs/{capability}/spec.md#requirement-{slug}, not a
     |         | change dir
  62 | [33mWARNING[0m | Public method ChartOfAccountsChecks::checks() is missing @spec
     |         | PHPDoc tag — link back to
     |         | openspec/specs/{capability}/spec.md#requirement-{slug}
 129 | [33mWARNING[0m | Public method ChartOfAccountsChecks::seedSpec() is missing
     |         | @spec PHPDoc tag — link back to
     |         | openspec/specs/{capability}/spec.md#requirement-{slug}
--------------------------------------------------------------------------------


[1mFILE: ...emcap-work/lq-lanes/sq-tails/lib/Service/BbvMigration/RgsAccountMapper.php[0m
--------------------------------------------------------------------------------
[1mFOUND 0 ERRORS AND 1 WARNING AFFECTING 1 LINE[0m
--------------------------------------------------------------------------------
 136 | [33mWARNING[0m | Public method RgsAccountMapper::suggestMappings() is missing
     |         | @spec PHPDoc tag — link back to
     |         | openspec/specs/{capability}/spec.md#requirement-{slug}
--------------------------------------------------------------------------------


[1mFILE: ...ubenlinde/memcap-work/lq-lanes/sq-tails/lib/Service/WbsoAccountService.php[0m
--------------------------------------------------------------------------------
[1mFOUND 0 ERRORS AND 6 WARNINGS AFFECTING 6 LINES[0m
--------------------------------------------------------------------------------
  74 | [33mWARNING[0m | Public method
     |         | WbsoAccountService::getAccountsByAdministration() is missing
     |         | @spec PHPDoc tag — link back to
     |         | openspec/specs/{capability}/spec.md#requirement-{slug}
  89 | [33mWARNING[0m | Public method WbsoAccountService::getAccountHierarchy() is
     |         | missing @spec PHPDoc tag — link back to
     |         | openspec/specs/{capability}/spec.md#requirement-{slug}
 139 | [33mWARNING[0m | Public method WbsoAccountService::getAccountByNumber() is
     |         | missing @spec PHPDoc tag — link back to
     |         | openspec/specs/{capability}/spec.md#requirement-{slug}
 175 | [33mWARNING[0m | Public method WbsoAccountService::createAccount() is missing
     |         | @spec PHPDoc tag — link back to
     |         | openspec/specs/{capability}/spec.md#requirement-{slug}
 210 | [33mWARNING[0m | Public method WbsoAccountService::updateAccount() is missing
     |         | @spec PHPDoc tag — link back to
     |         | openspec/specs/{capability}/spec.md#requirement-{slug}
 250 | [33mWARNING[0m | Public method WbsoAccountService::validatePayload() is missing
     |         | @spec PHPDoc tag — link back to
     |         | openspec/specs/{capability}/spec.md#requirement-{slug}
--------------------------------------------------------------------------------


[1mFILE: .../rubenlinde/memcap-work/lq-lanes/sq-tails/lib/Service/RuleAuditService.php[0m
--------------------------------------------------------------------------------
[1mFOUND 0 ERRORS AND 1 WARNING AFFECTING 1 LINE[0m
--------------------------------------------------------------------------------
 44 | [33mWARNING[0m | Class RuleAuditService is missing @spec PHPDoc tag — link
    |         | back to openspec/specs/{capability}/spec.md#requirement-{slug},
    |         | not a change dir
--------------------------------------------------------------------------------


[1mFILE: ...de/memcap-work/lq-lanes/sq-tails/lib/Service/Pipelinq/TimelineEventDto.php[0m
--------------------------------------------------------------------------------
[1mFOUND 0 ERRORS AND 7 WARNINGS AFFECTING 7 LINES[0m
--------------------------------------------------------------------------------
 150 | [33mWARNING[0m | Public method TimelineEventDto::type() is missing @spec PHPDoc
     |         | tag — link back to
     |         | openspec/specs/{capability}/spec.md#requirement-{slug}
 159 | [33mWARNING[0m | Public method TimelineEventDto::externalId() is missing @spec
     |         | PHPDoc tag — link back to
     |         | openspec/specs/{capability}/spec.md#requirement-{slug}
 168 | [33mWARNING[0m | Public method TimelineEventDto::contactId() is missing @spec
     |         | PHPDoc tag — link back to
     |         | openspec/specs/{capability}/spec.md#requirement-{slug}
 177 | [33mWARNING[0m | Public method TimelineEventDto::timestamp() is missing @spec
     |         | PHPDoc tag — link back to
     |         | openspec/specs/{capability}/spec.md#requirement-{slug}
 187 | [33mWARNING[0m | Public method TimelineEventDto::metadata() is missing @spec
     |         | PHPDoc tag — link back to
     |         | openspec/specs/{capability}/spec.md#requirement-{slug}
 208 | [33mWARNING[0m | Public method TimelineEventDto::toPayload() is missing @spec
     |         | PHPDoc tag — link back to
     |         | openspec/specs/{capability}/spec.md#requirement-{slug}
 228 | [33mWARNING[0m | Public method TimelineEventDto::toCloudEvent() is missing
     |         | @spec PHPDoc tag — link back to
     |         | openspec/specs/{capability}/spec.md#requirement-{slug}
--------------------------------------------------------------------------------


[1mFILE: ...memcap-work/lq-lanes/sq-tails/lib/Controller/WbsoDocumentApiController.php[0m
--------------------------------------------------------------------------------
[1mFOUND 0 ERRORS AND 1 WARNING AFFECTING 1 LINE[0m
--------------------------------------------------------------------------------
 168 | [33mWARNING[0m | Public method WbsoDocumentApiController::show() is missing
     |         | @spec PHPDoc tag — link back to
     |         | openspec/specs/{capability}/spec.md#requirement-{slug}
--------------------------------------------------------------------------------


[1mFILE: ...nde/memcap-work/lq-lanes/sq-tails/lib/Service/LeaseReassessmentService.php[0m
--------------------------------------------------------------------------------
[1mFOUND 0 ERRORS AND 1 WARNING AFFECTING 1 LINE[0m
--------------------------------------------------------------------------------
 336 | [33mWARNING[0m | Public method
     |         | LeaseReassessmentService::approvalThresholdCents() is missing
     |         | @spec PHPDoc tag — link back to
     |         | openspec/specs/{capability}/spec.md#requirement-{slug}
--------------------------------------------------------------------------------


[1mFILE: ...ome/rubenlinde/memcap-work/lq-lanes/sq-tails/lib/Service/WidgetService.php[0m
--------------------------------------------------------------------------------
[1mFOUND 0 ERRORS AND 3 WARNINGS AFFECTING 3 LINES[0m
--------------------------------------------------------------------------------
 206 | [33mWARNING[0m | Public method WidgetService::validateEmail() is missing @spec
     |         | PHPDoc tag — link back to
     |         | openspec/specs/{capability}/spec.md#requirement-{slug}
 220 | [33mWARNING[0m | Public method WidgetService::validatePhone() is missing @spec
     |         | PHPDoc tag — link back to
     |         | openspec/specs/{capability}/spec.md#requirement-{slug}
 235 | [33mWARNING[0m | Public method WidgetService::validateName() is missing @spec
     |         | PHPDoc tag — link back to
     |         | openspec/specs/{capability}/spec.md#requirement-{slug}
--------------------------------------------------------------------------------


[1mFILE: ...mcap-work/lq-lanes/sq-tails/lib/Service/ActivityCostAllocationSplitter.php[0m
--------------------------------------------------------------------------------
[1mFOUND 0 ERRORS AND 7 WARNINGS AFFECTING 7 LINES[0m
--------------------------------------------------------------------------------
  54 | [33mWARNING[0m | Public method ActivityCostAllocationSplitter::toCents() is
     |         | missing @spec PHPDoc tag — link back to
     |         | openspec/specs/{capability}/spec.md#requirement-{slug}
  65 | [33mWARNING[0m | Public method ActivityCostAllocationSplitter::fromCents() is
     |         | missing @spec PHPDoc tag — link back to
     |         | openspec/specs/{capability}/spec.md#requirement-{slug}
  81 | [33mWARNING[0m | Public method ActivityCostAllocationSplitter::resolveRule() is
     |         | missing @spec PHPDoc tag — link back to
     |         | openspec/specs/{capability}/spec.md#requirement-{slug}
 137 | [33mWARNING[0m | Public method
     |         | ActivityCostAllocationSplitter::calculateSplits() is missing
     |         | @spec PHPDoc tag — link back to
     |         | openspec/specs/{capability}/spec.md#requirement-{slug}
 211 | [33mWARNING[0m | Public method ActivityCostAllocationSplitter::compose() is
     |         | missing @spec PHPDoc tag — link back to
     |         | openspec/specs/{capability}/spec.md#requirement-{slug}
 248 | [33mWARNING[0m | Public method
     |         | ActivityCostAllocationSplitter::composeOverride() is missing
     |         | @spec PHPDoc tag — link back to
     |         | openspec/specs/{capability}/spec.md#requirement-{slug}
 299 | [33mWARNING[0m | Public method
     |         | ActivityCostAllocationSplitter::materialiseSplits() is missing
     |         | @spec PHPDoc tag — link back to
     |         | openspec/specs/{capability}/spec.md#requirement-{slug}
--------------------------------------------------------------------------------


[1mFILE: ...emcap-work/lq-lanes/sq-tails/lib/Service/PayrollChartOfAccountsMapping.php[0m
--------------------------------------------------------------------------------
[1mFOUND 0 ERRORS AND 2 WARNINGS AFFECTING 2 LINES[0m
--------------------------------------------------------------------------------
 121 | [33mWARNING[0m | Public method PayrollChartOfAccountsMapping::all() is missing
     |         | @spec PHPDoc tag — link back to
     |         | openspec/specs/{capability}/spec.md#requirement-{slug}
 144 | [33mWARNING[0m | Public method PayrollChartOfAccountsMapping::isKnown() is
     |         | missing @spec PHPDoc tag — link back to
     |         | openspec/specs/{capability}/spec.md#requirement-{slug}
--------------------------------------------------------------------------------


[1mFILE: ...rubenlinde/memcap-work/lq-lanes/sq-tails/lib/Service/WidgetAuthService.php[0m
--------------------------------------------------------------------------------
[1mFOUND 0 ERRORS AND 10 WARNINGS AFFECTING 10 LINES[0m
--------------------------------------------------------------------------------
  53 | [33mWARNING[0m | Class WidgetAuthService is missing @spec PHPDoc tag — link
     |         | back to
     |         | openspec/specs/{capability}/spec.md#requirement-{slug}, not a
     |         | change dir
 115 | [33mWARNING[0m | Public method WidgetAuthService::validateApiKey() is missing
     |         | @spec PHPDoc tag — link back to
     |         | openspec/specs/{capability}/spec.md#requirement-{slug}
 164 | [33mWARNING[0m | Public method WidgetAuthService::consumeRateLimit() is missing
     |         | @spec PHPDoc tag — link back to
     |         | openspec/specs/{capability}/spec.md#requirement-{slug}
 220 | [33mWARNING[0m | Public method WidgetAuthService::createApiKey() is missing
     |         | @spec PHPDoc tag — link back to
     |         | openspec/specs/{capability}/spec.md#requirement-{slug}
 282 | [33mWARNING[0m | Public method WidgetAuthService::rotateApiKey() is missing
     |         | @spec PHPDoc tag — link back to
     |         | openspec/specs/{capability}/spec.md#requirement-{slug}
 346 | [33mWARNING[0m | Public method WidgetAuthService::revokeApiKey() is missing
     |         | @spec PHPDoc tag — link back to
     |         | openspec/specs/{capability}/spec.md#requirement-{slug}
 386 | [33mWARNING[0m | Public method WidgetAuthService::findActiveKeyByBusinessId()
     |         | is missing @spec PHPDoc tag — link back to
     |         | openspec/specs/{capability}/spec.md#requirement-{slug}
 437 | [33mWARNING[0m | Public method WidgetAuthService::findKeyByBusinessId() is
     |         | missing @spec PHPDoc tag — link back to
     |         | openspec/specs/{capability}/spec.md#requirement-{slug}
 474 | [33mWARNING[0m | Public method WidgetAuthService::hashKey() is missing @spec
     |         | PHPDoc tag — link back to
     |         | openspec/specs/{capability}/spec.md#requirement-{slug}
 483 | [33mWARNING[0m | Public method WidgetAuthService::generatePlaintextKey() is
     |         | missing @spec PHPDoc tag — link back to
     |         | openspec/specs/{capability}/spec.md#requirement-{slug}
--------------------------------------------------------------------------------


[1mFILE: home/rubenlinde/memcap-work/lq-lanes/sq-tails/lib/Support/DateWindow.php[0m
--------------------------------------------------------------------------------
[1mFOUND 0 ERRORS AND 1 WARNING AFFECTING 1 LINE[0m
--------------------------------------------------------------------------------
 62 | [33mWARNING[0m | Public method DateWindow::overlaps() is missing @spec PHPDoc
    |         | tag — link back to
    |         | openspec/specs/{capability}/spec.md#requirement-{slug}
--------------------------------------------------------------------------------


[1mFILE: ...emcap-work/lq-lanes/sq-tails/lib/Service/ObjectPaymentRequestValidator.php[0m
--------------------------------------------------------------------------------
[1mFOUND 0 ERRORS AND 1 WARNING AFFECTING 1 LINE[0m
--------------------------------------------------------------------------------
 156 | [33mWARNING[0m | Public method ObjectPaymentRequestValidator::subjectKey() is
     |         | missing @spec PHPDoc tag — link back to
     |         | openspec/specs/{capability}/spec.md#requirement-{slug}
--------------------------------------------------------------------------------


[1mFILE: ...benlinde/memcap-work/lq-lanes/sq-tails/lib/Lifecycle/WbsoDocumentGuard.php[0m
--------------------------------------------------------------------------------
[1mFOUND 0 ERRORS AND 2 WARNINGS AFFECTING 2 LINES[0m
--------------------------------------------------------------------------------
 66 | [33mWARNING[0m | Public method WbsoDocumentGuard::canFile() is missing @spec
    |         | PHPDoc tag — link back to
    |         | openspec/specs/{capability}/spec.md#requirement-{slug}
 87 | [33mWARNING[0m | Public method WbsoDocumentGuard::canArchive() is missing @spec
    |         | PHPDoc tag — link back to
    |         | openspec/specs/{capability}/spec.md#requirement-{slug}
--------------------------------------------------------------------------------


[1mFILE: ...benlinde/memcap-work/lq-lanes/sq-tails/lib/Service/AbbLifecycleService.php[0m
--------------------------------------------------------------------------------
[1mFOUND 0 ERRORS AND 4 WARNINGS AFFECTING 4 LINES[0m
--------------------------------------------------------------------------------
  75 | [33mWARNING[0m | Public method AbbLifecycleService::canTransition() is missing
     |         | @spec PHPDoc tag — link back to
     |         | openspec/specs/{capability}/spec.md#requirement-{slug}
 178 | [33mWARNING[0m | Public method AbbLifecycleService::generateTasks() is missing
     |         | @spec PHPDoc tag — link back to
     |         | openspec/specs/{capability}/spec.md#requirement-{slug}
 242 | [33mWARNING[0m | Public method AbbLifecycleService::calculateNextEvaluation()
     |         | is missing @spec PHPDoc tag — link back to
     |         | openspec/specs/{capability}/spec.md#requirement-{slug}
 267 | [33mWARNING[0m | Public method AbbLifecycleService::flagDependentActivities()
     |         | is missing @spec PHPDoc tag — link back to
     |         | openspec/specs/{capability}/spec.md#requirement-{slug}
--------------------------------------------------------------------------------


[1mFILE: home/rubenlinde/memcap-work/lq-lanes/sq-tails/lib/Service/IcsService.php[0m
--------------------------------------------------------------------------------
[1mFOUND 0 ERRORS AND 1 WARNING AFFECTING 1 LINE[0m
--------------------------------------------------------------------------------
 116 | [33mWARNING[0m | Public method IcsService::generateIcs() is missing @spec
     |         | PHPDoc tag — link back to
     |         | openspec/specs/{capability}/spec.md#requirement-{slug}
--------------------------------------------------------------------------------


[1mFILE: ...ubenlinde/memcap-work/lq-lanes/sq-tails/lib/Service/BillingModelEngine.php[0m
--------------------------------------------------------------------------------
[1mFOUND 0 ERRORS AND 5 WARNINGS AFFECTING 5 LINES[0m
--------------------------------------------------------------------------------
  39 | [33mWARNING[0m | Class BillingModelEngine is missing @spec PHPDoc tag — link
     |         | back to
     |         | openspec/specs/{capability}/spec.md#requirement-{slug}, not a
     |         | change dir
 118 | [33mWARNING[0m | Public method BillingModelEngine::calculateFixedFee() is
     |         | missing @spec PHPDoc tag — link back to
     |         | openspec/specs/{capability}/spec.md#requirement-{slug}
 150 | [33mWARNING[0m | Public method BillingModelEngine::calculateMilestone() is
     |         | missing @spec PHPDoc tag — link back to
     |         | openspec/specs/{capability}/spec.md#requirement-{slug}
 189 | [33mWARNING[0m | Public method BillingModelEngine::calculateRetainer() is
     |         | missing @spec PHPDoc tag — link back to
     |         | openspec/specs/{capability}/spec.md#requirement-{slug}
 254 | [33mWARNING[0m | Public method BillingModelEngine::calculateMixed() is missing
     |         | @spec PHPDoc tag — link back to
     |         | openspec/specs/{capability}/spec.md#requirement-{slug}
--------------------------------------------------------------------------------


[1mFILE: ...nde/memcap-work/lq-lanes/sq-tails/lib/Service/ENSIAVerklaringGenerator.php[0m
--------------------------------------------------------------------------------
[1mFOUND 0 ERRORS AND 1 WARNING AFFECTING 1 LINE[0m
--------------------------------------------------------------------------------
 74 | [33mWARNING[0m | Public method ENSIAVerklaringGenerator::render() is missing
    |         | @spec PHPDoc tag — link back to
    |         | openspec/specs/{capability}/spec.md#requirement-{slug}
--------------------------------------------------------------------------------


[1mFILE: ...work/lq-lanes/sq-tails/lib/Listener/BookingLifecycleTransitionListener.php[0m
--------------------------------------------------------------------------------
[1mFOUND 0 ERRORS AND 1 WARNING AFFECTING 1 LINE[0m
--------------------------------------------------------------------------------
 109 | [33mWARNING[0m | Public method BookingLifecycleTransitionListener::handle() is
     |         | missing @spec PHPDoc tag — link back to
     |         | openspec/specs/{capability}/spec.md#requirement-{slug}
--------------------------------------------------------------------------------


[1mFILE: ...mcap-work/lq-lanes/sq-tails/lib/Service/Pipelinq/PipelinqAdminNotifier.php[0m
--------------------------------------------------------------------------------
[1mFOUND 0 ERRORS AND 1 WARNING AFFECTING 1 LINE[0m
--------------------------------------------------------------------------------
 57 | [33mWARNING[0m | Public method PipelinqAdminNotifier::notifyAuthFailure() is
    |         | missing @spec PHPDoc tag — link back to
    |         | openspec/specs/{capability}/spec.md#requirement-{slug}
--------------------------------------------------------------------------------


[1mFILE: ...emcap-work/lq-lanes/sq-tails/lib/Standards/Checks/SustainabilityChecks.php[0m
--------------------------------------------------------------------------------
[1mFOUND 0 ERRORS AND 4 WARNINGS AFFECTING 4 LINES[0m
--------------------------------------------------------------------------------
  55 | [33mWARNING[0m | Class SustainabilityChecks is missing @spec PHPDoc tag —
     |         | link back to
     |         | openspec/specs/{capability}/spec.md#requirement-{slug}, not a
     |         | change dir
  80 | [33mWARNING[0m | Public method SustainabilityChecks::checks() is missing @spec
     |         | PHPDoc tag — link back to
     |         | openspec/specs/{capability}/spec.md#requirement-{slug}
 298 | [33mWARNING[0m | Public method SustainabilityChecks::seedSpec() is missing
     |         | @spec PHPDoc tag — link back to
     |         | openspec/specs/{capability}/spec.md#requirement-{slug}
 313 | [33mWARNING[0m | Public method SustainabilityChecks::seedObjects() is missing
     |         | @spec PHPDoc tag — link back to
     |         | openspec/specs/{capability}/spec.md#requirement-{slug}
--------------------------------------------------------------------------------


[1mFILE: ...benlinde/memcap-work/lq-lanes/sq-tails/lib/Service/WbsoDocumentService.php[0m
--------------------------------------------------------------------------------
[1mFOUND 0 ERRORS AND 8 WARNINGS AFFECTING 8 LINES[0m
--------------------------------------------------------------------------------
  94 | [33mWARNING[0m | Public method
     |         | WbsoDocumentService::getDocumentsByAdministration() is missing
     |         | @spec PHPDoc tag — link back to
     |         | openspec/specs/{capability}/spec.md#requirement-{slug}
 110 | [33mWARNING[0m | Public method WbsoDocumentService::getDocumentsByType() is
     |         | missing @spec PHPDoc tag — link back to
     |         | openspec/specs/{capability}/spec.md#requirement-{slug}
 133 | [33mWARNING[0m | Public method WbsoDocumentService::getDocument() is missing
     |         | @spec PHPDoc tag — link back to
     |         | openspec/specs/{capability}/spec.md#requirement-{slug}
 154 | [33mWARNING[0m | Public method WbsoDocumentService::createDocument() is missing
     |         | @spec PHPDoc tag — link back to
     |         | openspec/specs/{capability}/spec.md#requirement-{slug}
 186 | [33mWARNING[0m | Public method WbsoDocumentService::fileDocument() is missing
     |         | @spec PHPDoc tag — link back to
     |         | openspec/specs/{capability}/spec.md#requirement-{slug}
 231 | [33mWARNING[0m | Public method WbsoDocumentService::archiveDocument() is
     |         | missing @spec PHPDoc tag — link back to
     |         | openspec/specs/{capability}/spec.md#requirement-{slug}
 276 | [33mWARNING[0m | Public method WbsoDocumentService::isRetentionElapsed() is
     |         | missing @spec PHPDoc tag — link back to
     |         | openspec/specs/{capability}/spec.md#requirement-{slug}
 299 | [33mWARNING[0m | Public method WbsoDocumentService::validateDocumentPayload()
     |         | is missing @spec PHPDoc tag — link back to
     |         | openspec/specs/{capability}/spec.md#requirement-{slug}
--------------------------------------------------------------------------------


[1mFILE: ...memcap-work/lq-lanes/sq-tails/lib/Service/DepositReconciliationService.php[0m
--------------------------------------------------------------------------------
[1mFOUND 0 ERRORS AND 1 WARNING AFFECTING 1 LINE[0m
--------------------------------------------------------------------------------
 377 | [33mWARNING[0m | Public method
     |         | DepositReconciliationService::lifecycleStateToOutcome() is
     |         | missing @spec PHPDoc tag — link back to
     |         | openspec/specs/{capability}/spec.md#requirement-{slug}
--------------------------------------------------------------------------------


[1mFILE: ...memcap-work/lq-lanes/sq-tails/lib/Standards/Checks/InvoicingTailChecks.php[0m
--------------------------------------------------------------------------------
[1mFOUND 0 ERRORS AND 3 WARNINGS AFFECTING 3 LINES[0m
--------------------------------------------------------------------------------
  65 | [33mWARNING[0m | Class InvoicingTailChecks is missing @spec PHPDoc tag — link
     |         | back to
     |         | openspec/specs/{capability}/spec.md#requirement-{slug}, not a
     |         | change dir
 134 | [33mWARNING[0m | Public method InvoicingTailChecks::checks() is missing @spec
     |         | PHPDoc tag — link back to
     |         | openspec/specs/{capability}/spec.md#requirement-{slug}
 384 | [33mWARNING[0m | Public method InvoicingTailChecks::seedSpec() is missing @spec
     |         | PHPDoc tag — link back to
     |         | openspec/specs/{capability}/spec.md#requirement-{slug}
--------------------------------------------------------------------------------


[1mFILE: ...ubenlinde/memcap-work/lq-lanes/sq-tails/lib/Service/FeeScheduleService.php[0m
--------------------------------------------------------------------------------
[1mFOUND 0 ERRORS AND 3 WARNINGS AFFECTING 3 LINES[0m
--------------------------------------------------------------------------------
 452 | [33mWARNING[0m | Public method FeeScheduleService::citation() is missing @spec
     |         | PHPDoc tag — link back to
     |         | openspec/specs/{capability}/spec.md#requirement-{slug}
 480 | [33mWARNING[0m | Public method FeeScheduleService::tupleKey() is missing @spec
     |         | PHPDoc tag — link back to
     |         | openspec/specs/{capability}/spec.md#requirement-{slug}
 497 | [33mWARNING[0m | Public method FeeScheduleService::isValidOn() is missing @spec
     |         | PHPDoc tag — link back to
     |         | openspec/specs/{capability}/spec.md#requirement-{slug}
--------------------------------------------------------------------------------


[1mFILE: ...cap-work/lq-lanes/sq-tails/lib/Service/AdministrationAuditTrailService.php[0m
--------------------------------------------------------------------------------
[1mFOUND 0 ERRORS AND 1 WARNING AFFECTING 1 LINE[0m
--------------------------------------------------------------------------------
 208 | [33mWARNING[0m | Public method
     |         | AdministrationAuditTrailService::sortByTimestampDesc() is
     |         | missing @spec PHPDoc tag — link back to
     |         | openspec/specs/{capability}/spec.md#requirement-{slug}
--------------------------------------------------------------------------------


[1mFILE: ...e/rubenlinde/memcap-work/lq-lanes/sq-tails/lib/Standards/RuleCatalogue.php[0m
--------------------------------------------------------------------------------
[1mFOUND 0 ERRORS AND 10 WARNINGS AFFECTING 10 LINES[0m
--------------------------------------------------------------------------------
  44 | [33mWARNING[0m | Class RuleCatalogue is missing @spec PHPDoc tag — link back
     |         | to openspec/specs/{capability}/spec.md#requirement-{slug}, not
     |         | a change dir
  81 | [33mWARNING[0m | Public method RuleCatalogue::all() is missing @spec PHPDoc tag
     |         | — link back to
     |         | openspec/specs/{capability}/spec.md#requirement-{slug}
 111 | [33mWARNING[0m | Public method RuleCatalogue::byDomain() is missing @spec
     |         | PHPDoc tag — link back to
     |         | openspec/specs/{capability}/spec.md#requirement-{slug}
 122 | [33mWARNING[0m | Public method RuleCatalogue::byFramework() is missing @spec
     |         | PHPDoc tag — link back to
     |         | openspec/specs/{capability}/spec.md#requirement-{slug}
 133 | [33mWARNING[0m | Public method RuleCatalogue::byJurisdiction() is missing @spec
     |         | PHPDoc tag — link back to
     |         | openspec/specs/{capability}/spec.md#requirement-{slug}
 152 | [33mWARNING[0m | Public method RuleCatalogue::machineCheckable() is missing
     |         | @spec PHPDoc tag — link back to
     |         | openspec/specs/{capability}/spec.md#requirement-{slug}
 169 | [33mWARNING[0m | Public method RuleCatalogue::count() is missing @spec PHPDoc
     |         | tag — link back to
     |         | openspec/specs/{capability}/spec.md#requirement-{slug}
 178 | [33mWARNING[0m | Public method RuleCatalogue::countByDomain() is missing @spec
     |         | PHPDoc tag — link back to
     |         | openspec/specs/{capability}/spec.md#requirement-{slug}
 194 | [33mWARNING[0m | Public method RuleCatalogue::version() is missing @spec PHPDoc
     |         | tag — link back to
     |         | openspec/specs/{capability}/spec.md#requirement-{slug}
 203 | [33mWARNING[0m | Public method RuleCatalogue::reset() is missing @spec PHPDoc
     |         | tag — link back to
     |         | openspec/specs/{capability}/spec.md#requirement-{slug}
--------------------------------------------------------------------------------


[1mFILE: ...memcap-work/lq-lanes/sq-tails/lib/Service/IntegralCostPriceLockService.php[0m
--------------------------------------------------------------------------------
[1mFOUND 0 ERRORS AND 1 WARNING AFFECTING 1 LINE[0m
--------------------------------------------------------------------------------
 179 | [33mWARNING[0m | Public method IntegralCostPriceLockService::shouldLock() is
     |         | missing @spec PHPDoc tag — link back to
     |         | openspec/specs/{capability}/spec.md#requirement-{slug}
--------------------------------------------------------------------------------


[1mFILE: home/rubenlinde/memcap-work/lq-lanes/sq-tails/lib/Service/SlotService.php[0m
--------------------------------------------------------------------------------
[1mFOUND 0 ERRORS AND 4 WARNINGS AFFECTING 4 LINES[0m
--------------------------------------------------------------------------------
  54 | [33mWARNING[0m | Class SlotService is missing @spec PHPDoc tag — link back to
     |         | openspec/specs/{capability}/spec.md#requirement-{slug}, not a
     |         | change dir
 110 | [33mWARNING[0m | Public method SlotService::getAvailableSlots() is missing
     |         | @spec PHPDoc tag — link back to
     |         | openspec/specs/{capability}/spec.md#requirement-{slug}
 191 | [33mWARNING[0m | Public method SlotService::invalidate() is missing @spec
     |         | PHPDoc tag — link back to
     |         | openspec/specs/{capability}/spec.md#requirement-{slug}
 213 | [33mWARNING[0m | Public method SlotService::enumerateSlotsPublic() is missing
     |         | @spec PHPDoc tag — link back to
     |         | openspec/specs/{capability}/spec.md#requirement-{slug}
--------------------------------------------------------------------------------


[1mFILE: home/rubenlinde/memcap-work/lq-lanes/sq-tails/lib/Standards/RuleEngine.php[0m
--------------------------------------------------------------------------------
[1mFOUND 0 ERRORS AND 9 WARNINGS AFFECTING 9 LINES[0m
--------------------------------------------------------------------------------
  50 | [33mWARNING[0m | Class RuleEngine is missing @spec PHPDoc tag — link back to
     |         | openspec/specs/{capability}/spec.md#requirement-{slug}, not a
     |         | change dir
 304 | [33mWARNING[0m | Public method RuleEngine::providerSeedSpecs() is missing @spec
     |         | PHPDoc tag — link back to
     |         | openspec/specs/{capability}/spec.md#requirement-{slug}
 321 | [33mWARNING[0m | Public method RuleEngine::providerSeedObjects() is missing
     |         | @spec PHPDoc tag — link back to
     |         | openspec/specs/{capability}/spec.md#requirement-{slug}
 372 | [33mWARNING[0m | Public method RuleEngine::evaluate() is missing @spec PHPDoc
     |         | tag — link back to
     |         | openspec/specs/{capability}/spec.md#requirement-{slug}
 404 | [33mWARNING[0m | Public method RuleEngine::hasMandatory() is missing @spec
     |         | PHPDoc tag — link back to
     |         | openspec/specs/{capability}/spec.md#requirement-{slug}
 421 | [33mWARNING[0m | Public method RuleEngine::violationFor() is missing @spec
     |         | PHPDoc tag — link back to
     |         | openspec/specs/{capability}/spec.md#requirement-{slug}
 437 | [33mWARNING[0m | Public method RuleEngine::supportedTypes() is missing @spec
     |         | PHPDoc tag — link back to
     |         | openspec/specs/{capability}/spec.md#requirement-{slug}
 447 | [33mWARNING[0m | Public method RuleEngine::checkedRuleIds() is missing @spec
     |         | PHPDoc tag — link back to
     |         | openspec/specs/{capability}/spec.md#requirement-{slug}
 463 | [33mWARNING[0m | Public method RuleEngine::reset() is missing @spec PHPDoc tag
     |         | — link back to
     |         | openspec/specs/{capability}/spec.md#requirement-{slug}
--------------------------------------------------------------------------------


[1mFILE: home/rubenlinde/memcap-work/lq-lanes/sq-tails/lib/Standards/Violation.php[0m
--------------------------------------------------------------------------------
[1mFOUND 0 ERRORS AND 2 WARNINGS AFFECTING 2 LINES[0m
--------------------------------------------------------------------------------
 33 | [33mWARNING[0m | Class Violation is missing @spec PHPDoc tag — link back to
    |         | openspec/specs/{capability}/spec.md#requirement-{slug}, not a
    |         | change dir
 56 | [33mWARNING[0m | Public method Violation::jsonSerialize() is missing @spec
    |         | PHPDoc tag — link back to
    |         | openspec/specs/{capability}/spec.md#requirement-{slug}
--------------------------------------------------------------------------------


[1mFILE: .../rubenlinde/memcap-work/lq-lanes/sq-tails/lib/Service/UrenAlertService.php[0m
--------------------------------------------------------------------------------
[1mFOUND 0 ERRORS AND 1 WARNING AFFECTING 1 LINE[0m
--------------------------------------------------------------------------------
 206 | [33mWARNING[0m | Public method UrenAlertService::handelingsperspectief() is
     |         | missing @spec PHPDoc tag — link back to
     |         | openspec/specs/{capability}/spec.md#requirement-{slug}
--------------------------------------------------------------------------------


[1mFILE: ...emcap-work/lq-lanes/sq-tails/lib/Service/WmoJaarrekeningBijlageService.php[0m
--------------------------------------------------------------------------------
[1mFOUND 0 ERRORS AND 4 WARNINGS AFFECTING 4 LINES[0m
--------------------------------------------------------------------------------
  59 | [33mWARNING[0m | Public method WmoJaarrekeningBijlageService::compose() is
     |         | missing @spec PHPDoc tag — link back to
     |         | openspec/specs/{capability}/spec.md#requirement-{slug}
 154 | [33mWARNING[0m | Public method
     |         | WmoJaarrekeningBijlageService::summariseCompliance() is
     |         | missing @spec PHPDoc tag — link back to
     |         | openspec/specs/{capability}/spec.md#requirement-{slug}
 191 | [33mWARNING[0m | Public method WmoJaarrekeningBijlageService::toMarkdown() is
     |         | missing @spec PHPDoc tag — link back to
     |         | openspec/specs/{capability}/spec.md#requirement-{slug}
 241 | [33mWARNING[0m | Public method WmoJaarrekeningBijlageService::toXml() is
     |         | missing @spec PHPDoc tag — link back to
     |         | openspec/specs/{capability}/spec.md#requirement-{slug}
--------------------------------------------------------------------------------


[1mFILE: ...nde/memcap-work/lq-lanes/sq-tails/lib/Request/InvoiceGenerationRequest.php[0m
--------------------------------------------------------------------------------
[1mFOUND 0 ERRORS AND 2 WARNINGS AFFECTING 2 LINES[0m
--------------------------------------------------------------------------------
 41 | [33mWARNING[0m | Class InvoiceGenerationRequest is missing @spec PHPDoc tag —
    |         | link back to
    |         | openspec/specs/{capability}/spec.md#requirement-{slug}, not a
    |         | change dir
 94 | [33mWARNING[0m | Public method InvoiceGenerationRequest::fromArray() is missing
    |         | @spec PHPDoc tag — link back to
    |         | openspec/specs/{capability}/spec.md#requirement-{slug}
--------------------------------------------------------------------------------


[1mFILE: ...s/sq-tails/lib/Service/External/Digipoort/DigipoortSbrAdapterInterface.php[0m
--------------------------------------------------------------------------------
[1mFOUND 0 ERRORS AND 2 WARNINGS AFFECTING 2 LINES[0m
--------------------------------------------------------------------------------
 88 | [33mWARNING[0m | Public method DigipoortSbrAdapterInterface::submit() is missing
    |         | @spec PHPDoc tag — link back to
    |         | openspec/specs/{capability}/spec.md#requirement-{slug}
 95 | [33mWARNING[0m | Public method DigipoortSbrAdapterInterface::isDormant() is
    |         | missing @spec PHPDoc tag — link back to
    |         | openspec/specs/{capability}/spec.md#requirement-{slug}
--------------------------------------------------------------------------------


[1mFILE: ...me/rubenlinde/memcap-work/lq-lanes/sq-tails/lib/Settings/AdminSettings.php[0m
--------------------------------------------------------------------------------
[1mFOUND 0 ERRORS AND 6 WARNINGS AFFECTING 6 LINES[0m
--------------------------------------------------------------------------------
  38 | [33mWARNING[0m | Class AdminSettings is missing @spec PHPDoc tag — link back
     |         | to openspec/specs/{capability}/spec.md#requirement-{slug}, not
     |         | a change dir
  56 | [33mWARNING[0m | Public method AdminSettings::getForm() is missing @spec PHPDoc
     |         | tag — link back to
     |         | openspec/specs/{capability}/spec.md#requirement-{slug}
  73 | [33mWARNING[0m | Public method AdminSettings::getSection() is missing @spec
     |         | PHPDoc tag — link back to
     |         | openspec/specs/{capability}/spec.md#requirement-{slug}
  82 | [33mWARNING[0m | Public method AdminSettings::getPriority() is missing @spec
     |         | PHPDoc tag — link back to
     |         | openspec/specs/{capability}/spec.md#requirement-{slug}
  91 | [33mWARNING[0m | Public method AdminSettings::getName() is missing @spec PHPDoc
     |         | tag — link back to
     |         | openspec/specs/{capability}/spec.md#requirement-{slug}
 100 | [33mWARNING[0m | Public method AdminSettings::getAuthorizedAppConfig() is
     |         | missing @spec PHPDoc tag — link back to
     |         | openspec/specs/{capability}/spec.md#requirement-{slug}
--------------------------------------------------------------------------------


[1mFILE: ...nlinde/memcap-work/lq-lanes/sq-tails/lib/Standards/ComplianceCatalogue.php[0m
--------------------------------------------------------------------------------
[1mFOUND 0 ERRORS AND 5 WARNINGS AFFECTING 5 LINES[0m
--------------------------------------------------------------------------------
  48 | [33mWARNING[0m | Class ComplianceCatalogue is missing @spec PHPDoc tag — link
     |         | back to
     |         | openspec/specs/{capability}/spec.md#requirement-{slug}, not a
     |         | change dir
 115 | [33mWARNING[0m | Public method ComplianceCatalogue::all() is missing @spec
     |         | PHPDoc tag — link back to
     |         | openspec/specs/{capability}/spec.md#requirement-{slug}
 153 | [33mWARNING[0m | Public method ComplianceCatalogue::applicableTo() is missing
     |         | @spec PHPDoc tag — link back to
     |         | openspec/specs/{capability}/spec.md#requirement-{slug}
 179 | [33mWARNING[0m | Public method ComplianceCatalogue::byType() is missing @spec
     |         | PHPDoc tag — link back to
     |         | openspec/specs/{capability}/spec.md#requirement-{slug}
 196 | [33mWARNING[0m | Public method ComplianceCatalogue::version() is missing @spec
     |         | PHPDoc tag — link back to
     |         | openspec/specs/{capability}/spec.md#requirement-{slug}
--------------------------------------------------------------------------------


[1mFILE: ...q-lanes/sq-tails/lib/Service/External/Digipoort/LogDigipoortSbrAdapter.php[0m
--------------------------------------------------------------------------------
[1mFOUND 0 ERRORS AND 2 WARNINGS AFFECTING 2 LINES[0m
--------------------------------------------------------------------------------
  68 | [33mWARNING[0m | Public method LogDigipoortSbrAdapter::submit() is missing
     |         | @spec PHPDoc tag — link back to
     |         | openspec/specs/{capability}/spec.md#requirement-{slug}
 102 | [33mWARNING[0m | Public method LogDigipoortSbrAdapter::isDormant() is missing
     |         | @spec PHPDoc tag — link back to
     |         | openspec/specs/{capability}/spec.md#requirement-{slug}
--------------------------------------------------------------------------------


[1mFILE: .../memcap-work/lq-lanes/sq-tails/lib/Standards/Checks/RemainingVatChecks.php[0m
--------------------------------------------------------------------------------
[1mFOUND 0 ERRORS AND 4 WARNINGS AFFECTING 4 LINES[0m
--------------------------------------------------------------------------------
  70 | [33mWARNING[0m | Class RemainingVatChecks is missing @spec PHPDoc tag — link
     |         | back to
     |         | openspec/specs/{capability}/spec.md#requirement-{slug}, not a
     |         | change dir
  76 | [33mWARNING[0m | Public method RemainingVatChecks::checks() is missing @spec
     |         | PHPDoc tag — link back to
     |         | openspec/specs/{capability}/spec.md#requirement-{slug}
 262 | [33mWARNING[0m | Public method RemainingVatChecks::seedSpec() is missing @spec
     |         | PHPDoc tag — link back to
     |         | openspec/specs/{capability}/spec.md#requirement-{slug}
 308 | [33mWARNING[0m | Public method RemainingVatChecks::seedObjects() is missing
     |         | @spec PHPDoc tag — link back to
     |         | openspec/specs/{capability}/spec.md#requirement-{slug}
--------------------------------------------------------------------------------


[1mFILE: ...linde/memcap-work/lq-lanes/sq-tails/lib/Service/SupplierInvoiceService.php[0m
--------------------------------------------------------------------------------
[1mFOUND 0 ERRORS AND 1 WARNING AFFECTING 1 LINE[0m
--------------------------------------------------------------------------------
 572 | [33mWARNING[0m | Public method SupplierInvoiceService::parseUblInvoice() is
     |         | missing @spec PHPDoc tag — link back to
     |         | openspec/specs/{capability}/spec.md#requirement-{slug}
--------------------------------------------------------------------------------


[1mFILE: ...linde/memcap-work/lq-lanes/sq-tails/lib/Service/ENSIAQuestionSetLoader.php[0m
--------------------------------------------------------------------------------
[1mFOUND 0 ERRORS AND 1 WARNING AFFECTING 1 LINE[0m
--------------------------------------------------------------------------------
 95 | [33mWARNING[0m | Public method ENSIAQuestionSetLoader::load() is missing @spec
    |         | PHPDoc tag — link back to
    |         | openspec/specs/{capability}/spec.md#requirement-{slug}
--------------------------------------------------------------------------------


[1mFILE: ...emcap-work/lq-lanes/sq-tails/lib/Standards/Checks/InvoicingExtraChecks.php[0m
--------------------------------------------------------------------------------
[1mFOUND 0 ERRORS AND 3 WARNINGS AFFECTING 3 LINES[0m
--------------------------------------------------------------------------------
  51 | [33mWARNING[0m | Class InvoicingExtraChecks is missing @spec PHPDoc tag —
     |         | link back to
     |         | openspec/specs/{capability}/spec.md#requirement-{slug}, not a
     |         | change dir
 159 | [33mWARNING[0m | Public method InvoicingExtraChecks::checks() is missing @spec
     |         | PHPDoc tag — link back to
     |         | openspec/specs/{capability}/spec.md#requirement-{slug}
 306 | [33mWARNING[0m | Public method InvoicingExtraChecks::seedSpec() is missing
     |         | @spec PHPDoc tag — link back to
     |         | openspec/specs/{capability}/spec.md#requirement-{slug}
--------------------------------------------------------------------------------


[1mFILE: ...ap-work/lq-lanes/sq-tails/lib/Service/Booking/ConfirmationTokenService.php[0m
--------------------------------------------------------------------------------
[1mFOUND 0 ERRORS AND 8 WARNINGS AFFECTING 8 LINES[0m
--------------------------------------------------------------------------------
 109 | [33mWARNING[0m | Public method ConfirmationTokenService::issueToken() is
     |         | missing @spec PHPDoc tag — link back to
     |         | openspec/specs/{capability}/spec.md#requirement-{slug}
 151 | [33mWARNING[0m | Public method ConfirmationTokenService::issueAndSend() is
     |         | missing @spec PHPDoc tag — link back to
     |         | openspec/specs/{capability}/spec.md#requirement-{slug}
 200 | [33mWARNING[0m | Public method ConfirmationTokenService::validate() is missing
     |         | @spec PHPDoc tag — link back to
     |         | openspec/specs/{capability}/spec.md#requirement-{slug}
 266 | [33mWARNING[0m | Public method ConfirmationTokenService::markRedeemed() is
     |         | missing @spec PHPDoc tag — link back to
     |         | openspec/specs/{capability}/spec.md#requirement-{slug}
 281 | [33mWARNING[0m | Public method
     |         | ConfirmationTokenService::revokeActiveForAppointment() is
     |         | missing @spec PHPDoc tag — link back to
     |         | openspec/specs/{capability}/spec.md#requirement-{slug}
 303 | [33mWARNING[0m | Public method ConfirmationTokenService::resend() is missing
     |         | @spec PHPDoc tag — link back to
     |         | openspec/specs/{capability}/spec.md#requirement-{slug}
 349 | [33mWARNING[0m | Public method ConfirmationTokenService::buildConfirmUrl() is
     |         | missing @spec PHPDoc tag — link back to
     |         | openspec/specs/{capability}/spec.md#requirement-{slug}
 363 | [33mWARNING[0m | Public method
     |         | ConfirmationTokenService::findActiveTokenForAppointment() is
     |         | missing @spec PHPDoc tag — link back to
     |         | openspec/specs/{capability}/spec.md#requirement-{slug}
--------------------------------------------------------------------------------


[1mFILE: home/rubenlinde/memcap-work/lq-lanes/sq-tails/lib/Enums/DBAConstants.php[0m
--------------------------------------------------------------------------------
[1mFOUND 0 ERRORS AND 3 WARNINGS AFFECTING 3 LINES[0m
--------------------------------------------------------------------------------
 141 | [33mWARNING[0m | Public method DBAConstants::bandFromScore() is missing @spec
     |         | PHPDoc tag — link back to
     |         | openspec/specs/{capability}/spec.md#requirement-{slug}
 167 | [33mWARNING[0m | Public method DBAConstants::vbarGrensCents() is missing @spec
     |         | PHPDoc tag — link back to
     |         | openspec/specs/{capability}/spec.md#requirement-{slug}
 190 | [33mWARNING[0m | Public method DBAConstants::complianceMode() is missing @spec
     |         | PHPDoc tag — link back to
     |         | openspec/specs/{capability}/spec.md#requirement-{slug}
--------------------------------------------------------------------------------


[1mFILE: ...enlinde/memcap-work/lq-lanes/sq-tails/lib/Service/BIKStaffelCalculator.php[0m
--------------------------------------------------------------------------------
[1mFOUND 0 ERRORS AND 1 WARNING AFFECTING 1 LINE[0m
--------------------------------------------------------------------------------
 350 | [33mWARNING[0m | Public method BIKStaffelCalculator::resolveRateOn() is missing
     |         | @spec PHPDoc tag — link back to
     |         | openspec/specs/{capability}/spec.md#requirement-{slug}
--------------------------------------------------------------------------------


[1mFILE: ...nde/memcap-work/lq-lanes/sq-tails/lib/Service/Booking/TimezoneResolver.php[0m
--------------------------------------------------------------------------------
[1mFOUND 0 ERRORS AND 1 WARNING AFFECTING 1 LINE[0m
--------------------------------------------------------------------------------
 77 | [33mWARNING[0m | Public method TimezoneResolver::resolve() is missing @spec
    |         | PHPDoc tag — link back to
    |         | openspec/specs/{capability}/spec.md#requirement-{slug}
--------------------------------------------------------------------------------


[1mFILE: ...enlinde/memcap-work/lq-lanes/sq-tails/lib/Service/ListenerSlugContract.php[0m
--------------------------------------------------------------------------------
[1mFOUND 0 ERRORS AND 2 WARNINGS AFFECTING 2 LINES[0m
--------------------------------------------------------------------------------
 57 | [33mWARNING[0m | Class ListenerSlugContract is missing @spec PHPDoc tag — link
    |         | back to openspec/specs/{capability}/spec.md#requirement-{slug},
    |         | not a change dir
 83 | [33mWARNING[0m | Public method ListenerSlugContract::isEnabled() is missing
    |         | @spec PHPDoc tag — link back to
    |         | openspec/specs/{capability}/spec.md#requirement-{slug}
--------------------------------------------------------------------------------


[1mFILE: ...e/memcap-work/lq-lanes/sq-tails/lib/Service/Booking/TransactionalGuard.php[0m
--------------------------------------------------------------------------------
[1mFOUND 0 ERRORS AND 6 WARNINGS AFFECTING 6 LINES[0m
--------------------------------------------------------------------------------
  44 | [33mWARNING[0m | Class TransactionalGuard is missing @spec PHPDoc tag — link
     |         | back to
     |         | openspec/specs/{capability}/spec.md#requirement-{slug}, not a
     |         | change dir
  70 | [33mWARNING[0m | Public method TransactionalGuard::beginTransaction() is
     |         | missing @spec PHPDoc tag — link back to
     |         | openspec/specs/{capability}/spec.md#requirement-{slug}
  84 | [33mWARNING[0m | Public method TransactionalGuard::commit() is missing @spec
     |         | PHPDoc tag — link back to
     |         | openspec/specs/{capability}/spec.md#requirement-{slug}
 101 | [33mWARNING[0m | Public method TransactionalGuard::rollBack() is missing @spec
     |         | PHPDoc tag — link back to
     |         | openspec/specs/{capability}/spec.md#requirement-{slug}
 118 | [33mWARNING[0m | Public method TransactionalGuard::inTransaction() is missing
     |         | @spec PHPDoc tag — link back to
     |         | openspec/specs/{capability}/spec.md#requirement-{slug}
 143 | [33mWARNING[0m | Public method TransactionalGuard::lockResourceRow() is missing
     |         | @spec PHPDoc tag — link back to
     |         | openspec/specs/{capability}/spec.md#requirement-{slug}
--------------------------------------------------------------------------------


[1mFILE: ...ork/lq-lanes/sq-tails/lib/Listener/ReconciliationMatchToReportListener.php[0m
--------------------------------------------------------------------------------
[1mFOUND 0 ERRORS AND 1 WARNING AFFECTING 1 LINE[0m
--------------------------------------------------------------------------------
 110 | [33mWARNING[0m | Public method ReconciliationMatchToReportListener::handle() is
     |         | missing @spec PHPDoc tag — link back to
     |         | openspec/specs/{capability}/spec.md#requirement-{slug}
--------------------------------------------------------------------------------


[1mFILE: ...de/memcap-work/lq-lanes/sq-tails/lib/Standards/Checks/IfrsUsGaapChecks.php[0m
--------------------------------------------------------------------------------
[1mFOUND 0 ERRORS AND 4 WARNINGS AFFECTING 4 LINES[0m
--------------------------------------------------------------------------------
  70 | [33mWARNING[0m | Class IfrsUsGaapChecks is missing @spec PHPDoc tag — link
     |         | back to
     |         | openspec/specs/{capability}/spec.md#requirement-{slug}, not a
     |         | change dir
 102 | [33mWARNING[0m | Public method IfrsUsGaapChecks::checks() is missing @spec
     |         | PHPDoc tag — link back to
     |         | openspec/specs/{capability}/spec.md#requirement-{slug}
 261 | [33mWARNING[0m | Public method IfrsUsGaapChecks::seedSpec() is missing @spec
     |         | PHPDoc tag — link back to
     |         | openspec/specs/{capability}/spec.md#requirement-{slug}
 384 | [33mWARNING[0m | Public method IfrsUsGaapChecks::seedObjects() is missing @spec
     |         | PHPDoc tag — link back to
     |         | openspec/specs/{capability}/spec.md#requirement-{slug}
--------------------------------------------------------------------------------


[1mFILE: ...cap-work/lq-lanes/sq-tails/lib/Service/CommercialActivityReviewService.php[0m
--------------------------------------------------------------------------------
[1mFOUND 0 ERRORS AND 2 WARNINGS AFFECTING 2 LINES[0m
--------------------------------------------------------------------------------
  64 | [33mWARNING[0m | Public method
     |         | CommercialActivityReviewService::reviewOverdueState() is
     |         | missing @spec PHPDoc tag — link back to
     |         | openspec/specs/{capability}/spec.md#requirement-{slug}
 111 | [33mWARNING[0m | Public method
     |         | CommercialActivityReviewService::composeReviewTask() is
     |         | missing @spec PHPDoc tag — link back to
     |         | openspec/specs/{capability}/spec.md#requirement-{slug}
--------------------------------------------------------------------------------


[1mFILE: ...cap-work/lq-lanes/sq-tails/lib/Standards/Checks/VatBbvLedgerTailChecks.php[0m
--------------------------------------------------------------------------------
[1mFOUND 0 ERRORS AND 4 WARNINGS AFFECTING 4 LINES[0m
--------------------------------------------------------------------------------
  77 | [33mWARNING[0m | Class VatBbvLedgerTailChecks is missing @spec PHPDoc tag —
     |         | link back to
     |         | openspec/specs/{capability}/spec.md#requirement-{slug}, not a
     |         | change dir
 138 | [33mWARNING[0m | Public method VatBbvLedgerTailChecks::checks() is missing
     |         | @spec PHPDoc tag — link back to
     |         | openspec/specs/{capability}/spec.md#requirement-{slug}
 270 | [33mWARNING[0m | Public method VatBbvLedgerTailChecks::seedSpec() is missing
     |         | @spec PHPDoc tag — link back to
     |         | openspec/specs/{capability}/spec.md#requirement-{slug}
 318 | [33mWARNING[0m | Public method VatBbvLedgerTailChecks::seedObjects() is missing
     |         | @spec PHPDoc tag — link back to
     |         | openspec/specs/{capability}/spec.md#requirement-{slug}
--------------------------------------------------------------------------------


[1mFILE: ...-work/lq-lanes/sq-tails/lib/Standards/Checks/FinancialStatementsChecks.php[0m
--------------------------------------------------------------------------------
[1mFOUND 0 ERRORS AND 4 WARNINGS AFFECTING 4 LINES[0m
--------------------------------------------------------------------------------
  57 | [33mWARNING[0m | Class FinancialStatementsChecks is missing @spec PHPDoc tag
     |         | — link back to
     |         | openspec/specs/{capability}/spec.md#requirement-{slug}, not a
     |         | change dir
  85 | [33mWARNING[0m | Public method FinancialStatementsChecks::checks() is missing
     |         | @spec PHPDoc tag — link back to
     |         | openspec/specs/{capability}/spec.md#requirement-{slug}
 232 | [33mWARNING[0m | Public method FinancialStatementsChecks::seedSpec() is missing
     |         | @spec PHPDoc tag — link back to
     |         | openspec/specs/{capability}/spec.md#requirement-{slug}
 244 | [33mWARNING[0m | Public method FinancialStatementsChecks::seedObjects() is
     |         | missing @spec PHPDoc tag — link back to
     |         | openspec/specs/{capability}/spec.md#requirement-{slug}
--------------------------------------------------------------------------------


[1mFILE: ...-work/lq-lanes/sq-tails/lib/Standards/Checks/InvoiceMentionsTailChecks.php[0m
--------------------------------------------------------------------------------
[1mFOUND 0 ERRORS AND 3 WARNINGS AFFECTING 3 LINES[0m
--------------------------------------------------------------------------------
  42 | [33mWARNING[0m | Class InvoiceMentionsTailChecks is missing @spec PHPDoc tag
     |         | — link back to
     |         | openspec/specs/{capability}/spec.md#requirement-{slug}, not a
     |         | change dir
  59 | [33mWARNING[0m | Public method InvoiceMentionsTailChecks::checks() is missing
     |         | @spec PHPDoc tag — link back to
     |         | openspec/specs/{capability}/spec.md#requirement-{slug}
 102 | [33mWARNING[0m | Public method InvoiceMentionsTailChecks::seedSpec() is missing
     |         | @spec PHPDoc tag — link back to
     |         | openspec/specs/{capability}/spec.md#requirement-{slug}
--------------------------------------------------------------------------------


[1mFILE: home/rubenlinde/memcap-work/lq-lanes/sq-tails/lib/Service/FluxService.php[0m
--------------------------------------------------------------------------------
[1mFOUND 0 ERRORS AND 2 WARNINGS AFFECTING 2 LINES[0m
--------------------------------------------------------------------------------
 467 | [33mWARNING[0m | Public method FluxService::renderNarrativeJson() is missing
     |         | @spec PHPDoc tag — link back to
     |         | openspec/specs/{capability}/spec.md#requirement-{slug}
 482 | [33mWARNING[0m | Public method FluxService::renderNarrativePdfBody() is missing
     |         | @spec PHPDoc tag — link back to
     |         | openspec/specs/{capability}/spec.md#requirement-{slug}
--------------------------------------------------------------------------------


[1mFILE: ...ork/lq-lanes/sq-tails/lib/Standards/Checks/NationalReportingTailChecks.php[0m
--------------------------------------------------------------------------------
[1mFOUND 0 ERRORS AND 3 WARNINGS AFFECTING 3 LINES[0m
--------------------------------------------------------------------------------
  62 | [33mWARNING[0m | Class NationalReportingTailChecks is missing @spec PHPDoc tag
     |         | — link back to
     |         | openspec/specs/{capability}/spec.md#requirement-{slug}, not a
     |         | change dir
  69 | [33mWARNING[0m | Public method NationalReportingTailChecks::checks() is missing
     |         | @spec PHPDoc tag — link back to
     |         | openspec/specs/{capability}/spec.md#requirement-{slug}
 214 | [33mWARNING[0m | Public method NationalReportingTailChecks::seedSpec() is
     |         | missing @spec PHPDoc tag — link back to
     |         | openspec/specs/{capability}/spec.md#requirement-{slug}
--------------------------------------------------------------------------------


[1mFILE: ...linde/memcap-work/lq-lanes/sq-tails/lib/Standards/Checks/CheckProvider.php[0m
--------------------------------------------------------------------------------
[1mFOUND 0 ERRORS AND 2 WARNINGS AFFECTING 2 LINES[0m
--------------------------------------------------------------------------------
 42 | [33mWARNING[0m | Public method CheckProvider::checks() is missing @spec PHPDoc
    |         | tag — link back to
    |         | openspec/specs/{capability}/spec.md#requirement-{slug}
 51 | [33mWARNING[0m | Public method CheckProvider::seedSpec() is missing @spec PHPDoc
    |         | tag — link back to
    |         | openspec/specs/{capability}/spec.md#requirement-{slug}
--------------------------------------------------------------------------------


[1mFILE: ...emcap-work/lq-lanes/sq-tails/lib/Service/Treasury/TreasuryRateSnapshot.php[0m
--------------------------------------------------------------------------------
[1mFOUND 0 ERRORS AND 3 WARNINGS AFFECTING 3 LINES[0m
--------------------------------------------------------------------------------
 61 | [33mWARNING[0m | Public method TreasuryRateSnapshot::isLive() is missing @spec
    |         | PHPDoc tag — link back to
    |         | openspec/specs/{capability}/spec.md#requirement-{slug}
 70 | [33mWARNING[0m | Public method TreasuryRateSnapshot::isDormant() is missing
    |         | @spec PHPDoc tag — link back to
    |         | openspec/specs/{capability}/spec.md#requirement-{slug}
 81 | [33mWARNING[0m | Public method TreasuryRateSnapshot::asFloat() is missing @spec
    |         | PHPDoc tag — link back to
    |         | openspec/specs/{capability}/spec.md#requirement-{slug}
--------------------------------------------------------------------------------


[1mFILE: ...de/memcap-work/lq-lanes/sq-tails/lib/Standards/Checks/AmlBankingChecks.php[0m
--------------------------------------------------------------------------------
[1mFOUND 0 ERRORS AND 4 WARNINGS AFFECTING 4 LINES[0m
--------------------------------------------------------------------------------
  68 | [33mWARNING[0m | Class AmlBankingChecks is missing @spec PHPDoc tag — link
     |         | back to
     |         | openspec/specs/{capability}/spec.md#requirement-{slug}, not a
     |         | change dir
  77 | [33mWARNING[0m | Public method AmlBankingChecks::checks() is missing @spec
     |         | PHPDoc tag — link back to
     |         | openspec/specs/{capability}/spec.md#requirement-{slug}
 243 | [33mWARNING[0m | Public method AmlBankingChecks::seedSpec() is missing @spec
     |         | PHPDoc tag — link back to
     |         | openspec/specs/{capability}/spec.md#requirement-{slug}
 266 | [33mWARNING[0m | Public method AmlBankingChecks::seedObjects() is missing @spec
     |         | PHPDoc tag — link back to
     |         | openspec/specs/{capability}/spec.md#requirement-{slug}
--------------------------------------------------------------------------------


[1mFILE: ...memcap-work/lq-lanes/sq-tails/lib/Service/Treasury/TreasuryRateService.php[0m
--------------------------------------------------------------------------------
[1mFOUND 0 ERRORS AND 4 WARNINGS AFFECTING 4 LINES[0m
--------------------------------------------------------------------------------
 106 | [33mWARNING[0m | Public method TreasuryRateService::getReferenceRate() is
     |         | missing @spec PHPDoc tag — link back to
     |         | openspec/specs/{capability}/spec.md#requirement-{slug}
 136 | [33mWARNING[0m | Public method TreasuryRateService::getFxSpot() is missing
     |         | @spec PHPDoc tag — link back to
     |         | openspec/specs/{capability}/spec.md#requirement-{slug}
 168 | [33mWARNING[0m | Public method TreasuryRateService::hasLiveSnapshotSource() is
     |         | missing @spec PHPDoc tag — link back to
     |         | openspec/specs/{capability}/spec.md#requirement-{slug}
 177 | [33mWARNING[0m | Public method TreasuryRateService::resetCache() is missing
     |         | @spec PHPDoc tag — link back to
     |         | openspec/specs/{capability}/spec.md#requirement-{slug}
--------------------------------------------------------------------------------


[1mFILE: ...emcap-work/lq-lanes/sq-tails/lib/Standards/Checks/ComplianceTailChecks.php[0m
--------------------------------------------------------------------------------
[1mFOUND 0 ERRORS AND 4 WARNINGS AFFECTING 4 LINES[0m
--------------------------------------------------------------------------------
  72 | [33mWARNING[0m | Class ComplianceTailChecks is missing @spec PHPDoc tag —
     |         | link back to
     |         | openspec/specs/{capability}/spec.md#requirement-{slug}, not a
     |         | change dir
  78 | [33mWARNING[0m | Public method ComplianceTailChecks::checks() is missing @spec
     |         | PHPDoc tag — link back to
     |         | openspec/specs/{capability}/spec.md#requirement-{slug}
 156 | [33mWARNING[0m | Public method ComplianceTailChecks::seedSpec() is missing
     |         | @spec PHPDoc tag — link back to
     |         | openspec/specs/{capability}/spec.md#requirement-{slug}
 176 | [33mWARNING[0m | Public method ComplianceTailChecks::seedObjects() is missing
     |         | @spec PHPDoc tag — link back to
     |         | openspec/specs/{capability}/spec.md#requirement-{slug}
--------------------------------------------------------------------------------


[1mFILE: ...nde/memcap-work/lq-lanes/sq-tails/lib/Standards/Checks/FinalTailChecks.php[0m
--------------------------------------------------------------------------------
[1mFOUND 0 ERRORS AND 4 WARNINGS AFFECTING 4 LINES[0m
--------------------------------------------------------------------------------
  43 | [33mWARNING[0m | Class FinalTailChecks is missing @spec PHPDoc tag — link
     |         | back to
     |         | openspec/specs/{capability}/spec.md#requirement-{slug}, not a
     |         | change dir
  49 | [33mWARNING[0m | Public method FinalTailChecks::checks() is missing @spec
     |         | PHPDoc tag — link back to
     |         | openspec/specs/{capability}/spec.md#requirement-{slug}
  91 | [33mWARNING[0m | Public method FinalTailChecks::seedSpec() is missing @spec
     |         | PHPDoc tag — link back to
     |         | openspec/specs/{capability}/spec.md#requirement-{slug}
 107 | [33mWARNING[0m | Public method FinalTailChecks::seedObjects() is missing @spec
     |         | PHPDoc tag — link back to
     |         | openspec/specs/{capability}/spec.md#requirement-{slug}
--------------------------------------------------------------------------------


[1mFILE: ...ork/lq-lanes/sq-tails/lib/Standards/Checks/PublicSectorIpsasGasbChecks.php[0m
--------------------------------------------------------------------------------
[1mFOUND 0 ERRORS AND 4 WARNINGS AFFECTING 4 LINES[0m
--------------------------------------------------------------------------------
  65 | [33mWARNING[0m | Class PublicSectorIpsasGasbChecks is missing @spec PHPDoc tag
     |         | — link back to
     |         | openspec/specs/{capability}/spec.md#requirement-{slug}, not a
     |         | change dir
 116 | [33mWARNING[0m | Public method PublicSectorIpsasGasbChecks::checks() is missing
     |         | @spec PHPDoc tag — link back to
     |         | openspec/specs/{capability}/spec.md#requirement-{slug}
 290 | [33mWARNING[0m | Public method PublicSectorIpsasGasbChecks::seedSpec() is
     |         | missing @spec PHPDoc tag — link back to
     |         | openspec/specs/{capability}/spec.md#requirement-{slug}
 302 | [33mWARNING[0m | Public method PublicSectorIpsasGasbChecks::seedObjects() is
     |         | missing @spec PHPDoc tag — link back to
     |         | openspec/specs/{capability}/spec.md#requirement-{slug}
--------------------------------------------------------------------------------


[1mFILE: ...mcap-work/lq-lanes/sq-tails/lib/Standards/Checks/LedgerIntegrityChecks.php[0m
--------------------------------------------------------------------------------
[1mFOUND 0 ERRORS AND 3 WARNINGS AFFECTING 3 LINES[0m
--------------------------------------------------------------------------------
  53 | [33mWARNING[0m | Class LedgerIntegrityChecks is missing @spec PHPDoc tag —
     |         | link back to
     |         | openspec/specs/{capability}/spec.md#requirement-{slug}, not a
     |         | change dir
  61 | [33mWARNING[0m | Public method LedgerIntegrityChecks::checks() is missing @spec
     |         | PHPDoc tag — link back to
     |         | openspec/specs/{capability}/spec.md#requirement-{slug}
 160 | [33mWARNING[0m | Public method LedgerIntegrityChecks::seedSpec() is missing
     |         | @spec PHPDoc tag — link back to
     |         | openspec/specs/{capability}/spec.md#requirement-{slug}
--------------------------------------------------------------------------------

Time: 4.43 secs; Memory: 8MB

=== phpmd ===

=== psalm ===
Problem parsing /home/rubenlinde/memcap-work/lq-lanes/sq-tails/psalm.xml:
  Cannot resolve stubfile path /home/rubenlinde/memcap-work/lq-lanes/sq-tails/vendor/conduction/hydra-gates/hydra-gates/contracts/RegisterSlugResolution.php
Script if [ -f vendor/bin/psalm ]; then ./vendor/bin/psalm --threads=1 --no-cache --memory-limit=2G; else echo 'Psalm not installed, skipping...'; fi handling the psalm event returned with error code 1

=== phpstan ===
Note: Using configuration file /home/rubenlinde/memcap-work/lq-lanes/sq-tails/phpstan.neon.
   0/763 [░░░░░░░░░░░░░░░░░░░░░░░░░░░░]   0%
 240/763 [▓▓▓▓▓▓▓▓░░░░░░░░░░░░░░░░░░░░]  31%
 611/763 [▓▓▓▓▓▓▓▓▓▓▓▓▓▓▓▓▓▓▓▓▓▓░░░░░░]  80%
 763/763 [▓▓▓▓▓▓▓▓▓▓▓▓▓▓▓▓▓▓▓▓▓▓▓▓▓▓▓▓] 100%


 [OK] No errors                                                                 


=== test:all ===
PHPUnit 10.5.63 by Sebastian Bergmann and contributors.

Runtime:       PHP 8.3.6
Configuration: /home/rubenlinde/memcap-work/lq-lanes/sq-tails/phpunit-unit.xml

.............................................................   61 / 5409 (  1%)
.............................................................  122 / 5409 (  2%)
.............................................................  183 / 5409 (  3%)
.............................................................  244 / 5409 (  4%)
.............................................................  305 / 5409 (  5%)
.............................................................  366 / 5409 (  6%)
.............................................................  427 / 5409 (  7%)
.............................................................  488 / 5409 (  9%)
.............................................................  549 / 5409 ( 10%)
.............................................................  610 / 5409 ( 11%)
.............................................................  671 / 5409 ( 12%)
.............................................................  732 / 5409 ( 13%)
.............................................................  793 / 5409 ( 14%)
.............................................................  854 / 5409 ( 15%)
.............................................................  915 / 5409 ( 16%)
.............................................................  976 / 5409 ( 18%)
............................................................. 1037 / 5409 ( 19%)
............................................................. 1098 / 5409 ( 20%)
............................................................. 1159 / 5409 ( 21%)
............................................................. 1220 / 5409 ( 22%)
............................................................. 1281 / 5409 ( 23%)
............................................................. 1342 / 5409 ( 24%)
............................................................. 1403 / 5409 ( 25%)
............................................................. 1464 / 5409 ( 27%)
............................................................. 1525 / 5409 ( 28%)
............................................................. 1586 / 5409 ( 29%)
............................................................. 1647 / 5409 ( 30%)
............................................................. 1708 / 5409 ( 31%)
............................................................. 1769 / 5409 ( 32%)
............................................................. 1830 / 5409 ( 33%)
............................................................. 1891 / 5409 ( 34%)
............................................................. 1952 / 5409 ( 36%)
............................................................. 2013 / 5409 ( 37%)
............................................................. 2074 / 5409 ( 38%)
............................................................. 2135 / 5409 ( 39%)
............................................................. 2196 / 5409 ( 40%)
............................................................. 2257 / 5409 ( 41%)
............................................................. 2318 / 5409 ( 42%)
............................................................. 2379 / 5409 ( 43%)
............................................................. 2440 / 5409 ( 45%)
............................................................. 2501 / 5409 ( 46%)
............................................................. 2562 / 5409 ( 47%)
............................................................. 2623 / 5409 ( 48%)
............................................................. 2684 / 5409 ( 49%)
............................................................. 2745 / 5409 ( 50%)
............................................................. 2806 / 5409 ( 51%)
............................................................. 2867 / 5409 ( 53%)
............................................................. 2928 / 5409 ( 54%)
............................................................. 2989 / 5409 ( 55%)
............................................................. 3050 / 5409 ( 56%)
............................................................. 3111 / 5409 ( 57%)
............................................................. 3172 / 5409 ( 58%)
............................................................. 3233 / 5409 ( 59%)
............................................................. 3294 / 5409 ( 60%)
............................................................. 3355 / 5409 ( 62%)
............................................................. 3416 / 5409 ( 63%)
............................................................. 3477 / 5409 ( 64%)
............................................................. 3538 / 5409 ( 65%)
............................................................. 3599 / 5409 ( 66%)
............................................................. 3660 / 5409 ( 67%)
............................................................. 3721 / 5409 ( 68%)
............................................................. 3782 / 5409 ( 69%)
............................................................. 3843 / 5409 ( 71%)
............................................................. 3904 / 5409 ( 72%)
............................................................. 3965 / 5409 ( 73%)
............................................................. 4026 / 5409 ( 74%)
............................................................. 4087 / 5409 ( 75%)
............................................................. 4148 / 5409 ( 76%)
............................................................. 4209 / 5409 ( 77%)
............................................................. 4270 / 5409 ( 78%)
............................................................. 4331 / 5409 ( 80%)
............................................................. 4392 / 5409 ( 81%)
............................................................. 4453 / 5409 ( 82%)
............................................................. 4514 / 5409 ( 83%)
............................................................. 4575 / 5409 ( 84%)
............................................................. 4636 / 5409 ( 85%)
............................................................. 4697 / 5409 ( 86%)
............................................................. 4758 / 5409 ( 87%)
............................................................. 4819 / 5409 ( 89%)
............................................................. 4880 / 5409 ( 90%)
............................................................. 4941 / 5409 ( 91%)
............................................................. 5002 / 5409 ( 92%)
............................................................. 5063 / 5409 ( 93%)
............................................................. 5124 / 5409 ( 94%)
............................................................. 5185 / 5409 ( 95%)
............................................................. 5246 / 5409 ( 96%)
............................................................. 5307 / 5409 ( 98%)
............................................................. 5368 / 5409 ( 99%)
.........................................                     5409 / 5409 (100%)

Time: 05:35.538, Memory: 170.50 MB

[30;42mOK (5409 tests, 49439 assertions)[0m

SOME CHECKS FAILED (see above)
Script E=0; for CMD in lint phpcs phpmd psalm phpstan test:all; do echo; echo "=== $CMD ==="; composer $CMD || E=1; done; echo; if [ $E -eq 0 ]; then echo "ALL CHECKS PASSED"; else echo "SOME CHECKS FAILED (see above)"; fi; exit $E handling the check:strict event returned with error code 1
EXIT 1
